{
"type": "FeatureCollection",
"name": "zfmt_ocupaciones_irregulares",
"crs": { "type": "name", "properties": { "name": "urn:ogc:def:crs:EPSG::32612" } },
"features": [
{"type":"Feature","properties":{"fid":1,"Clave":"ZFMT-221-249-23","ID":191,"NOMBRE DEL OCUPANTE IRREGULAR":"HSBC FIDUCIARIO DE LYNN DRESS Y/O ROBERT LOUIS DRESS","ID-OCUPACION":"10-lba-zf","ID - Actualizado":249,"ZONA":"LBA","X":627343.4332,"Y":2637966.336,"TIPO DE USO":"General","ZF":417.9081,"TGM":null,"TOTAL":417.9081,"TIPO DE USO APLICABLE":80.99,"TARIFA ANUAL":33846.377019,"IMPORTE BIMESTRAL":5641.0628365000002,"DEBE DESDE":null,"DEBE HASTA":null,"OBSERVACIONES":null},"geometry":{"type":"MultiPolygon","coordinates":[[[[627329.124380457215011,2637971.167178797069937],[627346.856804765993729,2637980.406291824299842],[627356.759116774308495,2637961.691936285700649],[627338.757288998458534,2637952.950360016431659],[627329.124380457215011,2637971.167178797069937]]]]}},
{"type":"Feature","properties":{"fid":2,"Clave":"ZFMT-246-420-23","ID":363,"NOMBRE DEL OCUPANTE IRREGULAR":"NULL","ID-OCUPACION":"100-lba-tgm","ID - Actualizado":420,"ZONA":"LBA","X":632975.1423,"Y":2619939.47,"TIPO DE USO":"General","ZF":null,"TGM":1754.0732,"TOTAL":1754.0732,"TIPO DE USO APLICABLE":80.99,"TARIFA ANUAL":142062.38846799999,"IMPORTE BIMESTRAL":23677.064744666699,"DEBE DESDE":null,"DEBE HASTA":null,"OBSERVACIONES":null},"geometry":{"type":"MultiPolygon","coordinates":[[[[632939.317172602983192,2619950.889248644001782],[633014.735209559788927,2619952.457191200461239],[633014.893867320730351,2619939.263180269859731],[633014.989113450865261,2619931.100463806651533],[632937.717456288519315,2619926.255322060082108],[632939.317172602983192,2619950.889248644001782]]]]}},
{"type":"Feature","properties":{"fid":3,"Clave":"ZFMT-246-421-23","ID":364,"NOMBRE DEL OCUPANTE IRREGULAR":"RAUSHA INC","ID-OCUPACION":"101-lba-tgm","ID - Actualizado":421,"ZONA":"LBA","X":632975.3476,"Y":2619924.075,"TIPO DE USO":"General","ZF":null,"TGM":675.4999,"TOTAL":675.4999,"TIPO DE USO APLICABLE":80.99,"TARIFA ANUAL":54708.736900999997,"IMPORTE BIMESTRAL":9118.1228168333291,"DEBE DESDE":null,"DEBE HASTA":null,"OBSERVACIONES":null},"geometry":{"type":"MultiPolygon","coordinates":[[[[632937.717456288519315,2619926.255322060082108],[633014.989113450865261,2619931.100463806651533],[633015.101362466346473,2619921.480578089132905],[632937.210419615497813,2619918.447497594635934],[632937.717456288519315,2619926.255322060082108]]]]}},
{"type":"Feature","properties":{"fid":4,"Clave":"ZFMT-246-422-23","ID":365,"NOMBRE DEL OCUPANTE IRREGULAR":"THOMAS PATRICK ARDEN Y COP","ID-OCUPACION":"102-lba-tgm","ID - Actualizado":422,"ZONA":"LBA","X":632972.6792,"Y":2619915.249,"TIPO DE USO":"General","ZF":null,"TGM":704.4499,"TOTAL":704.4499,"TIPO DE USO APLICABLE":80.99,"TARIFA ANUAL":57053.397401000002,"IMPORTE BIMESTRAL":9508.89956683333,"DEBE DESDE":null,"DEBE HASTA":null,"OBSERVACIONES":null},"geometry":{"type":"MultiPolygon","coordinates":[[[[632937.210419615497813,2619918.447497594635934],[633015.101362466346473,2619921.480578089132905],[633015.194286171346903,2619913.516896457411349],[632936.557070609647781,2619908.386619114782661],[632937.210419615497813,2619918.447497594635934]]]]}},
{"type":"Feature","properties":{"fid":5,"Clave":"ZFMT-246-423-23","ID":366,"NOMBRE DEL OCUPANTE IRREGULAR":"NULL","ID-OCUPACION":"103-lba-tgm","ID - Actualizado":423,"ZONA":"LBA","X":632974.3213,"Y":2619890.412,"TIPO DE USO":"General","ZF":null,"TGM":2440.312,"TOTAL":2440.312,"TIPO DE USO APLICABLE":80.99,"TARIFA ANUAL":197640.86888,"IMPORTE BIMESTRAL":32940.144813333303,"DEBE DESDE":null,"DEBE HASTA":null,"OBSERVACIONES":null},"geometry":{"type":"MultiPolygon","coordinates":[[[[632936.218450448475778,2619903.172229466959834],[633015.25324584718328,2619908.463976027444005],[633015.306404991308227,2619903.908168666996062],[633015.03148175298702,2619876.984346908051521],[632934.29127831000369,2619873.495832130778581],[632936.218450448475778,2619903.172229466959834]]]]}},
{"type":"Feature","properties":{"fid":6,"Clave":"ZFMT-234-358-23","ID":299,"NOMBRE DEL OCUPANTE IRREGULAR":"JOHN JOSEPH PAULSON JR","ID-OCUPACION":"103-lba-zf","ID - Actualizado":358,"ZONA":"LBA","X":631826.1263,"Y":2623872.532,"TIPO DE USO":"General","ZF":544.0916,"TGM":null,"TOTAL":544.0916,"TIPO DE USO APLICABLE":80.99,"TARIFA ANUAL":44065.978684000002,"IMPORTE BIMESTRAL":7344.3297806666696,"DEBE DESDE":null,"DEBE HASTA":null,"OBSERVACIONES":null},"geometry":{"type":"MultiPolygon","coordinates":[[[[631813.046615674044006,2623880.934851145837456],[631815.133755261544138,2623882.457335866987705],[631830.995857861591503,2623890.33546610083431],[631834.985566306044348,2623878.355490616057068],[631840.513221095199697,2623863.244421172421426],[631821.466851922217757,2623857.09425279032439],[631816.10246266471222,2623871.758999714162201],[631813.046615674044006,2623880.934851145837456]]]]}},
{"type":"Feature","properties":{"fid":7,"Clave":"ZFMT-246-424-23","ID":367,"NOMBRE DEL OCUPANTE IRREGULAR":"PRISCILA DIANE LA LONE","ID-OCUPACION":"104-lba-tgm","ID - Actualizado":424,"ZONA":"LBA","X":632973.5002,"Y":2619859.212,"TIPO DE USO":"General","ZF":null,"TGM":2750.813,"TOTAL":2750.813,"TIPO DE USO APLICABLE":80.99,"TARIFA ANUAL":222788.34487,"IMPORTE BIMESTRAL":37131.390811666701,"DEBE DESDE":null,"DEBE HASTA":null,"OBSERVACIONES":null},"geometry":{"type":"MultiPolygon","coordinates":[[[[632934.29127831000369,2619873.495832130778581],[633015.03148175298702,2619876.984346908051521],[633014.918870572000742,2619865.956092675216496],[633019.466637009638362,2619845.408630673773587],[632932.667171108652838,2619839.049065845552832],[632933.49,2619861.157000000122935],[632934.29127831000369,2619873.495832130778581]]]]}},
{"type":"Feature","properties":{"fid":8,"Clave":"ZFMT-234-359-23","ID":300,"NOMBRE DEL OCUPANTE IRREGULAR":"NULL","ID-OCUPACION":"104-lba-zf","ID - Actualizado":359,"ZONA":"LBA","X":631837.8633,"Y":2623820.481,"TIPO DE USO":"Protección","ZF":564.3635,"TGM":null,"TOTAL":564.3635,"TIPO DE USO APLICABLE":28.19,"TARIFA ANUAL":15909.407065,"IMPORTE BIMESTRAL":2651.5678441666701,"DEBE DESDE":null,"DEBE HASTA":null,"OBSERVACIONES":null},"geometry":{"type":"MultiPolygon","coordinates":[[[[631830.851136911194772,2623804.535126988776028],[631828.052882687770762,2623818.206391146872193],[631826.004553685314022,2623832.970644244458526],[631845.636444147210568,2623837.004704103339463],[631847.775111821247265,2623821.589294347912073],[631850.17979896266479,2623809.84085741546005],[631830.851136911194772,2623804.535126988776028]]]]}},
{"type":"Feature","properties":{"fid":9,"Clave":"ZFMT-234-360-23","ID":301,"NOMBRE DEL OCUPANTE IRREGULAR":"OAKLEY GEORGE PARKER Y COP","ID-OCUPACION":"105-lba-zf","ID - Actualizado":360,"ZONA":"LBA","X":631843.0939,"Y":2623795.986,"TIPO DE USO":"General","ZF":468.7581,"TGM":null,"TOTAL":468.7581,"TIPO DE USO APLICABLE":80.99,"TARIFA ANUAL":37964.718519000002,"IMPORTE BIMESTRAL":6327.4530864999997,"DEBE DESDE":null,"DEBE HASTA":null,"OBSERVACIONES":null},"geometry":{"type":"MultiPolygon","coordinates":[[[[631835.554784546140581,2623781.692877922207117],[631835.385458130389452,2623782.382063609082252],[631830.851136911194772,2623804.535126988776028],[631850.17979896266479,2623809.84085741546005],[631854.899414620595053,2623786.782512070145458],[631835.554784546140581,2623781.692877922207117]]]]}},
{"type":"Feature","properties":{"fid":10,"Clave":"ZFMT-246-425-23","ID":368,"NOMBRE DEL OCUPANTE IRREGULAR":"NULL","ID-OCUPACION":"105-lba-tgm","ID - Actualizado":425,"ZONA":"LBA","X":632974.116,"Y":2619820.418,"TIPO DE USO":"General","ZF":null,"TGM":1030.0794,"TOTAL":1030.0794,"TIPO DE USO APLICABLE":80.99,"TARIFA ANUAL":83426.130606000006,"IMPORTE BIMESTRAL":13904.355101,"DEBE DESDE":null,"DEBE HASTA":null,"OBSERVACIONES":null},"geometry":{"type":"MultiPolygon","coordinates":[[[[632932.505917981383391,2619834.716483996715397],[632967.796179476310499,2619836.04883656045422],[632967.151286117499694,2619805.093955340795219],[632931.498231878620572,2619807.641768652945757],[632932.505917981383391,2619834.716483996715397]]]]}},
{"type":"Feature","properties":{"fid":11,"Clave":"ZFMT-234-361-23","ID":302,"NOMBRE DEL OCUPANTE IRREGULAR":"VICTOR ALAN MAUS Y COP","ID-OCUPACION":"106-lba-zf","ID - Actualizado":361,"ZONA":"LBA","X":631847.4315,"Y":2623774.043,"TIPO DE USO":"General","ZF":430.8931,"TGM":null,"TOTAL":430.8931,"TIPO DE USO APLICABLE":80.99,"TARIFA ANUAL":34898.032168999998,"IMPORTE BIMESTRAL":5816.33869483333,"DEBE DESDE":null,"DEBE HASTA":null,"OBSERVACIONES":null},"geometry":{"type":"MultiPolygon","coordinates":[[[[631840.937124020187184,2623759.861146551091224],[631835.554784546140581,2623781.692877922207117],[631854.899414620595053,2623786.782512070145458],[631859.826911660959013,2623766.793601604178548],[631840.937124020187184,2623759.861146551091224]]]]}},
{"type":"Feature","properties":{"fid":12,"Clave":"ZFMT-246-426-23","ID":369,"NOMBRE DEL OCUPANTE IRREGULAR":"NULL","ID-OCUPACION":"106-lba-tgm","ID - Actualizado":426,"ZONA":"LBA","X":632973.2949,"Y":2619794.965,"TIPO DE USO":"General","ZF":null,"TGM":1761.7161,"TOTAL":1761.7161,"TIPO DE USO APLICABLE":80.99,"TARIFA ANUAL":142681.38693899999,"IMPORTE BIMESTRAL":23780.231156500002,"DEBE DESDE":null,"DEBE HASTA":null,"OBSERVACIONES":null},"geometry":{"type":"MultiPolygon","coordinates":[[[[632931.498231878620572,2619807.641768652945757],[633021.001934413914569,2619801.245718449819833],[633020.882105895550922,2619799.127552344929427],[633016.091797569184564,2619781.415101100225002],[632929.235721521545202,2619788.005348115693778],[632931.191000000108033,2619799.387000000104308],[632931.498231878620572,2619807.641768652945757]]]]}},
{"type":"Feature","properties":{"fid":13,"Clave":"ZFMT-234-362-23","ID":303,"NOMBRE DEL OCUPANTE IRREGULAR":"CHERISSE HOLLINGSWORTH Y COP","ID-OCUPACION":"107-lba-zf","ID - Actualizado":362,"ZONA":"LBA","X":631853.6827,"Y":2623749.931,"TIPO DE USO":"General","ZF":552.0447,"TGM":null,"TOTAL":552.0447,"TIPO DE USO APLICABLE":80.99,"TARIFA ANUAL":44710.100252999997,"IMPORTE BIMESTRAL":7451.6833754999998,"DEBE DESDE":null,"DEBE HASTA":null,"OBSERVACIONES":null},"geometry":{"type":"MultiPolygon","coordinates":[[[[631847.977336806594394,2623733.863862942904234],[631844.056914320797659,2623747.205388816073537],[631840.937124020187184,2623759.861146551091224],[631859.826911660959013,2623766.793601604178548],[631863.369997692992911,2623752.420700224116445],[631867.156497315852903,2623739.534925056621432],[631853.667339111445472,2623735.535876564215869],[631847.977336806594394,2623733.863862942904234]]]]}},
{"type":"Feature","properties":{"fid":14,"Clave":"ZFMT-246-427-23","ID":370,"NOMBRE DEL OCUPANTE IRREGULAR":"NULL","ID-OCUPACION":"107-lba-tgm","ID - Actualizado":427,"ZONA":"LBA","X":632968.9844,"Y":2619774.439,"TIPO DE USO":"General","ZF":null,"TGM":1697.7741,"TOTAL":1697.7741,"TIPO DE USO APLICABLE":80.99,"TARIFA ANUAL":137502.72435900001,"IMPORTE BIMESTRAL":22917.120726500001,"DEBE DESDE":null,"DEBE HASTA":null,"OBSERVACIONES":null},"geometry":{"type":"MultiPolygon","coordinates":[[[[632929.235721521545202,2619788.005348115693778],[633016.091797569184564,2619781.415101100225002],[633011.855074553983286,2619765.749564618803561],[633011.170513586956076,2619762.583345865365118],[632925.794148183311336,2619767.971992202568799],[632929.235721521545202,2619788.005348115693778]]]]}},
{"type":"Feature","properties":{"fid":15,"Clave":"ZFMT-234-363-23","ID":304,"NOMBRE DEL OCUPANTE IRREGULAR":"FIOL GONZALEZ GLORIA ESTHER","ID-OCUPACION":"108-lba-zf","ID - Actualizado":363,"ZONA":"LBA","X":631882.2598,"Y":2623668.92,"TIPO DE USO":"General","ZF":1888.7413,"TGM":null,"TOTAL":1888.7413,"TIPO DE USO APLICABLE":80.99,"TARIFA ANUAL":152969.15788700001,"IMPORTE BIMESTRAL":25494.859647833298,"DEBE DESDE":null,"DEBE HASTA":null,"OBSERVACIONES":null},"geometry":{"type":"MultiPolygon","coordinates":[[[[631855.047817095764913,2623710.234548986889422],[631873.45955037616659,2623718.085107909981161],[631886.022577542345971,2623685.069114769808948],[631900.674593997886404,2623652.329595625866205],[631911.351739470730536,2623632.455308829434216],[631897.85658777365461,2623625.669522461947054],[631893.548182216705754,2623623.334653826896101],[631882.714362655300647,2623643.500571541022509],[631867.533591833198443,2623677.421577462926507],[631855.047817095764913,2623710.234548986889422]]]]}},
{"type":"Feature","properties":{"fid":16,"Clave":"ZFMT-246-428-23","ID":371,"NOMBRE DEL OCUPANTE IRREGULAR":"NULL","ID-OCUPACION":"108-lba-tgm","ID - Actualizado":428,"ZONA":"LBA","X":632964.8792,"Y":2619755.965,"TIPO DE USO":"General","ZF":null,"TGM":1549.5766,"TOTAL":1549.5766,"TIPO DE USO APLICABLE":80.99,"TARIFA ANUAL":125500.208834,"IMPORTE BIMESTRAL":20916.701472333301,"DEBE DESDE":null,"DEBE HASTA":null,"OBSERVACIONES":null},"geometry":{"type":"MultiPolygon","coordinates":[[[[632925.794148183311336,2619767.971992202568799],[633011.170513586956076,2619762.583345865365118],[633006.931866289931349,2619742.978832596447319],[632923.844330614898354,2619751.411597410682589],[632924.062999999965541,2619757.895],[632925.794148183311336,2619767.971992202568799]]]]}},
{"type":"Feature","properties":{"fid":17,"Clave":"ZFMT-234-364-23","ID":305,"NOMBRE DEL OCUPANTE IRREGULAR":"JEANNINE MICHELLE GALLANT Y COP","ID-OCUPACION":"109-lba-zf","ID - Actualizado":364,"ZONA":"LBA","X":631908.5405,"Y":2623616.614,"TIPO DE USO":"General","ZF":474.5095,"TGM":null,"TOTAL":474.5095,"TIPO DE USO APLICABLE":80.99,"TARIFA ANUAL":38430.524404999996,"IMPORTE BIMESTRAL":6405.0874008333303,"DEBE DESDE":null,"DEBE HASTA":null,"OBSERVACIONES":null},"geometry":{"type":"MultiPolygon","coordinates":[[[[631893.548182216705754,2623623.334653826896101],[631897.85658777365461,2623625.669522461947054],[631911.351739470730536,2623632.455308829434216],[631917.295874555595219,2623621.390980288852006],[631922.6061244122684,2623612.622126073110849],[631909.985058168298565,2623604.7228669449687],[631905.612042457330972,2623602.074652534909546],[631899.921328804688528,2623611.471769371069968],[631893.548182216705754,2623623.334653826896101]]]]}},
{"type":"Feature","properties":{"fid":18,"Clave":"ZFMT-246-429-23","ID":372,"NOMBRE DEL OCUPANTE IRREGULAR":"NULL","ID-OCUPACION":"109-lba-tgm","ID - Actualizado":429,"ZONA":"LBA","X":632963.2371,"Y":2619732.155,"TIPO DE USO":"General","ZF":null,"TGM":1966.7906,"TOTAL":1966.7906,"TIPO DE USO APLICABLE":80.99,"TARIFA ANUAL":159290.37069400001,"IMPORTE BIMESTRAL":26548.395115666699,"DEBE DESDE":null,"DEBE HASTA":null,"OBSERVACIONES":null},"geometry":{"type":"MultiPolygon","coordinates":[[[[632923.727353886933997,2619747.943314821925014],[633006.516558286733925,2619741.057957683224231],[633004.332656296086498,2619730.957014491781592],[633002.967118676519021,2619725.347653706092387],[633001.062692875857465,2619717.524645937606692],[632922.891236611059867,2619723.152990788687021],[632922.965257248142734,2619725.347653706092387],[632923.727353886933997,2619747.943314821925014]]]]}},
{"type":"Feature","properties":{"fid":19,"Clave":"ZFMT-221-251-23","ID":193,"NOMBRE DEL OCUPANTE IRREGULAR":"JASON WYLIE SMITH Y MILINDA JOY SMITH","ID-OCUPACION":"11-lba-zf","ID - Actualizado":251,"ZONA":"LBA","X":627587.0001,"Y":2637706.827,"TIPO DE USO":"General","ZF":1144.8407,"TGM":null,"TOTAL":1144.8407,"TIPO DE USO APLICABLE":80.99,"TARIFA ANUAL":92720.648293000006,"IMPORTE BIMESTRAL":15453.4413821667,"DEBE DESDE":null,"DEBE HASTA":null,"OBSERVACIONES":null},"geometry":{"type":"MultiPolygon","coordinates":[[[[627556.511791583150625,2637715.567359729204327],[627568.527339563355781,2637731.57759502902627],[627597.919732079957612,2637711.383780347183347],[627616.996533643570729,2637700.34799976600334],[627606.413258756743744,2637687.421406851150095],[627603.847072795266286,2637684.877435705158859],[627587.244432342704386,2637694.452737915795296],[627556.511791583150625,2637715.567359729204327]]]]}},
{"type":"Feature","properties":{"fid":20,"Clave":"ZFMT-234-365-23","ID":306,"NOMBRE DEL OCUPANTE IRREGULAR":"JAMES FRANCIS HARRISON Y COP","ID-OCUPACION":"110-lba-zf","ID - Actualizado":365,"ZONA":"LBA","X":631920.5326,"Y":2623596.202,"TIPO DE USO":"General","ZF":474.2646,"TGM":null,"TOTAL":474.2646,"TIPO DE USO APLICABLE":80.99,"TARIFA ANUAL":38410.689954000001,"IMPORTE BIMESTRAL":6401.781659,"DEBE DESDE":null,"DEBE HASTA":null,"OBSERVACIONES":"Concesión 206/04"},"geometry":{"type":"MultiPolygon","coordinates":[[[[631917.673550343490206,2623582.157396839465946],[631905.612042457330972,2623602.074652534909546],[631909.985058168298565,2623604.7228669449687],[631922.6061244122684,2623612.622126073110849],[631935.131523083662614,2623591.938844172284007],[631917.673550343490206,2623582.157396839465946]]]]}},
{"type":"Feature","properties":{"fid":21,"Clave":"ZFMT-246-430-23","ID":373,"NOMBRE DEL OCUPANTE IRREGULAR":"LARRY MARTIN COOPER Y COP","ID-OCUPACION":"110-lba-tgm","ID - Actualizado":430,"ZONA":"LBA","X":632958.9266,"Y":2619707.113,"TIPO DE USO":"General","ZF":null,"TGM":1999.732,"TOTAL":1999.732,"TIPO DE USO APLICABLE":80.99,"TARIFA ANUAL":161958.29468,"IMPORTE BIMESTRAL":26993.049113333302,"DEBE DESDE":null,"DEBE HASTA":null,"OBSERVACIONES":null},"geometry":{"type":"MultiPolygon","coordinates":[[[[632922.891236611059867,2619723.152990788687021],[633001.062692875857465,2619717.524645937606692],[632996.218631331343204,2619697.626190938055515],[632994.311503577395342,2619690.013757141306996],[632922.050407704664394,2619698.22297002794221],[632922.891236611059867,2619723.152990788687021]]]]}},
{"type":"Feature","properties":{"fid":22,"Clave":"ZFMT-234-366-23","ID":307,"NOMBRE DEL OCUPANTE IRREGULAR":"JOHN SEVIER ALLEN JR Y COP","ID-OCUPACION":"111-lba-zf","ID - Actualizado":366,"ZONA":"LBA","X":631932.78,"Y":2623577.32,"TIPO DE USO":"General","ZF":463.0469,"TGM":null,"TOTAL":463.0469,"TIPO DE USO APLICABLE":80.99,"TARIFA ANUAL":37502.168430999998,"IMPORTE BIMESTRAL":6250.36140516667,"DEBE DESDE":null,"DEBE HASTA":null,"OBSERVACIONES":null},"geometry":{"type":"MultiPolygon","coordinates":[[[[631930.431579221389256,2623562.986320153810084],[631918.727995604276657,2623580.416183726862073],[631917.673550343490206,2623582.157396839465946],[631935.131523083662614,2623591.938844172284007],[631935.59309024643153,2623591.176654967013747],[631948.005639815703034,2623572.690945580136031],[631937.631878734799102,2623566.848750260192901],[631930.431579221389256,2623562.986320153810084]]]]}},
{"type":"Feature","properties":{"fid":23,"Clave":"ZFMT-246-431-23","ID":374,"NOMBRE DEL OCUPANTE IRREGULAR":"NULL","ID-OCUPACION":"111-lba-tgm","ID - Actualizado":431,"ZONA":"LBA","X":632953.795,"Y":2619682.686,"TIPO DE USO":"General","ZF":null,"TGM":1763.1238,"TOTAL":1763.1238,"TIPO DE USO APLICABLE":80.99,"TARIFA ANUAL":142795.39656200001,"IMPORTE BIMESTRAL":23799.2327603333,"DEBE DESDE":null,"DEBE HASTA":null,"OBSERVACIONES":null},"geometry":{"type":"MultiPolygon","coordinates":[[[[632994.311503577395342,2619690.013757141306996],[632988.229574214899912,2619665.737310776952654],[632920.983511675731279,2619672.734997488558292],[632921.947000000043772,2619695.157000001054257],[632922.050407704664394,2619698.22297002794221],[632994.311503577395342,2619690.013757141306996]]]]}},
{"type":"Feature","properties":{"fid":24,"Clave":"ZFMT-246-432-23","ID":375,"NOMBRE DEL OCUPANTE IRREGULAR":"VERDUGO ROMERO MARTIN","ID-OCUPACION":"112-lba-tgm","ID - Actualizado":432,"ZONA":"LBA","X":632944.9687,"Y":2619639.581,"TIPO DE USO":"General","ZF":null,"TGM":3894.6387,"TOTAL":3894.6387,"TIPO DE USO APLICABLE":80.99,"TARIFA ANUAL":315426.788313,"IMPORTE BIMESTRAL":52571.131385499997,"DEBE DESDE":null,"DEBE HASTA":null,"OBSERVACIONES":null},"geometry":{"type":"MultiPolygon","coordinates":[[[[632920.983511675731279,2619672.734997488558292],[632988.229574214899912,2619665.737310776952654],[632987.684414795716293,2619663.56126883206889],[632978.394059397047386,2619628.510171125177294],[632974.051007545902394,2619607.018659038934857],[632910.328247466008179,2619613.468331112060696],[632911.819000000017695,2619625.92],[632920.368000000016764,2619658.410999999847263],[632920.983511675731279,2619672.734997488558292]]]]}},
{"type":"Feature","properties":{"fid":25,"Clave":"ZFMT-234-367-23","ID":308,"NOMBRE DEL OCUPANTE IRREGULAR":"DONALD LLOYD BURNS Y COP","ID-OCUPACION":"112-lba-zf","ID - Actualizado":367,"ZONA":"LBA","X":631947.4512,"Y":2623557.929,"TIPO DE USO":"General","ZF":478.3622,"TGM":null,"TOTAL":478.3622,"TIPO DE USO APLICABLE":80.99,"TARIFA ANUAL":38742.554578000003,"IMPORTE BIMESTRAL":6457.0924296666699,"DEBE DESDE":null,"DEBE HASTA":null,"OBSERVACIONES":"Concesión 1485/09"},"geometry":{"type":"MultiPolygon","coordinates":[[[[631945.61586574150715,2623544.286530049983412],[631934.070805916446261,2623557.566507992800325],[631930.431579221389256,2623562.986320153810084],[631937.631878734799102,2623566.848750260192901],[631948.005639815703034,2623572.690945580136031],[631949.981079773046076,2623569.748970699030906],[631963.251024968107231,2623554.484902592375875],[631954.386632095556706,2623549.331547743175179],[631945.61586574150715,2623544.286530049983412]]]]}},
{"type":"Feature","properties":{"fid":26,"Clave":"ZFMT-246-433-23","ID":376,"NOMBRE DEL OCUPANTE IRREGULAR":"NULL","ID-OCUPACION":"113-lba-tgm","ID - Actualizado":433,"ZONA":"LBA","X":632931.0109,"Y":2619558.503,"TIPO DE USO":"General","ZF":null,"TGM":5622.4383,"TOTAL":5622.4383,"TIPO DE USO APLICABLE":80.99,"TARIFA ANUAL":455361.277917,"IMPORTE BIMESTRAL":75893.546319500005,"DEBE DESDE":null,"DEBE HASTA":null,"OBSERVACIONES":null},"geometry":{"type":"MultiPolygon","coordinates":[[[[632972.99533399916254,2619601.794677938800305],[632971.239337996114045,2619593.105164063163102],[632962.208471800782718,2619555.100901200901717],[632958.79922493477352,2619518.184019497130066],[632958.378686734824441,2619505.382499501109123],[632903.643832504982129,2619512.784872505348176],[632907.253000000142492,2619587.782000000122935],[632909.774798494880088,2619608.845589793287218],[632972.99533399916254,2619601.794677938800305]]]]}},
{"type":"Feature","properties":{"fid":27,"Clave":"ZFMT-246-434-23","ID":377,"NOMBRE DEL OCUPANTE IRREGULAR":"EDWARD JOHN LA JOY Y COP","ID-OCUPACION":"114-lba-tgm","ID - Actualizado":434,"ZONA":"LBA","X":632927.5214,"Y":2619496.103,"TIPO DE USO":"General","ZF":null,"TGM":1473.4637,"TOTAL":1473.4637,"TIPO DE USO APLICABLE":80.99,"TARIFA ANUAL":119335.825063,"IMPORTE BIMESTRAL":19889.304177166701,"DEBE DESDE":null,"DEBE HASTA":null,"OBSERVACIONES":null},"geometry":{"type":"MultiPolygon","coordinates":[[[[632958.378686734824441,2619505.382499501109123],[632957.666560419253074,2619483.704803470987827],[632956.638270654715598,2619479.394411460962147],[632899.862500982824713,2619486.956249779555947],[632903.57300000009127,2619511.313],[632903.643832504982129,2619512.784872505348176],[632958.378686734824441,2619505.382499501109123]]]]}},
{"type":"Feature","properties":{"fid":28,"Clave":"ZFMT-246-435-23","ID":378,"NOMBRE DEL OCUPANTE IRREGULAR":"NULL","ID-OCUPACION":"115-lba-tgm","ID - Actualizado":435,"ZONA":"LBA","X":632924.6477,"Y":2619466.545,"TIPO DE USO":"General","ZF":null,"TGM":1438.9365,"TOTAL":1438.9365,"TIPO DE USO APLICABLE":80.99,"TARIFA ANUAL":116539.467135,"IMPORTE BIMESTRAL":19423.244522500001,"DEBE DESDE":null,"DEBE HASTA":null,"OBSERVACIONES":null},"geometry":{"type":"MultiPolygon","coordinates":[[[[632955.801130185485817,2619475.8852803632617],[632950.231944521074183,2619452.540330117102712],[632949.480379232671112,2619450.601074068807065],[632895.374915625317954,2619457.498488131444901],[632899.230574365588836,2619482.808107251767069],[632955.801130185485817,2619475.8852803632617]]]]}},
{"type":"Feature","properties":{"fid":29,"Clave":"ZFMT-246-436-23","ID":379,"NOMBRE DEL OCUPANTE IRREGULAR":"NULL","ID-OCUPACION":"116-lba-tgm","ID - Actualizado":436,"ZONA":"LBA","X":632919.5162,"Y":2619447.045,"TIPO DE USO":"General","ZF":null,"TGM":792.5101,"TOTAL":792.5101,"TIPO DE USO APLICABLE":80.99,"TARIFA ANUAL":64185.392999000003,"IMPORTE BIMESTRAL":10697.565499833299,"DEBE DESDE":null,"DEBE HASTA":null,"OBSERVACIONES":null},"geometry":{"type":"MultiPolygon","coordinates":[[[[632949.480379232671112,2619450.601074068807065],[632943.808504893328063,2619435.965996069833636],[632893.155284167849459,2619442.928208301309496],[632895.374915625317954,2619457.498488131444901],[632949.480379232671112,2619450.601074068807065]]]]}},
{"type":"Feature","properties":{"fid":30,"Clave":"ZFMT-246-437-23","ID":380,"NOMBRE DEL OCUPANTE IRREGULAR":"NULL","ID-OCUPACION":"117-lba-tgm","ID - Actualizado":437,"ZONA":"LBA","X":632916.232,"Y":2619434.319,"TIPO DE USO":"General","ZF":null,"TGM":528.1184,"TOTAL":528.1184,"TIPO DE USO APLICABLE":80.99,"TARIFA ANUAL":42772.309216000001,"IMPORTE BIMESTRAL":7128.7182026666696,"DEBE DESDE":null,"DEBE HASTA":null,"OBSERVACIONES":null},"geometry":{"type":"MultiPolygon","coordinates":[[[[632943.808504893328063,2619435.965996069833636],[632939.74049691890832,2619425.469357667025179],[632891.621390688116662,2619432.859303775243461],[632893.155284167849459,2619442.928208301309496],[632943.808504893328063,2619435.965996069833636]]]]}},
{"type":"Feature","properties":{"fid":31,"Clave":"ZFMT-246-438-23","ID":381,"NOMBRE DEL OCUPANTE IRREGULAR":"NULL","ID-OCUPACION":"118-lba-tgm","ID - Actualizado":438,"ZONA":"LBA","X":632913.153,"Y":2619420.566,"TIPO DE USO":"General","ZF":null,"TGM":914.6148,"TOTAL":914.6148,"TIPO DE USO APLICABLE":80.99,"TARIFA ANUAL":74074.652652000004,"IMPORTE BIMESTRAL":12345.775442,"DEBE DESDE":null,"DEBE HASTA":null,"OBSERVACIONES":null},"geometry":{"type":"MultiPolygon","coordinates":[[[[632939.74049691890832,2619425.469357667025179],[632937.710852782940492,2619420.232288144063205],[632932.931310653104447,2619405.633183779194951],[632892.442416442092508,2619412.029404028784484],[632895.055000000051223,2619421.913000000175089],[632890.045999999856576,2619422.518000000156462],[632891.621390688116662,2619432.859303775243461],[632939.74049691890832,2619425.469357667025179]]]]}},
{"type":"Feature","properties":{"fid":32,"Clave":"ZFMT-246-439-23","ID":382,"NOMBRE DEL OCUPANTE IRREGULAR":"CASTRO HIRALES ROBERTO","ID-OCUPACION":"119-lba-tgm","ID - Actualizado":439,"ZONA":"LBA","X":632908.2267,"Y":2619396.345,"TIPO DE USO":"General","ZF":null,"TGM":1095.2915,"TOTAL":1095.2915,"TIPO DE USO APLICABLE":80.99,"TARIFA ANUAL":88707.658584999997,"IMPORTE BIMESTRAL":14784.6097641667,"DEBE DESDE":null,"DEBE HASTA":null,"OBSERVACIONES":null},"geometry":{"type":"MultiPolygon","coordinates":[[[[632932.931310653104447,2619405.633183779194951],[632925.848763972753659,2619383.999555421993136],[632924.286814693012275,2619377.880374104715884],[632889.391333953943104,2619385.153179709799588],[632888.5089999998454,2619397.149000000208616],[632892.442416442092508,2619412.029404028784484],[632932.931310653104447,2619405.633183779194951]]]]}},
{"type":"Feature","properties":{"fid":33,"Clave":"ZFMT-246-440-23","ID":383,"NOMBRE DEL OCUPANTE IRREGULAR":"CHRISTOPHER ANTHONY URBAN Y COP","ID-OCUPACION":"120-lba-tgm","ID - Actualizado":440,"ZONA":"LBA","X":632898.7847,"Y":2619345.851,"TIPO DE USO":"General","ZF":null,"TGM":1327.7964,"TOTAL":1327.7964,"TIPO DE USO APLICABLE":80.99,"TARIFA ANUAL":107538.230436,"IMPORTE BIMESTRAL":17923.038406,"DEBE DESDE":null,"DEBE HASTA":null,"OBSERVACIONES":null},"geometry":{"type":"MultiPolygon","coordinates":[[[[632920.363727592630312,2619362.5110649978742],[632916.589675329509191,2619347.725623243954033],[632911.86630008125212,2619323.016999325249344],[632875.980003653443418,2619329.272408794611692],[632881.763999999966472,2619337.81900000013411],[632887.099045179318637,2619367.670170835219324],[632920.363727592630312,2619362.5110649978742]]]]}},
{"type":"Feature","properties":{"fid":34,"Clave":"ZFMT-246-441-23","ID":384,"NOMBRE DEL OCUPANTE IRREGULAR":"CHRISTOPHER ANTHONY URBAN Y COP","ID-OCUPACION":"121-lba-tgm","ID - Actualizado":441,"ZONA":"LBA","X":632890.9847,"Y":2619315.677,"TIPO DE USO":"General","ZF":null,"TGM":753.3812,"TOTAL":753.3812,"TIPO DE USO APLICABLE":80.99,"TARIFA ANUAL":61016.343388000001,"IMPORTE BIMESTRAL":10169.390564666701,"DEBE DESDE":null,"DEBE HASTA":null,"OBSERVACIONES":null},"geometry":{"type":"MultiPolygon","coordinates":[[[[632911.86630008125212,2619323.016999325249344],[632909.615559146972373,2619311.243064721114933],[632908.585113806650043,2619303.847255293279886],[632870.406076100771315,2619310.005164600908756],[632873.047999999951571,2619324.94],[632875.980003653443418,2619329.272408794611692],[632911.86630008125212,2619323.016999325249344]]]]}},
{"type":"Feature","properties":{"fid":35,"Clave":"ZFMT-246-442-23","ID":385,"NOMBRE DEL OCUPANTE IRREGULAR":"DEN SHOJI SATAKE Y COPS","ID-OCUPACION":"122-lba-tgm","ID - Actualizado":442,"ZONA":"LBA","X":632887.29,"Y":2619297.614,"TIPO DE USO":"General","ZF":null,"TGM":782.3293,"TOTAL":782.3293,"TIPO DE USO APLICABLE":80.99,"TARIFA ANUAL":63360.850007000001,"IMPORTE BIMESTRAL":10560.141667833301,"DEBE DESDE":null,"DEBE HASTA":null,"OBSERVACIONES":null},"geometry":{"type":"MultiPolygon","coordinates":[[[[632908.585113806650043,2619303.847255293279886],[632905.805665357853286,2619283.898335891775787],[632867.108339291531593,2619290.341459972318262],[632867.310000000055879,2619292.503],[632870.406076100771315,2619310.005164600908756],[632908.585113806650043,2619303.847255293279886]]]]}},
{"type":"Feature","properties":{"fid":36,"Clave":"ZFMT-234-401-23","ID":343,"NOMBRE DEL OCUPANTE IRREGULAR":"PETER ADRIAN ELIEFF","ID-OCUPACION":"122-lba-zf","ID - Actualizado":401,"ZONA":"LBA","X":632540.5529,"Y":2621454.261,"TIPO DE USO":"General","ZF":960.4758,"TGM":null,"TOTAL":960.4758,"TIPO DE USO APLICABLE":80.99,"TARIFA ANUAL":77788.935041999997,"IMPORTE BIMESTRAL":12964.822507000001,"DEBE DESDE":null,"DEBE HASTA":null,"OBSERVACIONES":null},"geometry":{"type":"MultiPolygon","coordinates":[[[[632524.73709389846772,2621453.080318974796683],[632528.006701248814352,2621456.429282669443637],[632564.154323310125619,2621475.498641496989876],[632557.349313889048062,2621461.981773868203163],[632545.479598753969185,2621445.696691892109811],[632538.705129264155403,2621438.757799865212291],[632522.588362951995805,2621431.215682630892843],[632502.87459498771932,2621423.069218046963215],[632510.008250292157754,2621437.993992934934795],[632524.73709389846772,2621453.080318974796683]]]]}},
{"type":"Feature","properties":{"fid":37,"Clave":"ZFMT-234-402-23","ID":344,"NOMBRE DEL OCUPANTE IRREGULAR":"DAGOBERTO DIAZ RODRIGUEZ","ID-OCUPACION":"123-lba-zf","ID - Actualizado":402,"ZONA":"LBA","X":632497.6873,"Y":2621398.128,"TIPO DE USO":"General","ZF":1509.4355,"TGM":null,"TOTAL":1509.4355,"TIPO DE USO APLICABLE":80.99,"TARIFA ANUAL":122249.181145,"IMPORTE BIMESTRAL":20374.8635241667,"DEBE DESDE":null,"DEBE HASTA":null,"OBSERVACIONES":null},"geometry":{"type":"MultiPolygon","coordinates":[[[[632463.916909410036169,2621380.209963159170002],[632481.755255238502286,2621394.818514037877321],[632499.650848499615677,2621416.324612569995224],[632502.87459498771932,2621423.069218046963215],[632522.588362951995805,2621431.215682630892843],[632538.705129264155403,2621438.757799865212291],[632526.62769882986322,2621426.387239207047969],[632518.140911425114609,2621408.631490416824818],[632516.619895995943807,2621405.449277103878558],[632495.906078803469427,2621380.556367043871433],[632476.588699562242255,2621364.736575218848884],[632463.916909410036169,2621380.209963159170002]]]]}},
{"type":"Feature","properties":{"fid":38,"Clave":"ZFMT-246-443-23","ID":386,"NOMBRE DEL OCUPANTE IRREGULAR":"VAN WORMER ROSA RUIZ DE","ID-OCUPACION":"123-lba-tgm","ID - Actualizado":443,"ZONA":"LBA","X":632883.8005,"Y":2619275.035,"TIPO DE USO":"General","ZF":null,"TGM":950.4637,"TOTAL":950.4637,"TIPO DE USO APLICABLE":80.99,"TARIFA ANUAL":76978.055063000007,"IMPORTE BIMESTRAL":12829.6758438333,"DEBE DESDE":null,"DEBE HASTA":null,"OBSERVACIONES":null},"geometry":{"type":"MultiPolygon","coordinates":[[[[632905.805665357853286,2619283.898335891775787],[632904.739183377823792,2619276.243880895897746],[632902.048386967508122,2619259.787271276582032],[632864.787858651252463,2619265.468931142240763],[632867.108339291531593,2619290.341459972318262],[632905.805665357853286,2619283.898335891775787]]]]}},
{"type":"Feature","properties":{"fid":39,"Clave":"ZFMT-234-403-23","ID":345,"NOMBRE DEL OCUPANTE IRREGULAR":"NULL","ID-OCUPACION":"124-lba-zf","ID - Actualizado":403,"ZONA":"LBA","X":632513.7619,"Y":2621367.509,"TIPO DE USO":"General","ZF":999.5972,"TGM":null,"TOTAL":999.5972,"TIPO DE USO APLICABLE":80.99,"TARIFA ANUAL":80957.377227999998,"IMPORTE BIMESTRAL":13492.8962046667,"DEBE DESDE":null,"DEBE HASTA":null,"OBSERVACIONES":null},"geometry":{"type":"MultiPolygon","coordinates":[[[[632487.294718888239004,2621356.594034230802208],[632517.550854630186222,2621385.674537322018296],[632523.42378114152234,2621392.368022369686514],[632536.136598536977544,2621376.532422748859972],[632532.023383428575471,2621371.844513976015151],[632501.153937407420017,2621342.174531394150108],[632487.294718888239004,2621356.594034230802208]]]]}},
{"type":"Feature","properties":{"fid":40,"Clave":"ZFMT-246-444-23","ID":387,"NOMBRE DEL OCUPANTE IRREGULAR":"VAN WORMER ROSA RUIZ DE","ID-OCUPACION":"124-lba-tgm","ID - Actualizado":444,"ZONA":"LBA","X":632844.8006,"Y":2619115.341,"TIPO DE USO":"General","ZF":null,"TGM":12795.2273,"TOTAL":12795.2273,"TIPO DE USO APLICABLE":80.99,"TARIFA ANUAL":1036285.459027,"IMPORTE BIMESTRAL":172714.24317116701,"DEBE DESDE":null,"DEBE HASTA":null,"OBSERVACIONES":null},"geometry":{"type":"MultiPolygon","coordinates":[[[[632902.048386967508122,2619259.787271276582032],[632898.97424353286624,2619240.986154171172529],[632893.088421261054464,2619205.833820355124772],[632887.622148870141245,2619171.142134012188762],[632878.301114311092533,2619137.318202828988433],[632866.440389144117944,2619104.351793930865824],[632852.129194745561108,2619070.327278208918869],[632839.726200216566212,2619035.569420895073563],[632827.944666674477048,2619000.88136402098462],[632817.89245957264211,2618966.12827870901674],[632813.598144133575261,2618948.249508178327233],[632788.271182659547776,2618955.276641997974366],[632797.491999999852851,2619004.117999999783933],[632802.618000000133179,2619045.146000000182539],[632813.447000000043772,2619077.720000000204891],[632818.027,2619101.998999999836087],[632825.643000000040047,2619130.313999998848885],[632830.013999999850057,2619156.214999999850988],[632849.089999999967404,2619208.679],[632861.415999999968335,2619229.327],[632864.787858651252463,2619265.468931142240763],[632902.048386967508122,2619259.787271276582032]]]]}},
{"type":"Feature","properties":{"fid":41,"Clave":"ZFMT-234-404-23","ID":346,"NOMBRE DEL OCUPANTE IRREGULAR":"ONELIA MARTINEZ COCHRAN","ID-OCUPACION":"125-lba-zf","ID - Actualizado":404,"ZONA":"LBA","X":632549.3557,"Y":2621403.741,"TIPO DE USO":"General","ZF":1226.5104,"TGM":null,"TOTAL":1226.5104,"TIPO DE USO APLICABLE":80.99,"TARIFA ANUAL":99335.077296000003,"IMPORTE BIMESTRAL":16555.846216000002,"DEBE DESDE":null,"DEBE HASTA":null,"OBSERVACIONES":null},"geometry":{"type":"MultiPolygon","coordinates":[[[[632564.564240820356645,2621438.950015247799456],[632576.050516994786449,2621421.845774305053055],[632564.284718249575235,2621408.631490416824818],[632557.495203498285264,2621400.875227442011237],[632536.136598536977544,2621376.532422748859972],[632523.42378114152234,2621392.368022369686514],[632537.693500427529216,2621408.631490416824818],[632542.453985676518641,2621414.057105187792331],[632555.487396620563231,2621428.946322820149362],[632564.564240820356645,2621438.950015247799456]]]]}},
{"type":"Feature","properties":{"fid":42,"Clave":"ZFMT-246-446-23","ID":389,"NOMBRE DEL OCUPANTE IRREGULAR":"NULL","ID-OCUPACION":"126-lba-tgm","ID - Actualizado":446,"ZONA":"LBA","X":632742.3747,"Y":2618491.754,"TIPO DE USO":"General","ZF":null,"TGM":2257.7583,"TOTAL":2257.7583,"TIPO DE USO APLICABLE":80.99,"TARIFA ANUAL":182855.844717,"IMPORTE BIMESTRAL":30475.974119499999,"DEBE DESDE":null,"DEBE HASTA":null,"OBSERVACIONES":null},"geometry":{"type":"MultiPolygon","coordinates":[[[[632754.149049298488535,2618535.302093920297921],[632755.207499091047794,2618501.375365629792213],[632755.326625349349342,2618465.739888595882803],[632755.320186195196584,2618450.524935460183769],[632733.056822532089427,2618444.630990310106426],[632733.407,2618454.24000000115484],[632727.251000000047497,2618507.616],[632727.318965699290857,2618537.072134157642722],[632754.149049298488535,2618535.302093920297921]]]]}},
{"type":"Feature","properties":{"fid":43,"Clave":"ZFMT-234-405-23","ID":347,"NOMBRE DEL OCUPANTE IRREGULAR":"BRIAN LEE FALLON","ID-OCUPACION":"126-lba-zf","ID - Actualizado":405,"ZONA":"LBA","X":632594.0073000001,"Y":2621336.508,"TIPO DE USO":"General","ZF":1554.8582,"TGM":null,"TOTAL":1554.8582,"TIPO DE USO APLICABLE":80.99,"TARIFA ANUAL":125927.965618,"IMPORTE BIMESTRAL":20987.994269666699,"DEBE DESDE":null,"DEBE HASTA":null,"OBSERVACIONES":null},"geometry":{"type":"MultiPolygon","coordinates":[[[[632554.526436478947289,2621327.373847157228738],[632576.237292443285696,2621344.301365397870541],[632604.47926957369782,2621350.917864257935435],[632625.575103909126483,2621354.486464077141136],[632637.70682795997709,2621338.303232222795486],[632632.156021109898575,2621335.315563641954213],[632608.432078834855929,2621331.30238953512162],[632585.073122732457705,2621325.829879388213158],[632566.823933310224675,2621311.601353007834405],[632554.526436478947289,2621327.373847157228738]]]]}},
{"type":"Feature","properties":{"fid":44,"Clave":"ZFMT-246-447-23","ID":390,"NOMBRE DEL OCUPANTE IRREGULAR":"NULL","ID-OCUPACION":"127-lba-tgm","ID - Actualizado":447,"ZONA":"LBA","X":632723.6958,"Y":2618367.98,"TIPO DE USO":"General","ZF":null,"TGM":2724.8354,"TOTAL":2724.8354,"TIPO DE USO APLICABLE":80.99,"TARIFA ANUAL":220684.419046,"IMPORTE BIMESTRAL":36780.736507666697,"DEBE DESDE":null,"DEBE HASTA":null,"OBSERVACIONES":null},"geometry":{"type":"MultiPolygon","coordinates":[[[[632755.049691333784722,2618430.182223396841437],[632749.912603134056553,2618400.738077814225107],[632735.933955301647075,2618368.795130147133023],[632726.1987882014364,2618332.821285542100668],[632724.498019943246618,2618325.885146928485483],[632698.352784571005031,2618319.615022608079016],[632701.314999999944121,2618331.498000000137836],[632703.947000000043772,2618353.96],[632710.251000000047497,2618378.038000000175089],[632732.006000000052154,2618415.796],[632732.311763143748976,2618424.1862628813833],[632755.049691333784722,2618430.182223396841437]]]]}},
{"type":"Feature","properties":{"fid":45,"Clave":"ZFMT-246-448-23","ID":391,"NOMBRE DEL OCUPANTE IRREGULAR":"MILHE SALDIERNA Y DEAL ARTURO GABRIEL","ID-OCUPACION":"128-lba-tgm","ID - Actualizado":448,"ZONA":"LBA","X":632707.2748,"Y":2618305.991,"TIPO DE USO":"General","ZF":null,"TGM":634.7962,"TOTAL":634.7962,"TIPO DE USO APLICABLE":80.99,"TARIFA ANUAL":51412.144238000001,"IMPORTE BIMESTRAL":8568.6907063333292,"DEBE DESDE":null,"DEBE HASTA":null,"OBSERVACIONES":null},"geometry":{"type":"MultiPolygon","coordinates":[[[[632723.704596454626881,2618322.649376698769629],[632717.597832493018359,2618297.744536714162678],[632717.241066391696222,2618295.500688548665494],[632691.91537702397909,2618291.988366665318608],[632692.197999999974854,2618294.924999999813735],[632697.512977884151042,2618316.246123851742595],[632723.704596454626881,2618322.649376698769629]]]]}},
{"type":"Feature","properties":{"fid":46,"Clave":"ZFMT-246-449-23","ID":392,"NOMBRE DEL OCUPANTE IRREGULAR":"INMOBILIARIA BAHIA PALMAS DE CORTEZ S. DE R.L. DE C.V.","ID-OCUPACION":"129-lba-tgm","ID - Actualizado":449,"ZONA":"LBA","X":632692.7012,"Y":2618215.881,"TIPO DE USO":"General","ZF":null,"TGM":3746.136,"TOTAL":3746.136,"TIPO DE USO APLICABLE":80.99,"TARIFA ANUAL":303399.55464,"IMPORTE BIMESTRAL":50566.59244,"DEBE DESDE":null,"DEBE HASTA":null,"OBSERVACIONES":null},"geometry":{"type":"MultiPolygon","coordinates":[[[[632717.241066391696222,2618295.500688548665494],[632711.883550437516533,2618261.805075933225453],[632707.455730770714581,2618226.998618334997445],[632701.995836663641967,2618192.083009982015938],[632697.651245257118717,2618155.118058670777828],[632697.57360260176938,2618149.845017980784178],[632670.22175471263472,2618144.220824302174151],[632670.084999999846332,2618148.291999999899417],[632675.59699999995064,2618197.49599999981001],[632688.865,2618260.293],[632691.91537702397909,2618291.988366665318608],[632717.241066391696222,2618295.500688548665494]]]]}},
{"type":"Feature","properties":{"fid":47,"Clave":"ZFMT-221-255-23","ID":197,"NOMBRE DEL OCUPANTE IRREGULAR":"VICTOR MANUEL BARRERA LOZANO","ID-OCUPACION":"13-lba-zf","ID - Actualizado":255,"ZONA":"LBA","X":627968.4495,"Y":2637484.272,"TIPO DE USO":"General","ZF":564.8406,"TGM":null,"TOTAL":564.8406,"TIPO DE USO APLICABLE":80.99,"TARIFA ANUAL":45746.440194000003,"IMPORTE BIMESTRAL":7624.406699,"DEBE DESDE":null,"DEBE HASTA":null,"OBSERVACIONES":null},"geometry":{"type":"MultiPolygon","coordinates":[[[[627960.236515793716535,2637499.277328687254339],[627967.977014321251772,2637495.458728049881756],[627985.678044499014504,2637486.719637398608029],[627976.525986281572841,2637468.948886311147362],[627959.128614018904045,2637477.522568704094738],[627951.31900711893104,2637481.375262400601059],[627960.236515793716535,2637499.277328687254339]]]]}},
{"type":"Feature","properties":{"fid":48,"Clave":"ZFMT-246-450-23","ID":393,"NOMBRE DEL OCUPANTE IRREGULAR":"NULL","ID-OCUPACION":"130-lba-tgm","ID - Actualizado":450,"ZONA":"LBA","X":632685.1064,"Y":2618126.797,"TIPO DE USO":"General","ZF":null,"TGM":1035.9974,"TOTAL":1035.9974,"TIPO DE USO APLICABLE":80.99,"TARIFA ANUAL":83905.429426000002,"IMPORTE BIMESTRAL":13984.238237666699,"DEBE DESDE":null,"DEBE HASTA":null,"OBSERVACIONES":null},"geometry":{"type":"MultiPolygon","coordinates":[[[[632697.57360260176938,2618149.845017980784178],[632697.100269503775053,2618117.698967903852463],[632697.51314275607001,2618105.785289040766656],[632685.38258368417155,2618104.936649105511606],[632671.182724042912014,2618115.612852386198938],[632670.22175471263472,2618144.220824302174151],[632697.57360260176938,2618149.845017980784178]]]]}},
{"type":"Feature","properties":{"fid":49,"Clave":"ZFMT-246-451-23","ID":394,"NOMBRE DEL OCUPANTE IRREGULAR":"NULL","ID-OCUPACION":"131-lba-tgm","ID - Actualizado":451,"ZONA":"LBA","X":632685.517,"Y":2618085.745,"TIPO DE USO":"General","ZF":null,"TGM":484.1628,"TOTAL":484.1628,"TIPO DE USO APLICABLE":80.99,"TARIFA ANUAL":39212.345172000001,"IMPORTE BIMESTRAL":6535.390862,"DEBE DESDE":null,"DEBE HASTA":null,"OBSERVACIONES":null},"geometry":{"type":"MultiPolygon","coordinates":[[[[632671.620661178836599,2618102.575502607040107],[632697.94412031059619,2618093.349200836848468],[632698.372374133206904,2618080.991707376204431],[632678.106663257931359,2618073.454901097342372],[632671.667000000015832,2618101.196],[632671.620661178836599,2618102.575502607040107]]]]}},
{"type":"Feature","properties":{"fid":50,"Clave":"ZFMT-246-452-23","ID":395,"NOMBRE DEL OCUPANTE IRREGULAR":"NULL","ID-OCUPACION":"132-lba-tgm","ID - Actualizado":452,"ZONA":"LBA","X":632690.1354,"Y":2618066.552,"TIPO DE USO":"General","ZF":null,"TGM":444.7784,"TOTAL":444.7784,"TIPO DE USO APLICABLE":80.99,"TARIFA ANUAL":36022.602615999996,"IMPORTE BIMESTRAL":6003.7671026666703,"DEBE DESDE":null,"DEBE HASTA":null,"OBSERVACIONES":null},"geometry":{"type":"MultiPolygon","coordinates":[[[[632698.372374133206904,2618080.991707376204431],[632702.07843182364013,2618057.626974538434297],[632682.541731793549843,2618054.349294180516154],[632678.106663257931359,2618073.454901097342372],[632698.372374133206904,2618080.991707376204431]]]]}},
{"type":"Feature","properties":{"fid":51,"Clave":"ZFMT-221-256-23","ID":198,"NOMBRE DEL OCUPANTE IRREGULAR":"PAUL ALLEN ELLIS Y COP","ID-OCUPACION":"14-lba-zf","ID - Actualizado":256,"ZONA":"LBA","X":628000.7526,"Y":2637469.099,"TIPO DE USO":"General","ZF":867.9832,"TGM":null,"TOTAL":867.9832,"TIPO DE USO APLICABLE":80.99,"TARIFA ANUAL":70297.959367999996,"IMPORTE BIMESTRAL":11716.326561333301,"DEBE DESDE":null,"DEBE HASTA":null,"OBSERVACIONES":null},"geometry":{"type":"MultiPolygon","coordinates":[[[[628016.233847446157597,2637450.597047682851553],[628011.814362624543719,2637452.560012338217348],[627991.224630757118575,2637461.705176889896393],[627976.525986281572841,2637468.948886311147362],[627977.945176782086492,2637471.620174947194755],[627985.678044499014504,2637486.719637398608029],[627999.707731085829437,2637479.821363341994584],[628024.695532603072934,2637468.726176888681948],[628017.21246986486949,2637452.495825509075075],[628016.233847446157597,2637450.597047682851553]]]]}},
{"type":"Feature","properties":{"fid":52,"Clave":"ZFMT-221-257-23","ID":199,"NOMBRE DEL OCUPANTE IRREGULAR":"INGRIM PROPERTIES LLC","ID-OCUPACION":"15-lba-zf","ID - Actualizado":257,"ZONA":"LBA","X":628040.0478,"Y":2637451.619,"TIPO DE USO":"General","ZF":789.4374,"TGM":null,"TOTAL":789.4374,"TIPO DE USO APLICABLE":80.99,"TARIFA ANUAL":63936.535025999998,"IMPORTE BIMESTRAL":10656.089171,"DEBE DESDE":null,"DEBE HASTA":null,"OBSERVACIONES":null},"geometry":{"type":"MultiPolygon","coordinates":[[[[628016.233847446157597,2637450.597047682851553],[628017.21246986486949,2637452.495825509075075],[628024.695532603072934,2637468.726176888681948],[628031.273188860272057,2637465.801204781048],[628060.61383885901887,2637453.242537666577846],[628053.314584254054353,2637435.693062876816839],[628052.915597183513455,2637434.747823586221784],[628048.982877397444099,2637436.435767242219299],[628048.899819656857289,2637436.471416053827852],[628016.233847446157597,2637450.597047682851553]]]]}},
{"type":"Feature","properties":{"fid":53,"Clave":"ZFMT-221-258-23","ID":200,"NOMBRE DEL OCUPANTE IRREGULAR":"CARDONAL HOUSE LLC","ID-OCUPACION":"16-lba-zf","ID - Actualizado":258,"ZONA":"LBA","X":628075.4973,"Y":2637436.586,"TIPO DE USO":"General","ZF":784.8831,"TGM":null,"TOTAL":784.8831,"TIPO DE USO APLICABLE":80.99,"TARIFA ANUAL":63567.682268999997,"IMPORTE BIMESTRAL":10594.6137115,"DEBE DESDE":null,"DEBE HASTA":null,"OBSERVACIONES":null},"geometry":{"type":"MultiPolygon","coordinates":[[[[628052.915597183513455,2637434.747823586221784],[628053.314584254054353,2637435.693062876816839],[628060.61383885901887,2637453.242537666577846],[628064.120358683518134,2637451.703029735945165],[628095.746315046446398,2637436.432498892769217],[628088.576149709173478,2637417.752470346167684],[628087.532477210974321,2637418.189146923832595],[628055.824013609089889,2637433.499516224954277],[628052.915597183513455,2637434.747823586221784]]]]}},
{"type":"Feature","properties":{"fid":54,"Clave":"ZFMT-221-259-23","ID":201,"NOMBRE DEL OCUPANTE IRREGULAR":"JOHN CAMERON FARQUHAR Y COP","ID-OCUPACION":"17-lba-zf","ID - Actualizado":259,"ZONA":"LBA","X":628143.6695,"Y":2637405.192,"TIPO DE USO":"General","ZF":2136.099,"TGM":null,"TOTAL":2136.099,"TIPO DE USO APLICABLE":80.99,"TARIFA ANUAL":173002.65801000001,"IMPORTE BIMESTRAL":28833.776335,"DEBE DESDE":null,"DEBE HASTA":null,"OBSERVACIONES":null},"geometry":{"type":"MultiPolygon","coordinates":[[[[628088.576149709173478,2637417.752470346167684],[628095.746315046446398,2637436.432498892769217],[628128.20454732037615,2637422.851849955972284],[628161.032077131443657,2637409.676572647877038],[628195.680507642799057,2637400.500018926803023],[628192.581099745002575,2637390.872012490872294],[628188.803783208597451,2637381.631747546140105],[628154.723439245135523,2637390.657844906207174],[628120.61964632361196,2637404.345348400063813],[628089.003265794250183,2637417.573763336986303],[628088.576149709173478,2637417.752470346167684]]]]}},
{"type":"Feature","properties":{"fid":55,"Clave":"ZFMT-221-260-23","ID":202,"NOMBRE DEL OCUPANTE IRREGULAR":"MAGALLON VALDIVIA ALEJANDRO","ID-OCUPACION":"18-lba-zf","ID - Actualizado":260,"ZONA":"LBA","X":628211.1779,"Y":2637386.017,"TIPO DE USO":"General","ZF":686.256,"TGM":null,"TOTAL":686.256,"TIPO DE USO APLICABLE":80.99,"TARIFA ANUAL":55579.87344,"IMPORTE BIMESTRAL":9263.31224,"DEBE DESDE":null,"DEBE HASTA":null,"OBSERVACIONES":null},"geometry":{"type":"MultiPolygon","coordinates":[[[[628221.901172182406299,2637371.697089483961463],[628190.220090963179246,2637381.256641833111644],[628188.803783208597451,2637381.631747546140105],[628192.581099745002575,2637390.872012490872294],[628195.680507642799057,2637400.500018926803023],[628228.560481905122288,2637390.641677488107234],[628221.901172182406299,2637371.697089483961463]]]]}},
{"type":"Feature","properties":{"fid":56,"Clave":"ZFMT-221-261-23","ID":203,"NOMBRE DEL OCUPANTE IRREGULAR":"NULL","ID-OCUPACION":"19-lba-zf","ID - Actualizado":261,"ZONA":"LBA","X":628958.5424,"Y":2636278.055,"TIPO DE USO":"General","ZF":847.4834,"TGM":null,"TOTAL":847.4834,"TIPO DE USO APLICABLE":80.99,"TARIFA ANUAL":68637.680565999995,"IMPORTE BIMESTRAL":11439.6134276667,"DEBE DESDE":null,"DEBE HASTA":null,"OBSERVACIONES":null},"geometry":{"type":"MultiPolygon","coordinates":[[[[628966.506958847283386,2636254.400235685985535],[628955.156439836369827,2636266.139254757203162],[628939.058701661415398,2636288.154310050886124],[628952.735249243793078,2636303.413960553705692],[628970.489712194306776,2636279.053555975202471],[628977.74207868706435,2636271.554000184405595],[628972.347824606928043,2636262.471166423987597],[628966.506958847283386,2636254.400235685985535]]]]}},
{"type":"Feature","properties":{"fid":57,"Clave":"ZFMT-221-250-23","ID":192,"NOMBRE DEL OCUPANTE IRREGULAR":"KAHTA ROSSEIN Y RONALD M. RAZZORE","ID-OCUPACION":"2-lba-tgm","ID - Actualizado":250,"ZONA":"LBA","X":627423.7739,"Y":2637823.684,"TIPO DE USO":"General","ZF":null,"TGM":134.9006,"TOTAL":134.9006,"TIPO DE USO APLICABLE":80.99,"TARIFA ANUAL":10925.599594,"IMPORTE BIMESTRAL":1820.93326566667,"DEBE DESDE":null,"DEBE HASTA":null,"OBSERVACIONES":null},"geometry":{"type":"MultiPolygon","coordinates":[[[[627423.720063290325925,2637832.199139805976301],[627429.56222484819591,2637826.017383246216923],[627431.630719504551962,2637823.923433311283588],[627420.955221498967148,2637812.8212153990753],[627418.115573267336003,2637826.944147957488894],[627423.720063290325925,2637832.199139805976301]]]]}},
{"type":"Feature","properties":{"fid":58,"Clave":"ZFMT-221-262-23","ID":204,"NOMBRE DEL OCUPANTE IRREGULAR":"W. RICHARD BINGHAM","ID-OCUPACION":"20-lba-zf","ID - Actualizado":262,"ZONA":"LBA","X":629001.2403,"Y":2636241.044,"TIPO DE USO":"General","ZF":1324.6413,"TGM":null,"TOTAL":1324.6413,"TIPO DE USO APLICABLE":80.99,"TARIFA ANUAL":107282.69888700001,"IMPORTE BIMESTRAL":17880.4498145,"DEBE DESDE":null,"DEBE HASTA":null,"OBSERVACIONES":null},"geometry":{"type":"MultiPolygon","coordinates":[[[[628966.506958847283386,2636254.400235685985535],[628972.347824606928043,2636262.471166423987597],[628977.74207868706435,2636271.554000184405595],[628983.043349071405828,2636266.070239303167909],[629011.542546942015179,2636245.912008942104876],[629032.258189235231839,2636235.89987154211849],[629022.875371251720935,2636218.208338114432991],[629001.346642842050642,2636228.626407674979419],[628969.966123852762394,2636250.822672057896852],[628966.506958847283386,2636254.400235685985535]]]]}},
{"type":"Feature","properties":{"fid":59,"Clave":"ZFMT-221-263-23","ID":205,"NOMBRE DEL OCUPANTE IRREGULAR":"SUSIE TOMPKINS BUELL","ID-OCUPACION":"21-lba-zf","ID - Actualizado":263,"ZONA":"LBA","X":629231.1378,"Y":2636087.966,"TIPO DE USO":"General","ZF":1318.9786,"TGM":null,"TOTAL":1318.9786,"TIPO DE USO APLICABLE":80.99,"TARIFA ANUAL":106824.076814,"IMPORTE BIMESTRAL":17804.012802333302,"DEBE DESDE":null,"DEBE HASTA":null,"OBSERVACIONES":null},"geometry":{"type":"MultiPolygon","coordinates":[[[[629194.189634214504622,2636095.987722823861986],[629204.925001834169962,2636112.966806630138308],[629235.775572616606951,2636097.293983120005578],[629262.637130476883613,2636088.797097754199058],[629257.637509242398664,2636069.372953892685473],[629228.175928716664203,2636078.721877104137093],[629194.189634214504622,2636095.987722823861986]]]]}},
{"type":"Feature","properties":{"fid":60,"Clave":"ZFMT-221-264-23","ID":206,"NOMBRE DEL OCUPANTE IRREGULAR":"LAS CACHANILLAS S.A DE C.V.","ID-OCUPACION":"22-lba-zf","ID - Actualizado":264,"ZONA":"LBA","X":629395.3103,"Y":2635926.31,"TIPO DE USO":"General","ZF":1179.9367,"TGM":null,"TOTAL":1179.9367,"TIPO DE USO APLICABLE":80.99,"TARIFA ANUAL":95563.073332999993,"IMPORTE BIMESTRAL":15927.178888833299,"DEBE DESDE":null,"DEBE HASTA":null,"OBSERVACIONES":null},"geometry":{"type":"MultiPolygon","coordinates":[[[[629386.746050741756335,2635960.319819982629269],[629387.85602237470448,2635958.109811243135482],[629394.66303920361679,2635937.407272908836603],[629400.44530297908932,2635932.807002601679415],[629403.999745219247416,2635929.979149037972093],[629415.677008020458743,2635932.298564694821835],[629427.073966079391539,2635921.049411123152822],[629409.173652681754902,2635910.616115831770003],[629398.802959250053391,2635908.556219678837806],[629385.862712293630466,2635918.851259190123528],[629377.53158773353789,2635925.479359623976052],[629372.569198875920847,2635940.571733884513378],[629386.746050741756335,2635960.319819982629269]]]]}},
{"type":"Feature","properties":{"fid":61,"Clave":"ZFMT-221-266-23","ID":208,"NOMBRE DEL OCUPANTE IRREGULAR":"ABELS BEACH PROPERTIES S DE R.L DE C.V","ID-OCUPACION":"24-lba-zf","ID - Actualizado":266,"ZONA":"LBA","X":629666.2743,"Y":2635640.85,"TIPO DE USO":"General","ZF":745.6338,"TGM":null,"TOTAL":745.6338,"TIPO DE USO APLICABLE":80.99,"TARIFA ANUAL":60388.881461999998,"IMPORTE BIMESTRAL":10064.813577000001,"DEBE DESDE":null,"DEBE HASTA":null,"OBSERVACIONES":null},"geometry":{"type":"MultiPolygon","coordinates":[[[[629671.776142871822231,2635622.110733904410154],[629663.637848392594606,2635629.777141266968101],[629645.975870250491425,2635649.675608904566616],[629662.324486512225121,2635661.385130803566426],[629678.002228572499007,2635643.722157828975469],[629687.55993886187207,2635634.718637398444116],[629671.776142871822231,2635622.110733904410154]]]]}},
{"type":"Feature","properties":{"fid":62,"Clave":"ZFMT-221-247-23","ID":189,"NOMBRE DEL OCUPANTE IRREGULAR":"SOCIEDAD MERCANTIL TRES HIJAS CORPORACION SA","ID-OCUPACION":"8-lba-zf y 1-lba-tgm","ID - Actualizado":247,"ZONA":"LBA","X":627291.6573,"Y":2638121.524,"TIPO DE USO":"General","ZF":464.7116,"TGM":21.6376,"TOTAL":486.3492,"TIPO DE USO APLICABLE":80.99,"TARIFA ANUAL":39389.421708000002,"IMPORTE BIMESTRAL":6564.903618,"DEBE DESDE":null,"DEBE HASTA":null,"OBSERVACIONES":null},"geometry":{"type":"MultiPolygon","coordinates":[[[[627281.570846549933776,2638108.202504095621407],[627281.813399188453332,2638118.090236659161747],[627281.398871287587099,2638123.271589554846287],[627279.614137729513459,2638130.960845557041466],[627299.096233693300746,2638135.48278505820781],[627304.42143449082505,2638112.539958673063666],[627284.791726684663445,2638108.653982569929212],[627281.570846549933776,2638108.202504095621407]]]]}},
{"type":"Feature","properties":{"fid":63,"Clave":"ZFMT-221-295-23","ID":237,"NOMBRE DEL OCUPANTE IRREGULAR":"SOLANA CORPORATION","ID-OCUPACION":"25-lba-tgm","ID - Actualizado":295,"ZONA":"LBA","X":632428.477,"Y":2632485.522,"TIPO DE USO":"General","ZF":null,"TGM":91.6188,"TOTAL":91.6188,"TIPO DE USO APLICABLE":80.99,"TARIFA ANUAL":7420.206612,"IMPORTE BIMESTRAL":1236.701102,"DEBE DESDE":null,"DEBE HASTA":null,"OBSERVACIONES":null},"geometry":{"type":"MultiPolygon","coordinates":[[[[632439.40534298249986,2632495.061529090162367],[632431.134264304535463,2632485.230184202082455],[632427.301613126997836,2632479.040884908754379],[632418.130987433018163,2632482.316108370665461],[632422.569107954856008,2632484.974976843222976],[632425.991895206621848,2632487.754791291896254],[632436.447653890354559,2632493.289583906996995],[632439.40534298249986,2632495.061529090162367]]]]}},
{"type":"Feature","properties":{"fid":64,"Clave":"ZFMT-221-254-23","ID":196,"NOMBRE DEL OCUPANTE IRREGULAR":"HUGO PAUL  GALINDO CAMACHO","ID-OCUPACION":"12-lba-zf y 5-lba-tgm","ID - Actualizado":254,"ZONA":"LBA","X":627943.8726,"Y":2637496.228,"TIPO DE USO":"General","ZF":552.2523,"TGM":21.817,"TOTAL":574.0693,"TIPO DE USO APLICABLE":80.99,"TARIFA ANUAL":46493.872606999998,"IMPORTE BIMESTRAL":7748.9787678333296,"DEBE DESDE":null,"DEBE HASTA":null,"OBSERVACIONES":null},"geometry":{"type":"MultiPolygon","coordinates":[[[[627941.763201288646087,2637485.441655160859227],[627927.186949868453667,2637491.510048675816506],[627925.328969186986797,2637492.167537641711533],[627926.197193166357465,2637493.768543586134911],[627935.851496844319627,2637511.307128651067615],[627960.236515793716535,2637499.277328687254339],[627951.31900711893104,2637481.375262400601059],[627946.509306554915383,2637483.748019861988723],[627941.763201288646087,2637485.441655160859227]]]]}},
{"type":"Feature","properties":{"fid":65,"Clave":"ZFMT-221-296-23","ID":238,"NOMBRE DEL OCUPANTE IRREGULAR":"ALVARADO CORPORATION LLC A NEVADA LLC","ID-OCUPACION":"26-lba-tgm","ID - Actualizado":296,"ZONA":"LBA","X":632413.8521,"Y":2632467.87,"TIPO DE USO":"General","ZF":null,"TGM":390.3232,"TOTAL":390.3232,"TIPO DE USO APLICABLE":80.99,"TARIFA ANUAL":31612.275968000002,"IMPORTE BIMESTRAL":5268.7126613333303,"DEBE DESDE":null,"DEBE HASTA":null,"OBSERVACIONES":null},"geometry":{"type":"MultiPolygon","coordinates":[[[[632427.301613126997836,2632479.040884908754379],[632410.631280751200393,2632452.120178688783199],[632397.713183704647236,2632456.48489496530965],[632402.718555678613484,2632465.129060334991664],[632412.666700546978973,2632476.932743084151298],[632416.401093923137523,2632479.965628244914114],[632417.020076029584743,2632481.650563735049218],[632418.130987433018163,2632482.316108370665461],[632427.301613126997836,2632479.040884908754379]]]]}},
{"type":"Feature","properties":{"fid":66,"Clave":"ZFMT-221-265-23","ID":207,"NOMBRE DEL OCUPANTE IRREGULAR":"NULL","ID-OCUPACION":"23-lba-zf y 6-lba-tgm","ID - Actualizado":265,"ZONA":"LBA","X":629456.6536,"Y":2635861.052,"TIPO DE USO":"General","ZF":451.4366,"TGM":106.9194,"TOTAL":558.356,"TIPO DE USO APLICABLE":80.99,"TARIFA ANUAL":45221.25244,"IMPORTE BIMESTRAL":7536.8754066666697,"DEBE DESDE":null,"DEBE HASTA":null,"OBSERVACIONES":null},"geometry":{"type":"MultiPolygon","coordinates":[[[[629453.374714243691415,2635844.148875687271357],[629443.844039154588245,2635849.812570717185736],[629439.134620000724681,2635863.187806621193886],[629440.552651922102086,2635864.284092623274773],[629458.067544182064012,2635874.060747044160962],[629468.309321943670511,2635862.428637572098523],[629472.707256132853217,2635858.391119706910104],[629456.087831443524919,2635846.498508223332465],[629453.374714243691415,2635844.148875687271357]]]]}},
{"type":"Feature","properties":{"fid":67,"Clave":"ZFMT-221-267-23","ID":209,"NOMBRE DEL OCUPANTE IRREGULAR":"THEODORE HAYS PAULS","ID-OCUPACION":"25-lba-zf y 7-lba-tgm","ID - Actualizado":267,"ZONA":"LBA","X":630105.4662,"Y":2634933.351,"TIPO DE USO":"General","ZF":940.9307,"TGM":365.2036,"TOTAL":1306.1343,"TIPO DE USO APLICABLE":80.99,"TARIFA ANUAL":105783.816957,"IMPORTE BIMESTRAL":17630.636159500002,"DEBE DESDE":null,"DEBE HASTA":null,"OBSERVACIONES":null},"geometry":{"type":"MultiPolygon","coordinates":[[[[630090.139645762275904,2634908.54112521559],[630087.377092993352562,2634919.494121512863785],[630086.982006261940114,2634938.670204467140138],[630085.532944824313745,2634942.210477016866207],[630085.358379009529017,2634950.002420922741294],[630092.510710268979892,2634952.532685049809515],[630111.422901572310366,2634961.689537164755166],[630115.35705211898312,2634933.623888060916215],[630119.065778303425759,2634911.301801120396703],[630099.016649793135002,2634909.947345911990851],[630090.139645762275904,2634908.54112521559]]]]}},
{"type":"Feature","properties":{"fid":68,"Clave":"ZFMT-221-268-23","ID":210,"NOMBRE DEL OCUPANTE IRREGULAR":"ROBERT BOWMAN Y COP","ID-OCUPACION":"26-lba-zf y 8-lba-tgm","ID - Actualizado":268,"ZONA":"LBA","X":630110.3606,"Y":2634901.887,"TIPO DE USO":"General","ZF":343.3291,"TGM":198.9764,"TOTAL":542.3055,"TIPO DE USO APLICABLE":80.99,"TARIFA ANUAL":43921.322444999998,"IMPORTE BIMESTRAL":7320.2204075,"DEBE DESDE":null,"DEBE HASTA":null,"OBSERVACIONES":null},"geometry":{"type":"MultiPolygon","coordinates":[[[[630095.101621682755649,2634886.312700597569346],[630090.734886250691488,2634898.814103404060006],[630090.247529268381186,2634908.113387633115053],[630090.139645762275904,2634908.54112521559],[630099.016649789176881,2634909.94734591152519],[630119.065778303425759,2634911.301801120396703],[630121.342051846440881,2634897.601362361107022],[630102.560301515040919,2634889.82990371575579],[630095.101621682755649,2634886.312700597569346]]]]}},
{"type":"Feature","properties":{"fid":69,"Clave":"ZFMT-221-269-23","ID":211,"NOMBRE DEL OCUPANTE IRREGULAR":"DAVID JASON ACKERMAN","ID-OCUPACION":"27-lba-zf y 9-lba-tgm","ID - Actualizado":269,"ZONA":"LBA","X":630114.043,"Y":2634883.288,"TIPO DE USO":"General","ZF":419.9971,"TGM":144.1504,"TOTAL":564.1475,"TIPO DE USO APLICABLE":80.99,"TARIFA ANUAL":45690.306024999998,"IMPORTE BIMESTRAL":7615.0510041666703,"DEBE DESDE":null,"DEBE HASTA":null,"OBSERVACIONES":null},"geometry":{"type":"MultiPolygon","coordinates":[[[[630102.021477043163031,2634866.502043284941465],[630099.087310923729092,2634874.902184105943888],[630095.101621682755649,2634886.312700597569346],[630102.560301515040919,2634889.82990371575579],[630121.342051846440881,2634897.601362361107022],[630126.017346579348668,2634877.029214709065855],[630107.047201767680235,2634869.605950981844217],[630102.021477043163031,2634866.502043284941465]]]]}},
{"type":"Feature","properties":{"fid":70,"Clave":"ZFMT-221-270-23","ID":212,"NOMBRE DEL OCUPANTE IRREGULAR":"MANDI LEE ACKERMAN Y COP","ID-OCUPACION":"28-lba-zf y 10-lba-tgm","ID - Actualizado":270,"ZONA":"LBA","X":630119.0773,"Y":2634864.596,"TIPO DE USO":"General","ZF":379.3219,"TGM":88.8579,"TOTAL":468.1798,"TIPO DE USO APLICABLE":80.99,"TARIFA ANUAL":37917.882001999998,"IMPORTE BIMESTRAL":6319.6470003333297,"DEBE DESDE":null,"DEBE HASTA":null,"OBSERVACIONES":null},"geometry":{"type":"MultiPolygon","coordinates":[[[[630109.187401784583926,2634847.808510920964181],[630103.495066738105379,2634862.283345213159919],[630102.021477043163031,2634866.502043284941465],[630107.047201767680235,2634869.605950981844217],[630126.017346579348668,2634877.029214709065855],[630126.385874654748477,2634874.902184105943888],[630129.216741390759125,2634862.162174969911575],[630129.794820873532444,2634860.354148900136352],[630111.91577919467818,2634849.42806787462905],[630109.187401784583926,2634847.808510920964181]]]]}},
{"type":"Feature","properties":{"fid":71,"Clave":"ZFMT-221-271-23","ID":213,"NOMBRE DEL OCUPANTE IRREGULAR":"WILLIAM LEWIS WOODS III Y COP","ID-OCUPACION":"29-lba-zf y 11-lba-tgm","ID - Actualizado":271,"ZONA":"LBA","X":630124.2048,"Y":2634844.785,"TIPO DE USO":"General","ZF":450.0433,"TGM":28.9623,"TOTAL":479.0056,"TIPO DE USO APLICABLE":80.99,"TARIFA ANUAL":38794.663544000003,"IMPORTE BIMESTRAL":6465.7772573333305,"DEBE DESDE":null,"DEBE HASTA":null,"OBSERVACIONES":null},"geometry":{"type":"MultiPolygon","coordinates":[[[[630109.60592559853103,2634846.744261750020087],[630109.187401784583926,2634847.808510920964181],[630111.91577919467818,2634849.42806787462905],[630129.794820873532444,2634860.354148900136352],[630135.859849322005175,2634838.110694689210504],[630124.569434140343219,2634832.067676378879696],[630117.738454626873136,2634828.517429214902222],[630116.870691418764181,2634831.668130012229085],[630109.60592559853103,2634846.744261750020087]]]]}},
{"type":"Feature","properties":{"fid":72,"Clave":"ZFMT-221-297-23","ID":239,"NOMBRE DEL OCUPANTE IRREGULAR":"PARAISO DE AVIADORES CORP","ID-OCUPACION":"27-lba-tgm","ID - Actualizado":297,"ZONA":"LBA","X":632399.3811,"Y":2632438.158,"TIPO DE USO":"General","ZF":null,"TGM":462.8169,"TOTAL":462.8169,"TIPO DE USO APLICABLE":80.99,"TARIFA ANUAL":37483.540731000001,"IMPORTE BIMESTRAL":6247.2567885,"DEBE DESDE":null,"DEBE HASTA":null,"OBSERVACIONES":null},"geometry":{"type":"MultiPolygon","coordinates":[[[[632410.631280751200393,2632452.120178688783199],[632400.438131670933217,2632422.997204134240746],[632386.359851804212667,2632427.084446676075459],[632389.943397360853851,2632439.525672522839159],[632395.344520286656916,2632452.394266257062554],[632397.713183704647236,2632456.48489496530965],[632410.631280751200393,2632452.120178688783199]]]]}},
{"type":"Feature","properties":{"fid":73,"Clave":"ZFMT-221-277-23","ID":219,"NOMBRE DEL OCUPANTE IRREGULAR":"PLAYA BALLENA S.A DE C.V","ID-OCUPACION":"35-lba-zf y 12-lba-tgm","ID - Actualizado":277,"ZONA":"LBA","X":630476.6956,"Y":2634383.033,"TIPO DE USO":"Protección","ZF":4012.5136,"TGM":34.1406,"TOTAL":4046.6542,"TIPO DE USO APLICABLE":28.19,"TARIFA ANUAL":114075.181898,"IMPORTE BIMESTRAL":19012.530316333301,"DEBE DESDE":null,"DEBE HASTA":null,"OBSERVACIONES":null},"geometry":{"type":"MultiPolygon","coordinates":[[[[630422.647330290055834,2634466.290961900260299],[630435.812693283078261,2634449.917482180986553],[630456.865634898422286,2634421.131843416951597],[630479.393399272346869,2634394.016734827775508],[630505.136964212288149,2634369.631952078081667],[630532.402282842551358,2634346.528414078056812],[630560.137939095380716,2634325.733713744208217],[630546.075899466057308,2634311.279719600919634],[630519.927717601531185,2634330.884217190090567],[630491.785088304546662,2634354.731153079774231],[630464.77290125854779,2634380.31759824603796],[630441.087267724913545,2634408.826353691052645],[630432.915423625148833,2634419.99969737790525],[630427.217029742547311,2634425.815201016142964],[630405.120371709112078,2634456.171404692810029],[630422.647330290055834,2634466.290961900260299]]]]}},
{"type":"Feature","properties":{"fid":74,"Clave":"ZFMT-221-279-23","ID":221,"NOMBRE DEL OCUPANTE IRREGULAR":"CONSORCIO LOS CABOS SA DE CV","ID-OCUPACION":"37-lba-zf y 13-lba-tgm","ID - Actualizado":279,"ZONA":"LBA","X":631049.2952000001,"Y":2633776.312,"TIPO DE USO":"Protección","ZF":2610.4291,"TGM":125.8746,"TOTAL":2736.3037,"TIPO DE USO APLICABLE":28.19,"TARIFA ANUAL":77136.401303000006,"IMPORTE BIMESTRAL":12856.0668838333,"DEBE DESDE":null,"DEBE HASTA":null,"OBSERVACIONES":null},"geometry":{"type":"MultiPolygon","coordinates":[[[[631062.01232252875343,2633719.914280290249735],[631061.07444170396775,2633721.654975501820445],[631047.740619526826777,2633756.591090166009963],[631033.380176436854526,2633783.154138640966266],[631014.887234086287208,2633810.620862273965031],[630997.262671846081503,2633830.930752107873559],[631013.289844801300205,2633842.989234835840762],[631030.795909061096609,2633822.802937543019652],[631050.512269680504687,2633793.519126567989588],[631067.297722728922963,2633762.470446507912129],[631084.778946069185622,2633733.146291008219123],[631067.686731768655591,2633722.759521624073386],[631062.01232252875343,2633719.914280290249735]]]]}},
{"type":"Feature","properties":{"fid":75,"Clave":"ZFMT-221-281-23","ID":223,"NOMBRE DEL OCUPANTE IRREGULAR":"CONSORCIO LOS CABOS SA DE CV","ID-OCUPACION":"39-lba-zf y 14-lba-tgm y 15-lba-tgm","ID - Actualizado":281,"ZONA":"LBA","X":631487.0886,"Y":2633309.059,"TIPO DE USO":"Protección","ZF":4449.7303,"TGM":72.6471,"TOTAL":4522.3774,"TIPO DE USO APLICABLE":28.19,"TARIFA ANUAL":127485.818906,"IMPORTE BIMESTRAL":21247.636484333299,"DEBE DESDE":null,"DEBE HASTA":null,"OBSERVACIONES":null},"geometry":{"type":"MultiPolygon","coordinates":[[[[631558.869464846909977,2633232.226130166091025],[631554.928318462683819,2633234.68715204205364],[631541.740611511282623,2633244.774533648975194],[631537.995845412719063,2633249.471056416165084],[631525.547274264856242,2633259.372738705016673],[631497.509643007651903,2633283.550874944776297],[631482.878160013817251,2633298.31600854313001],[631478.978199791628867,2633301.736200931016356],[631462.464201117167249,2633316.663025477901101],[631456.419813611661084,2633327.826191314030439],[631446.513580736238509,2633339.640405490063131],[631439.267882072017528,2633357.720786490943283],[631429.582771705463529,2633391.507462059147656],[631423.559402497950941,2633405.86309182504192],[631440.99418618506752,2633416.002646198030561],[631448.482644836418331,2633398.155236184131354],[631458.212312280666083,2633364.213122476823628],[631463.890548499650322,2633350.044071428012103],[631486.527883208589628,2633323.046692708041519],[631511.164317351300269,2633298.185218196827918],[631538.307905132998712,2633274.778056678827852],[631566.056626935722306,2633252.706525420770049],[631572.590464848442934,2633248.433217388112098],[631563.152747959946282,2633238.119160483125597],[631559.456465604831465,2633233.128575819078833],[631558.869464846909977,2633232.226130166091025]]]]}},
{"type":"Feature","properties":{"fid":76,"Clave":"ZFMT-221-298-23","ID":240,"NOMBRE DEL OCUPANTE IRREGULAR":"CASA DE LA CANTANTE INC","ID-OCUPACION":"28-lba-tgm","ID - Actualizado":298,"ZONA":"LBA","X":632390.4522000001,"Y":2632412.09,"TIPO DE USO":"General","ZF":null,"TGM":364.7265,"TOTAL":364.7265,"TIPO DE USO APLICABLE":80.99,"TARIFA ANUAL":29539.199235,"IMPORTE BIMESTRAL":4923.1998725000003,"DEBE DESDE":null,"DEBE HASTA":null,"OBSERVACIONES":null},"geometry":{"type":"MultiPolygon","coordinates":[[[[632400.438131670933217,2632422.997204134240746],[632397.656453482806683,2632415.049636365845799],[632394.514936522813514,2632397.202653638087213],[632382.568378739990294,2632399.952361605130136],[632382.359324056538753,2632405.318296450190246],[632385.606703683850355,2632424.469693853054196],[632386.359851804212667,2632427.084446676075459],[632400.438131670933217,2632422.997204134240746]]]]}},
{"type":"Feature","properties":{"fid":77,"Clave":"ZFMT-221-282-23","ID":224,"NOMBRE DEL OCUPANTE IRREGULAR":"PP HACIENDA LLC, A CALIFORNIA LIMITED COMPANY","ID-OCUPACION":"40-lba-zf y 16-lba-tgm","ID - Actualizado":282,"ZONA":"LBA","X":631588.333,"Y":2633227.112,"TIPO DE USO":"General","ZF":1010.9835,"TGM":42.5937,"TOTAL":1053.5772,"TIPO DE USO APLICABLE":80.99,"TARIFA ANUAL":85329.217428000004,"IMPORTE BIMESTRAL":14221.536238000001,"DEBE DESDE":null,"DEBE HASTA":null,"OBSERVACIONES":null},"geometry":{"type":"MultiPolygon","coordinates":[[[[631602.974021636880934,2633204.557600653730333],[631568.211082627181895,2633226.474695995915681],[631568.076919894432649,2633226.611939670983702],[631566.672897521406412,2633227.35333005990833],[631558.869464846909977,2633232.226130166091025],[631559.456465604831465,2633233.128575819078833],[631563.152747959946282,2633238.119160483125597],[631572.590464848442934,2633248.433217388112098],[631595.556563976919279,2633233.433667188044637],[631613.954098875634372,2633222.963470479473472],[631605.25056750443764,2633208.496202969923615],[631603.70504609006457,2633205.741613634862006],[631602.974021636880934,2633204.557600653730333]]]]}},
{"type":"Feature","properties":{"fid":78,"Clave":"ZFMT-221-283-23","ID":225,"NOMBRE DEL OCUPANTE IRREGULAR":"CONSORCIO LOS CABOS SA DE CV","ID-OCUPACION":"41-lba-zf y 17-lba-tgm","ID - Actualizado":283,"ZONA":"LBA","X":631659.7448,"Y":2633182.457,"TIPO DE USO":"General","ZF":2279.1683,"TGM":29.2677,"TOTAL":2308.436,"TIPO DE USO APLICABLE":80.99,"TARIFA ANUAL":186960.23164000001,"IMPORTE BIMESTRAL":31160.038606666702,"DEBE DESDE":null,"DEBE HASTA":null,"OBSERVACIONES":null},"geometry":{"type":"MultiPolygon","coordinates":[[[[631605.25056750443764,2633208.496202969923615],[631613.954098875634372,2633222.963470479473472],[631626.046588152297772,2633216.009520850144327],[631655.949264132184908,2633196.072969792876393],[631687.239468508749269,2633178.634758422151208],[631712.164101101690903,2633168.916735257487744],[631704.427088851691224,2633150.466936931945384],[631678.698927687597461,2633160.498252979014069],[631645.517362310551107,2633178.990530745126307],[631622.56181539024692,2633194.295329337008297],[631612.506696231430396,2633198.547506458126009],[631602.974021636880934,2633204.557600653730333],[631603.70504609006457,2633205.741613634862006],[631605.25056750443764,2633208.496202969923615]]]]}},
{"type":"Feature","properties":{"fid":79,"Clave":"ZFMT-221-285-23","ID":227,"NOMBRE DEL OCUPANTE IRREGULAR":"PUNTA PESCADERO ARCOS LLC","ID-OCUPACION":"43-lba-zf y 18-lba-tgm","ID - Actualizado":285,"ZONA":"LBA","X":631983.7082,"Y":2633025.742,"TIPO DE USO":"General","ZF":1134.3739,"TGM":246.0616,"TOTAL":1380.4355,"TIPO DE USO APLICABLE":80.99,"TARIFA ANUAL":111801.471145,"IMPORTE BIMESTRAL":18633.5785241667,"DEBE DESDE":null,"DEBE HASTA":null,"OBSERVACIONES":null},"geometry":{"type":"MultiPolygon","coordinates":[[[[631999.067102817236446,2633001.186817651148885],[631991.529081656830385,2633004.724994311109185],[631965.482915447442792,2633021.525873185135424],[631950.595788017264567,2633032.346431825775653],[631954.012832246138714,2633037.15373769402504],[631965.969341207062826,2633053.190465919673443],[631973.586097934748977,2633047.726218355819583],[632001.359200310893357,2633025.537819900084287],[632010.434131652233191,2633018.985409422311932],[632003.805716390372254,2633009.09435450611636],[631999.612064761808142,2633002.130843033082783],[631999.067102817236446,2633001.186817651148885]]]]}},
{"type":"Feature","properties":{"fid":80,"Clave":"ZFMT-221-286-23","ID":228,"NOMBRE DEL OCUPANTE IRREGULAR":"ROOSTERFISH CORPORATION","ID-OCUPACION":"44-lba-zf y 19-lba-tgm","ID - Actualizado":286,"ZONA":"LBA","X":632025.8468000001,"Y":2632994.325,"TIPO DE USO":"General","ZF":990.9409,"TGM":3.177,"TOTAL":994.1179,"TIPO DE USO APLICABLE":80.99,"TARIFA ANUAL":80513.608720999997,"IMPORTE BIMESTRAL":13418.934786833301,"DEBE DESDE":null,"DEBE HASTA":null,"OBSERVACIONES":null},"geometry":{"type":"MultiPolygon","coordinates":[[[[632003.805716390372254,2633009.09435450611636],[632010.434131652233191,2633018.985409422311932],[632027.429636562359519,2633006.714074216783047],[632051.559873487683944,2632989.935251005925238],[632045.414564824895933,2632981.635684050153941],[632038.719884841819294,2632974.503630660008639],[632015.865879066870548,2632990.395033786073327],[632004.360871388111264,2632998.702042403165251],[631999.067102817236446,2633001.186817651148885],[631999.612064761808142,2633002.130843033082783],[632003.805716390372254,2633009.09435450611636]]]]}},
{"type":"Feature","properties":{"fid":81,"Clave":"ZFMT-221-287-23","ID":229,"NOMBRE DEL OCUPANTE IRREGULAR":"NULL","ID-OCUPACION":"45-lba-zf y 20-lba-tgm","ID - Actualizado":287,"ZONA":"LBA","X":632057.8365,"Y":2632972.222,"TIPO DE USO":"General","ZF":612.4231,"TGM":0.7444,"TOTAL":613.1675,"TIPO DE USO APLICABLE":80.99,"TARIFA ANUAL":49660.435825,"IMPORTE BIMESTRAL":8276.7393041666692,"DEBE DESDE":null,"DEBE HASTA":null,"OBSERVACIONES":null},"geometry":{"type":"MultiPolygon","coordinates":[[[[632062.435816260171123,2632954.96951293386519],[632059.231444810400717,2632958.089158629998565],[632044.133584511466324,2632970.739245338831097],[632038.719884841819294,2632974.503630660008639],[632045.414564824895933,2632981.635684050153941],[632051.559873487683944,2632989.935251005925238],[632056.289381060632877,2632986.646614777855575],[632075.803205657517537,2632970.296511631458998],[632068.113415336469188,2632961.736513917800039],[632062.654385510249995,2632955.22116966964677],[632062.435816260171123,2632954.96951293386519]]]]}},
{"type":"Feature","properties":{"fid":82,"Clave":"ZFMT-221-288-23","ID":230,"NOMBRE DEL OCUPANTE IRREGULAR":"NULL","ID-OCUPACION":"46-lba-zf y 21-lba-tgm y 22-lba-tgm","ID - Actualizado":288,"ZONA":"LBA","X":632081.7571,"Y":2632952.448,"TIPO DE USO":"General","ZF":629.0063,"TGM":60.4144,"TOTAL":689.4207,"TIPO DE USO APLICABLE":80.99,"TARIFA ANUAL":55836.182493,"IMPORTE BIMESTRAL":9306.0304154999994,"DEBE DESDE":null,"DEBE HASTA":null,"OBSERVACIONES":null},"geometry":{"type":"MultiPolygon","coordinates":[[[[632083.179586960817687,2632931.4743831041269],[632073.349127893918194,2632946.575419025029987],[632071.096132019069046,2632948.148059758823365],[632065.92752243229188,2632952.478697223123163],[632062.808101469301619,2632954.607071198057383],[632062.435816260171123,2632954.96951293386519],[632062.65438551036641,2632955.221169670112431],[632068.113415336469188,2632961.736513917800039],[632075.803205657517537,2632970.296511631458998],[632083.265773891005665,2632964.043828576803207],[632100.924549981486052,2632951.717614002991468],[632090.014067656942643,2632938.974143336992711],[632087.795118528534658,2632936.491799447219819],[632083.179586960817687,2632931.4743831041269]]]]}},
{"type":"Feature","properties":{"fid":83,"Clave":"ZFMT-221-289-23","ID":231,"NOMBRE DEL OCUPANTE IRREGULAR":"NULL","ID-OCUPACION":"47-lba-zf y 23-lba-tgm","ID - Actualizado":289,"ZONA":"LBA","X":632106.4431,"Y":2632935.034,"TIPO DE USO":"General","ZF":609.4385,"TGM":205.6991,"TOTAL":815.1376,"TIPO DE USO APLICABLE":80.99,"TARIFA ANUAL":66017.994223999995,"IMPORTE BIMESTRAL":11002.9990373333,"DEBE DESDE":null,"DEBE HASTA":null,"OBSERVACIONES":null},"geometry":{"type":"MultiPolygon","coordinates":[[[[632109.436181640485302,2632915.787330499384552],[632109.143455384648405,2632915.938886320218444],[632086.853521011653356,2632925.830678197089583],[632083.179586960817687,2632931.4743831041269],[632087.795118528534658,2632936.491799447219819],[632087.795118528418243,2632936.491799447219819],[632090.014067656942643,2632938.974143336992711],[632100.924549981486052,2632951.717614002991468],[632112.60406319948379,2632943.56505658198148],[632125.336681855958886,2632932.781082971952856],[632111.520887301419862,2632918.190744201187044],[632109.436181640485302,2632915.787330499384552]]]]}},
{"type":"Feature","properties":{"fid":84,"Clave":"ZFMT-221-290-23","ID":232,"NOMBRE DEL OCUPANTE IRREGULAR":"NULL","ID-OCUPACION":"48-lba-zf y 24-lba-tgm","ID - Actualizado":290,"ZONA":"LBA","X":632142.1006,"Y":2632902.438,"TIPO DE USO":"General","ZF":1197.9355,"TGM":21.6802,"TOTAL":1219.6157,"TIPO DE USO APLICABLE":80.99,"TARIFA ANUAL":98776.675543000005,"IMPORTE BIMESTRAL":16462.779257166701,"DEBE DESDE":null,"DEBE HASTA":null,"OBSERVACIONES":null},"geometry":{"type":"MultiPolygon","coordinates":[[[[632125.336681855958886,2632932.781082971952856],[632139.550344586488791,2632920.55598217388615],[632164.732362729148008,2632895.27877875091508],[632168.159512907499447,2632891.386361241806298],[632157.119450627593324,2632879.204921768978238],[632154.662356640794314,2632876.450725942850113],[632150.128730862983502,2632881.59983335621655],[632125.950280692894012,2632905.869675429072231],[632121.881650895811617,2632909.343824769835919],[632109.436181640485302,2632915.787330499384552],[632111.520887301419862,2632918.190744201187044],[632125.336681855958886,2632932.781082971952856]]]]}},
{"type":"Feature","properties":{"fid":85,"Clave":"ZFMT-221-299-23","ID":241,"NOMBRE DEL OCUPANTE IRREGULAR":"SALLY LOUSIE HOLT","ID-OCUPACION":"53-lba-zf y 29-lba-tgm","ID - Actualizado":299,"ZONA":"LBA","X":632402.9301,"Y":2632387.541,"TIPO DE USO":"General","ZF":375.7202,"TGM":191.1614,"TOTAL":566.8816,"TIPO DE USO APLICABLE":80.99,"TARIFA ANUAL":45911.740784000001,"IMPORTE BIMESTRAL":7651.9567973333296,"DEBE DESDE":null,"DEBE HASTA":null,"OBSERVACIONES":null},"geometry":{"type":"MultiPolygon","coordinates":[[[[632414.264673090190627,2632394.034082198049873],[632410.971629495033994,2632375.326275349594653],[632391.296890540746972,2632378.920908929780126],[632383.588542436948046,2632380.183751911856234],[632383.16604058467783,2632384.611808291170746],[632382.568378739990294,2632399.952361605130136],[632394.514936524210498,2632397.202653637621552],[632414.264673090190627,2632394.034082198049873]]]]}},
{"type":"Feature","properties":{"fid":86,"Clave":"ZFMT-221-301-23","ID":243,"NOMBRE DEL OCUPANTE IRREGULAR":"SCOT ALLEN LEWIS Y COP","ID-OCUPACION":"55-lba-zf y 30-lba-tgm","ID - Actualizado":301,"ZONA":"LBA","X":631882.1322,"Y":2631316.539,"TIPO DE USO":"General","ZF":555.158,"TGM":4.0864,"TOTAL":559.2444,"TIPO DE USO APLICABLE":80.99,"TARIFA ANUAL":45293.203955999998,"IMPORTE BIMESTRAL":7548.867326,"DEBE DESDE":null,"DEBE HASTA":null,"OBSERVACIONES":"Concesión 1177/06"},"geometry":{"type":"MultiPolygon","coordinates":[[[[631896.317286127479747,2631322.328446861356497],[631885.841740861418657,2631305.119029245804995],[631868.650099832098931,2631315.341086074244231],[631876.443584889057092,2631328.144366033840925],[631876.443584889057092,2631331.308136613108218],[631877.665223735384643,2631332.179424327332526],[631878.56614546244964,2631331.631347411312163],[631896.317286127479747,2631322.328446861356497]]],[[[631900.117002036771737,2631345.87661861628294],[631881.066599373123609,2631352.160188254434615],[631883.026253182906657,2631360.123879739549011],[631902.046742471517064,2631353.718747359700501],[631900.117002036771737,2631345.87661861628294]]]]}},
{"type":"Feature","properties":{"fid":87,"Clave":"ZFMT-221-252-23","ID":194,"NOMBRE DEL OCUPANTE IRREGULAR":"AVILES LUCERO SIMON Y COPS","ID-OCUPACION":"3-lba-tgm","ID - Actualizado":252,"ZONA":"LBA","X":627777.0098,"Y":2637573.88,"TIPO DE USO":"General","ZF":null,"TGM":303.5823,"TOTAL":303.5823,"TIPO DE USO APLICABLE":80.99,"TARIFA ANUAL":24587.130477,"IMPORTE BIMESTRAL":4097.8550795000001,"DEBE DESDE":null,"DEBE HASTA":null,"OBSERVACIONES":null},"geometry":{"type":"MultiPolygon","coordinates":[[[[627755.316157870343886,2637592.157833750359714],[627768.408392903511412,2637583.566142453812063],[627797.037317724549212,2637565.172309658490121],[627792.697266629780643,2637558.424638978205621],[627782.169109232607298,2637565.937275820877403],[627759.143986956565641,2637584.183146391063929],[627753.471692794933915,2637589.379159091506153],[627755.316157870343886,2637592.157833750359714]]]]}},
{"type":"Feature","properties":{"fid":88,"Clave":"ZFMT-221-272-23","ID":214,"NOMBRE DEL OCUPANTE IRREGULAR":"JOHN R. VICKLAND Y COP","ID-OCUPACION":"30-lba-zf","ID - Actualizado":272,"ZONA":"LBA","X":630130.2179,"Y":2634824.369,"TIPO DE USO":"General","ZF":372.3992,"TGM":null,"TOTAL":372.3992,"TIPO DE USO APLICABLE":80.99,"TARIFA ANUAL":30160.611207999998,"IMPORTE BIMESTRAL":5026.7685346666703,"DEBE DESDE":null,"DEBE HASTA":null,"OBSERVACIONES":null},"geometry":{"type":"MultiPolygon","coordinates":[[[[630124.522124177659862,2634810.05064833862707],[630120.229331024806015,2634819.473480149172246],[630117.738454626873136,2634828.517429214902222],[630124.569434140343219,2634832.067676378879696],[630135.859849322005175,2634838.110694689210504],[630139.089022584841587,2634826.317598999012262],[630141.292887390241958,2634821.48003830621019],[630124.522124177659862,2634810.05064833862707]]]]}},
{"type":"Feature","properties":{"fid":89,"Clave":"ZFMT-221-273-23","ID":215,"NOMBRE DEL OCUPANTE IRREGULAR":"LONN THOMAS JOHNSTON","ID-OCUPACION":"31-lba-zf","ID - Actualizado":273,"ZONA":"LBA","X":630137.8625,"Y":2634807.075,"TIPO DE USO":"General","ZF":399.1526,"TGM":null,"TOTAL":399.1526,"TIPO DE USO APLICABLE":80.99,"TARIFA ANUAL":32327.369073999998,"IMPORTE BIMESTRAL":5387.8948456666703,"DEBE DESDE":null,"DEBE HASTA":null,"OBSERVACIONES":null},"geometry":{"type":"MultiPolygon","coordinates":[[[[630124.522124177659862,2634810.05064833862707],[630141.292887390241958,2634821.48003830621019],[630149.780820325831883,2634802.91697502322495],[630144.553854676196352,2634799.76860344177112],[630132.621694755740464,2634792.271806360222399],[630124.522124177659862,2634810.05064833862707]]]]}},
{"type":"Feature","properties":{"fid":90,"Clave":"ZFMT-234-315-23","ID":256,"NOMBRE DEL OCUPANTE IRREGULAR":"JAMES KNOX MENEELY III","ID-OCUPACION":"68-lba-zf y 31-lba-tgm","ID - Actualizado":315,"ZONA":"LBA","X":631149.3346,"Y":2625391.581,"TIPO DE USO":"General","ZF":612.7425,"TGM":116.8334,"TOTAL":729.5759,"TIPO DE USO APLICABLE":80.99,"TARIFA ANUAL":59088.352141000003,"IMPORTE BIMESTRAL":9848.0586901666702,"DEBE DESDE":null,"DEBE HASTA":null,"OBSERVACIONES":null},"geometry":{"type":"MultiPolygon","coordinates":[[[[631157.698008262668736,2625407.878020104486495],[631159.871973827830516,2625377.14262628974393],[631139.76828719698824,2625377.902107359841466],[631132.809983073850162,2625377.349776387680322],[631136.942149085458368,2625408.294484087731689],[631137.620645613642409,2625408.265334307216108],[631157.698008262668736,2625407.878020104486495]]]]}},
{"type":"Feature","properties":{"fid":91,"Clave":"ZFMT-234-316-23","ID":257,"NOMBRE DEL OCUPANTE IRREGULAR":"ROGER EUGENE YOUNT II Y COP","ID-OCUPACION":"69-lba-zf y 32-lba-tgm","ID - Actualizado":316,"ZONA":"LBA","X":631153.0343000001,"Y":2625365.428,"TIPO DE USO":"General","ZF":517.137,"TGM":308.3377,"TOTAL":825.4747,"TIPO DE USO APLICABLE":80.99,"TARIFA ANUAL":66855.195953000002,"IMPORTE BIMESTRAL":11142.532658833299,"DEBE DESDE":null,"DEBE HASTA":null,"OBSERVACIONES":null},"geometry":{"type":"MultiPolygon","coordinates":[[[[631129.270161945605651,2625350.840984191279858],[631132.809983073850162,2625377.349776387680322],[631139.76828719698824,2625377.902107359841466],[631159.871973827830516,2625377.14262628974393],[631159.988071101019159,2625375.501249984838068],[631167.732786534703337,2625353.832860601134598],[631147.122008399455808,2625352.074907020200044],[631129.270161945605651,2625350.840984191279858]]]]}},
{"type":"Feature","properties":{"fid":92,"Clave":"ZFMT-234-317-23","ID":258,"NOMBRE DEL OCUPANTE IRREGULAR":"NULL","ID-OCUPACION":"70-lba-zf y 33-lba-tgm","ID - Actualizado":317,"ZONA":"LBA","X":631160.0191,"Y":2625345.909,"TIPO DE USO":"General","ZF":276.1864,"TGM":695.7253,"TOTAL":971.9117,"TIPO DE USO APLICABLE":80.99,"TARIFA ANUAL":78715.128582999998,"IMPORTE BIMESTRAL":13119.1880971667,"DEBE DESDE":null,"DEBE HASTA":null,"OBSERVACIONES":null},"geometry":{"type":"MultiPolygon","coordinates":[[[[631154.488126400043257,2625322.823972439393401],[631128.022515751887113,2625322.087680334690958],[631126.454837314551696,2625329.757756279781461],[631129.270161945605651,2625350.840984191279858],[631147.122008398990147,2625352.074907020200044],[631167.732786534703337,2625353.832860601134598],[631171.82273887610063,2625342.389873361214995],[631152.324118391494267,2625337.520292859058827],[631154.488126400043257,2625322.823972439393401]]]]}},
{"type":"Feature","properties":{"fid":93,"Clave":"ZFMT-221-274-23","ID":216,"NOMBRE DEL OCUPANTE IRREGULAR":"PAMELA ANN HABERMAN Y COP","ID-OCUPACION":"32-lba-zf","ID - Actualizado":274,"ZONA":"LBA","X":630158.5123,"Y":2634764.517,"TIPO DE USO":"General","ZF":1518.2686,"TGM":null,"TOTAL":1518.2686,"TIPO DE USO APLICABLE":80.99,"TARIFA ANUAL":122964.57391399999,"IMPORTE BIMESTRAL":20494.095652333301,"DEBE DESDE":null,"DEBE HASTA":null,"OBSERVACIONES":null},"geometry":{"type":"MultiPolygon","coordinates":[[[[630164.349221031647176,2634741.694101470056921],[630156.945713977562264,2634749.892140342853963],[630152.904675541445613,2634756.591796591877937],[630151.480543009354733,2634758.952872479800135],[630136.443414694978856,2634783.882996818050742],[630132.621694755740464,2634792.271806358825415],[630144.553854676196352,2634799.76860344177112],[630149.780820325831883,2634802.91697502322495],[630154.165280148969032,2634793.224683948792517],[630173.078057659440674,2634761.869102946016937],[630181.025875380844809,2634753.070492768194526],[630192.439333744463511,2634740.430007552728057],[630174.785539071890526,2634730.137775480747223],[630164.349221031647176,2634741.694101470056921]]]]}},
{"type":"Feature","properties":{"fid":94,"Clave":"ZFMT-234-323-23","ID":264,"NOMBRE DEL OCUPANTE IRREGULAR":"BAJA LIVING S DE RL DE C V","ID-OCUPACION":"71-lba-zf y 39-lba-tgm","ID - Actualizado":323,"ZONA":"LBA","X":631234.6512,"Y":2625074.076,"TIPO DE USO":"General","ZF":643.6671,"TGM":276.1659,"TOTAL":919.833,"TIPO DE USO APLICABLE":80.99,"TARIFA ANUAL":74497.27467,"IMPORTE BIMESTRAL":12416.212445,"DEBE DESDE":null,"DEBE HASTA":null,"OBSERVACIONES":null},"geometry":{"type":"MultiPolygon","coordinates":[[[[631215.990669003105722,2625055.023497140035033],[631215.813616154016927,2625055.783679806161672],[631215.813616154016927,2625088.088755664415658],[631218.212642360012978,2625088.782708718907088],[631235.611644556047395,2625091.834950996097177],[631238.241941127926111,2625092.401668534614146],[631247.466453571105376,2625068.292665673885494],[631249.159473696956411,2625062.995274741202593],[631229.813226056983694,2625057.831449354067445],[631215.990669003105722,2625055.023497140035033]]]]}},
{"type":"Feature","properties":{"fid":95,"Clave":"ZFMT-234-326-23","ID":267,"NOMBRE DEL OCUPANTE IRREGULAR":"BRIAN WILLIAMS Y COP","ID-OCUPACION":"72-lba-zf y 42-lba-tgm","ID - Actualizado":326,"ZONA":"LBA","X":631249.6095,"Y":2624966.593,"TIPO DE USO":"General","ZF":408.6351,"TGM":165.2433,"TOTAL":573.8784,"TIPO DE USO APLICABLE":80.99,"TARIFA ANUAL":46478.411615999998,"IMPORTE BIMESTRAL":7746.401936,"DEBE DESDE":null,"DEBE HASTA":null,"OBSERVACIONES":null},"geometry":{"type":"MultiPolygon","coordinates":[[[[631259.00444534572307,2624977.308164378628135],[631260.352379411575384,2624956.617936505004764],[631240.305941970204003,2624956.679957143496722],[631238.910600959789008,2624956.615959054790437],[631230.529340563807636,2624992.6011968459934],[631237.847336869221181,2624994.293965994846076],[631238.751471637748182,2624980.540465039201081],[631238.998314192867838,2624976.751528970897198],[631259.00444534572307,2624977.308164378628135]]]]}},
{"type":"Feature","properties":{"fid":96,"Clave":"ZFMT-221-275-23","ID":217,"NOMBRE DEL OCUPANTE IRREGULAR":"BANCO MERCANTIL DEL NORTE S.A.","ID-OCUPACION":"33-lba-zf","ID - Actualizado":275,"ZONA":"LBA","X":630204.7994,"Y":2634713.988,"TIPO DE USO":"General","ZF":723.9457,"TGM":null,"TOTAL":723.9457,"TIPO DE USO APLICABLE":80.99,"TARIFA ANUAL":58632.362243000003,"IMPORTE BIMESTRAL":9772.0603738333302,"DEBE DESDE":null,"DEBE HASTA":null,"OBSERVACIONES":null},"geometry":{"type":"MultiPolygon","coordinates":[[[[630183.599508928717114,2634720.377905330155045],[630199.839644406805746,2634732.691319962032139],[630225.350736792664975,2634710.594725986011326],[630214.194858308648691,2634696.738270728848875],[630212.737847164156847,2634695.059403390157968],[630183.848328623687848,2634720.131277448963374],[630183.599508928717114,2634720.377905330155045]]]]}},
{"type":"Feature","properties":{"fid":97,"Clave":"ZFMT-234-318-23","ID":259,"NOMBRE DEL OCUPANTE IRREGULAR":"ROBERT AARON HUNT","ID-OCUPACION":"34-lba-tgm","ID - Actualizado":318,"ZONA":"LBA","X":631143.688,"Y":2625301.49,"TIPO DE USO":"General","ZF":null,"TGM":1143.2296,"TOTAL":1143.2296,"TIPO DE USO APLICABLE":80.99,"TARIFA ANUAL":92590.165303999995,"IMPORTE BIMESTRAL":15431.694217333299,"DEBE DESDE":null,"DEBE HASTA":null,"OBSERVACIONES":null},"geometry":{"type":"MultiPolygon","coordinates":[[[[631154.488126400043257,2625322.823972439393401],[631157.222878137254156,2625304.25158840091899],[631162.227876022807322,2625278.070142580661923],[631149.0083317294484,2625276.902548098936677],[631148.82171851140447,2625279.079702308401465],[631137.081300422316417,2625277.766367531381547],[631128.022515751887113,2625322.087680334690958],[631154.488126400043257,2625322.823972439393401]]]]}},
{"type":"Feature","properties":{"fid":98,"Clave":"ZFMT-221-276-23","ID":218,"NOMBRE DEL OCUPANTE IRREGULAR":"DARREL DUANE SKURICH Y COP","ID-OCUPACION":"34-lba-zf","ID - Actualizado":276,"ZONA":"LBA","X":630263.7654,"Y":2634672.409,"TIPO DE USO":"General","ZF":2018.1132,"TGM":null,"TOTAL":2018.1132,"TIPO DE USO APLICABLE":80.99,"TARIFA ANUAL":163446.98806800001,"IMPORTE BIMESTRAL":27241.164678000001,"DEBE DESDE":null,"DEBE HASTA":null,"OBSERVACIONES":null},"geometry":{"type":"MultiPolygon","coordinates":[[[[630212.737847164156847,2634695.059403390157968],[630214.194858308648691,2634696.738270728848875],[630225.350736792664975,2634710.594725986011326],[630255.779828554950655,2634690.238640806172043],[630282.005115253617987,2634671.848444813862443],[630307.160669900942594,2634646.43919633096084],[630289.564724196097814,2634635.785344690084457],[630269.053927512955852,2634656.502992811147124],[630244.476798633346334,2634673.737436125986278],[630213.188497851951979,2634694.668304547201842],[630212.903538951999508,2634694.915607166942209],[630212.737847164156847,2634695.059403390157968]]]]}},
{"type":"Feature","properties":{"fid":99,"Clave":"ZFMT-234-348-23","ID":289,"NOMBRE DEL OCUPANTE IRREGULAR":"ROBERT MEYER Y COP","ID-OCUPACION":"94-lba-zf y 43-lba-tgm","ID - Actualizado":348,"ZONA":"LBA","X":631662.446,"Y":2624197.213,"TIPO DE USO":"General","ZF":1009.8704,"TGM":48.5278,"TOTAL":1058.3982,"TIPO DE USO APLICABLE":80.99,"TARIFA ANUAL":85719.670218,"IMPORTE BIMESTRAL":14286.611703,"DEBE DESDE":null,"DEBE HASTA":null,"OBSERVACIONES":null},"geometry":{"type":"MultiPolygon","coordinates":[[[[631654.397571225417778,2624168.841191053390503],[631655.513998802402057,2624173.857549149077386],[631649.466783799580298,2624212.769915505778044],[631649.375744210439734,2624213.202014503069222],[631648.431940214242786,2624219.316912523470819],[631667.596032002009451,2624226.267120523378253],[631669.058512536808848,2624216.791721628047526],[631676.462737838272005,2624181.649226497858763],[631676.718398460769095,2624176.605467196553946],[631657.040058599202894,2624169.753086903132498],[631654.397571225417778,2624168.841191053390503]]]]}},
{"type":"Feature","properties":{"fid":100,"Clave":"ZFMT-234-349-23","ID":290,"NOMBRE DEL OCUPANTE IRREGULAR":"MICHAEL LEE KAROTKO","ID-OCUPACION":"95-lba-zf y 44-lba-tgm","ID - Actualizado":349,"ZONA":"LBA","X":631669.5903,"Y":2624153.582,"TIPO DE USO":"General","ZF":728.4943,"TGM":209.8326,"TOTAL":938.3269,"TIPO DE USO APLICABLE":80.99,"TARIFA ANUAL":75995.095631000004,"IMPORTE BIMESTRAL":12665.8492718333,"DEBE DESDE":null,"DEBE HASTA":null,"OBSERVACIONES":null},"geometry":{"type":"MultiPolygon","coordinates":[[[[631658.037448922987096,2624132.716081306803972],[631651.327792999451049,2624155.047992843203247],[631654.397571225417778,2624168.841191053390503],[631657.040058599202894,2624169.753086903132498],[631676.718398460769095,2624176.605467196553946],[631677.752651004469953,2624156.201382713858038],[631684.915872838697396,2624141.866610404103994],[631665.856219759909436,2624135.265917459502816],[631658.037448922987096,2624132.716081306803972]]]]}},
{"type":"Feature","properties":{"fid":101,"Clave":"ZFMT-234-350-23","ID":291,"NOMBRE DEL OCUPANTE IRREGULAR":"MARY KATHLEEN PERKINS Y COP","ID-OCUPACION":"96-lba-zf y 45-lba-tgm","ID - Actualizado":350,"ZONA":"LBA","X":631680.1791,"Y":2624128.577,"TIPO DE USO":"General","ZF":411.1741,"TGM":222.0908,"TOTAL":633.2649,"TIPO DE USO APLICABLE":80.99,"TARIFA ANUAL":51288.124251000001,"IMPORTE BIMESTRAL":8548.0207085000002,"DEBE DESDE":null,"DEBE HASTA":null,"OBSERVACIONES":null},"geometry":{"type":"MultiPolygon","coordinates":[[[[631664.468940738239326,2624111.309990159235895],[631658.037448922987096,2624132.716081306803972],[631665.856219758163206,2624135.265917459037155],[631684.915872838697396,2624141.866610404103994],[631693.553492482751608,2624124.581328228116035],[631675.585477667860687,2624115.781192132271826],[631664.468940738239326,2624111.309990159235895]]]]}},
{"type":"Feature","properties":{"fid":102,"Clave":"ZFMT-234-351-23","ID":292,"NOMBRE DEL OCUPANTE IRREGULAR":"NICOLAAS WILHELMUS BOUWES JR Y COP","ID-OCUPACION":"97-lba-zf y 46-lba-tgm","ID - Actualizado":351,"ZONA":"LBA","X":631691.2782,"Y":2624104.465,"TIPO DE USO":"General","ZF":693.8039,"TGM":478.7218,"TOTAL":1172.5257,"TIPO DE USO APLICABLE":80.99,"TARIFA ANUAL":94962.856442999997,"IMPORTE BIMESTRAL":15827.142740499999,"DEBE DESDE":null,"DEBE HASTA":null,"OBSERVACIONES":null},"geometry":{"type":"MultiPolygon","coordinates":[[[[631674.963587673497386,2624079.122482157777995],[631673.634466685238294,2624080.804146497044712],[631664.468940738239326,2624111.309990159235895],[631675.585477667860687,2624115.781192132271826],[631693.553492482751608,2624124.581328228116035],[631708.498913046554662,2624091.857053375802934],[631689.452192591386847,2624085.418835390359163],[631674.963587673497386,2624079.122482157777995]]]]}},
{"type":"Feature","properties":{"fid":103,"Clave":"ZFMT-234-352-23","ID":293,"NOMBRE DEL OCUPANTE IRREGULAR":"COSETTE CAECILIA LEIGHTLEY Y COP","ID-OCUPACION":"98-lba-zf y 47-lba-tgm","ID - Actualizado":352,"ZONA":"LBA","X":631724.8308,"Y":2624046.035,"TIPO DE USO":"General","ZF":561.4493,"TGM":259.2073,"TOTAL":820.6566,"TIPO DE USO APLICABLE":80.99,"TARIFA ANUAL":66464.978034,"IMPORTE BIMESTRAL":11077.496339,"DEBE DESDE":null,"DEBE HASTA":null,"OBSERVACIONES":null},"geometry":{"type":"MultiPolygon","coordinates":[[[[631715.952190317329951,2624027.26183742005378],[631698.559171125758439,2624049.268276552669704],[631708.172806617221795,2624054.134696213994175],[631726.253766801790334,2624062.908290896564722],[631727.453855977160856,2624060.951581093948334],[631741.657725941971876,2624039.239939981605858],[631723.325581646291539,2624030.729588075075299],[631715.952190317329951,2624027.26183742005378]]]]}},
{"type":"Feature","properties":{"fid":104,"Clave":"ZFMT-234-319-23","ID":260,"NOMBRE DEL OCUPANTE IRREGULAR":"ROBIN RAY BERNES Y COP","ID-OCUPACION":"35-lba-tgm","ID - Actualizado":319,"ZONA":"LBA","X":631158.7748,"Y":2625237.037,"TIPO DE USO":"General","ZF":null,"TGM":720.2577,"TOTAL":720.2577,"TIPO DE USO APLICABLE":80.99,"TARIFA ANUAL":58333.671123,"IMPORTE BIMESTRAL":9722.2785205,"DEBE DESDE":null,"DEBE HASTA":null,"OBSERVACIONES":null},"geometry":{"type":"MultiPolygon","coordinates":[[[[631168.62913808634039,2625251.981949167326093],[631173.814123752294108,2625233.330577327869833],[631176.03872680850327,2625225.810663554817438],[631148.964115581009537,2625223.384165378753096],[631148.065413003554568,2625224.025131009984761],[631142.794922696077265,2625249.811708132736385],[631168.62913808634039,2625251.981949167326093]]]]}},
{"type":"Feature","properties":{"fid":105,"Clave":"ZFMT-234-353-23","ID":294,"NOMBRE DEL OCUPANTE IRREGULAR":"FREDRIC JOHN ENGLERT","ID-OCUPACION":"99-lba-zf y 48-lba-tgm","ID - Actualizado":353,"ZONA":"LBA","X":631742.0536,"Y":2624020.648,"TIPO DE USO":"General","ZF":671.8781,"TGM":225.5661,"TOTAL":897.4442,"TIPO DE USO APLICABLE":80.99,"TARIFA ANUAL":72684.005758,"IMPORTE BIMESTRAL":12114.000959666701,"DEBE DESDE":null,"DEBE HASTA":null,"OBSERVACIONES":null},"geometry":{"type":"MultiPolygon","coordinates":[[[[631735.141568311722949,2624002.982563409488648],[631715.952190317329951,2624027.26183742005378],[631723.325581646291539,2624030.729588075075299],[631741.657725941971876,2624039.239939981605858],[631746.783458322752267,2624031.404887840151787],[631763.317756636301056,2624011.676229966804385],[631749.027184809208848,2624007.228858506772667],[631742.686241593793966,2624005.157089931890368],[631735.141568311722949,2624002.982563409488648]]]]}},
{"type":"Feature","properties":{"fid":106,"Clave":"ZFMT-234-354-23","ID":295,"NOMBRE DEL OCUPANTE IRREGULAR":"GORDON ALEXANDER HOWELL Y COP","ID-OCUPACION":"100-lba-zf y 49-lba-tgm","ID - Actualizado":354,"ZONA":"LBA","X":631762.7209,"Y":2623995.388,"TIPO DE USO":"General","ZF":615.8394,"TGM":276.6895,"TOTAL":892.5289,"TIPO DE USO APLICABLE":80.99,"TARIFA ANUAL":72285.915611000004,"IMPORTE BIMESTRAL":12047.652601833301,"DEBE DESDE":null,"DEBE HASTA":null,"OBSERVACIONES":null},"geometry":{"type":"MultiPolygon","coordinates":[[[[631753.108546333620325,2623973.315964865963906],[631748.315378041588701,2623986.314460029825568],[631735.141568311722949,2624002.982563409488648],[631742.686241593793966,2624005.157089931890368],[631749.027184809208848,2624007.228858506772667],[631763.317756636301056,2624011.676229966804385],[631769.91602396115195,2624003.803204086143523],[631779.5466306876624,2623988.531367963645607],[631762.246928818989545,2623978.469824981875718],[631753.108546333620325,2623973.315964865963906]]]]}},
{"type":"Feature","properties":{"fid":107,"Clave":"ZFMT-234-355-23","ID":296,"NOMBRE DEL OCUPANTE IRREGULAR":"SCOTT HEDRICK","ID-OCUPACION":"101-lba-zf y 50-lba-tgm","ID - Actualizado":355,"ZONA":"LBA","X":631778.4128,"Y":2623971.148,"TIPO DE USO":"General y Protección","ZF":592.8346,"TGM":457.681,"TOTAL":1050.5156,"TIPO DE USO APLICABLE":null,"TARIFA ANUAL":null,"IMPORTE BIMESTRAL":null,"DEBE DESDE":null,"DEBE HASTA":null,"OBSERVACIONES":null},"geometry":{"type":"MultiPolygon","coordinates":[[[[631765.334671144024469,2623940.16018678015098],[631753.108546333620325,2623973.315964865963906],[631762.246928818989545,2623978.469824981875718],[631779.5466306876624,2623988.531367963645607],[631789.16662946913857,2623973.276353542227298],[631793.775654804194346,2623964.77415886009112],[631784.542752758366987,2623956.786155762150884],[631778.350015238975175,2623951.263607910834253],[631765.334671144024469,2623940.16018678015098]]]]}},
{"type":"Feature","properties":{"fid":108,"Clave":"ZFMT-234-357-23","ID":298,"NOMBRE DEL OCUPANTE IRREGULAR":"SETH EVAN WARREN","ID-OCUPACION":"102-lba-zf y 52-lba-tgm","ID - Actualizado":357,"ZONA":"LBA","X":631818.5993,"Y":2623895.878,"TIPO DE USO":"General","ZF":435.3487,"TGM":33.264,"TOTAL":468.6127,"TIPO DE USO APLICABLE":80.99,"TARIFA ANUAL":37952.942573,"IMPORTE BIMESTRAL":6325.49042883333,"DEBE DESDE":null,"DEBE HASTA":null,"OBSERVACIONES":null},"geometry":{"type":"MultiPolygon","coordinates":[[[[631807.554018415277824,2623897.42758018989116],[631798.641443213564344,2623903.436397836077958],[631803.483994299778715,2623907.029235298745334],[631805.498705825651996,2623903.59910743823275],[631823.80940401321277,2623911.914371374063194],[631830.495417446945794,2623891.838148262351751],[631812.563304938026704,2623882.38609773106873],[631807.554018415277824,2623897.42758018989116]]]]}},
{"type":"Feature","properties":{"fid":109,"Clave":"ZFMT-234-320-23","ID":261,"NOMBRE DEL OCUPANTE IRREGULAR":"JAVIER Y COP FERNANDEZ GUERRA","ID-OCUPACION":"36-lba-tgm","ID - Actualizado":320,"ZONA":"LBA","X":631170.68,"Y":2625215.69,"TIPO DE USO":"General","ZF":null,"TGM":386.2137,"TOTAL":386.2137,"TIPO DE USO APLICABLE":80.99,"TARIFA ANUAL":31279.447563000002,"IMPORTE BIMESTRAL":5213.2412605,"DEBE DESDE":null,"DEBE HASTA":null,"OBSERVACIONES":null},"geometry":{"type":"MultiPolygon","coordinates":[[[[631176.03872680850327,2625225.810663554817438],[631183.514647410833277,2625200.539513202849776],[631177.911140819545835,2625200.169644780922681],[631176.599081310792826,2625203.674571014940739],[631148.964115581009537,2625223.384165378753096],[631176.03872680850327,2625225.810663554817438]]]]}},
{"type":"Feature","properties":{"fid":110,"Clave":"ZFMT-221-278-23","ID":220,"NOMBRE DEL OCUPANTE IRREGULAR":"PLAYA BALLENA S.A DE C.V","ID-OCUPACION":"36-lba-zf","ID - Actualizado":278,"ZONA":"LBA","X":630691.4904,"Y":2634150.711,"TIPO DE USO":"Protección","ZF":2877.7038,"TGM":null,"TOTAL":2877.7038,"TIPO DE USO APLICABLE":28.19,"TARIFA ANUAL":81122.470122,"IMPORTE BIMESTRAL":13520.411687,"DEBE DESDE":null,"DEBE HASTA":null,"OBSERVACIONES":null},"geometry":{"type":"MultiPolygon","coordinates":[[[[630633.566828240873292,2634204.563155029900372],[630649.638104522251524,2634216.468134311027825],[630670.724984743748792,2634188.356505529023707],[630693.81458910938818,2634162.16032778378576],[630719.88496388704516,2634137.357298905029893],[630747.363501167972572,2634115.164930582046509],[630734.680383182363585,2634099.700095059815794],[630706.687432053615339,2634122.30791713995859],[630679.392117890762165,2634148.276338049210608],[630655.199398107943125,2634175.724049041047692],[630633.566828240873292,2634204.563155029900372]]]]}},
{"type":"Feature","properties":{"fid":111,"Clave":"ZFMT-234-368-23","ID":309,"NOMBRE DEL OCUPANTE IRREGULAR":"NULL","ID-OCUPACION":"113-lba-zf y 53-lba-tgm","ID - Actualizado":368,"ZONA":"LBA","X":631963.0996,"Y":2623539.125,"TIPO DE USO":"General","ZF":483.3521,"TGM":34.4237,"TOTAL":517.7758,"TIPO DE USO APLICABLE":80.99,"TARIFA ANUAL":41934.662042000004,"IMPORTE BIMESTRAL":6989.11034033333,"DEBE DESDE":null,"DEBE HASTA":null,"OBSERVACIONES":null},"geometry":{"type":"MultiPolygon","coordinates":[[[[631957.217364904121496,2623524.261006756685674],[631950.997090657474473,2623538.096598307136446],[631945.61586574150715,2623544.286530049983412],[631954.386632095556706,2623549.331547743175179],[631963.251024968107231,2623554.484902592375875],[631973.541805644985288,2623542.647688882891089],[631979.759067399660125,2623536.315917221829295],[631961.380289374152198,2623526.487266364507377],[631957.217364904121496,2623524.261006756685674]]]]}},
{"type":"Feature","properties":{"fid":112,"Clave":"ZFMT-234-369-23","ID":310,"NOMBRE DEL OCUPANTE IRREGULAR":"ROBERT J PORTER II","ID-OCUPACION":"114-lba-zf y 54-lba-tgm","ID - Actualizado":369,"ZONA":"LBA","X":631978.6791,"Y":2623522.234,"TIPO DE USO":"General","ZF":484.9046,"TGM":199.4482,"TOTAL":684.3528,"TIPO DE USO APLICABLE":80.99,"TARIFA ANUAL":55425.733271999998,"IMPORTE BIMESTRAL":9237.622212,"DEBE DESDE":null,"DEBE HASTA":null,"OBSERVACIONES":"Concesión 456/06"},"geometry":{"type":"MultiPolygon","coordinates":[[[[631968.379383162246086,2623504.091184524819255],[631963.775177986361086,2623509.674636498093605],[631957.217364904121496,2623524.261006756685674],[631961.380289374152198,2623526.487266364507377],[631979.759067399660125,2623536.315917221829295],[631996.731073832372203,2623519.031319338828325],[631978.369364744401537,2623509.185285166837275],[631968.379383162246086,2623504.091184524819255]]]]}},
{"type":"Feature","properties":{"fid":113,"Clave":"ZFMT-234-370-23","ID":311,"NOMBRE DEL OCUPANTE IRREGULAR":"MICHAEL GUINN WALLCE","ID-OCUPACION":"115-lba-zf y 55-lba-tgm","ID - Actualizado":370,"ZONA":"LBA","X":632001.5435,"Y":2623502.943,"TIPO DE USO":"General","ZF":439.6688,"TGM":289.2008,"TOTAL":728.8696,"TIPO DE USO APLICABLE":80.99,"TARIFA ANUAL":59031.148904000001,"IMPORTE BIMESTRAL":9838.5248173333293,"DEBE DESDE":null,"DEBE HASTA":null,"OBSERVACIONES":null},"geometry":{"type":"MultiPolygon","coordinates":[[[[631985.342690738616511,2623483.520030647516251],[631972.624113489291631,2623498.943662419915199],[631982.94707255018875,2623504.523264859803021],[632002.02899666398298,2623515.48823085706681],[632020.031452290830202,2623503.44874004740268],[632001.225568165886216,2623491.965177938342094],[631985.342690738616511,2623483.520030647516251]]]]}},
{"type":"Feature","properties":{"fid":114,"Clave":"ZFMT-234-321-23","ID":262,"NOMBRE DEL OCUPANTE IRREGULAR":"SAENZ LUJAN ROSA MARIA","ID-OCUPACION":"37-lba-tgm","ID - Actualizado":321,"ZONA":"LBA","X":631190.4878,"Y":2625170.173,"TIPO DE USO":"General","ZF":null,"TGM":102.1158,"TOTAL":102.1158,"TIPO DE USO APLICABLE":80.99,"TARIFA ANUAL":8270.358642,"IMPORTE BIMESTRAL":1378.393107,"DEBE DESDE":null,"DEBE HASTA":null,"OBSERVACIONES":null},"geometry":{"type":"MultiPolygon","coordinates":[[[[631187.037535317242146,2625188.015650931280106],[631193.507362443837337,2625164.792315232101828],[631197.877614617347717,2625149.178005628287792],[631197.088531296467409,2625148.940764890983701],[631183.068060178309679,2625186.393880933057517],[631187.037535317242146,2625188.015650931280106]]]]}},
{"type":"Feature","properties":{"fid":115,"Clave":"ZFMT-234-306-24","ID":315,"NOMBRE DEL OCUPANTE IRREGULAR":"SAN PEDRO HOLDINGS S DE R L DE C V","ID-OCUPACION":"128-lba-zf Y 133-lba-tgm","ID - Actualizado":306,"ZONA":"LBA","X":631586.1637,"Y":2630471.632,"TIPO DE USO":"General","ZF":707.6577,"TGM":168.1239,"TOTAL":875.7816,"TIPO DE USO APLICABLE":80.99,"TARIFA ANUAL":70929.551783999996,"IMPORTE BIMESTRAL":11821.591964,"DEBE DESDE":null,"DEBE HASTA":null,"OBSERVACIONES":null},"geometry":{"type":"MultiPolygon","coordinates":[[[[631599.476971322204918,2630484.628687411546707],[631595.105818203417584,2630465.334734510164708],[631590.556279584183358,2630449.456108981277794],[631572.704599154181778,2630459.762781483121216],[631567.660562842385843,2630462.674957205541432],[631572.556932535022497,2630474.286357189062983],[631575.41344429354649,2630495.677931203506887],[631580.91142077324912,2630493.197450969368219],[631599.476971322204918,2630484.628687411546707]]]]}},
{"type":"Feature","properties":{"fid":116,"Clave":"ZFMT-234-374-23","ID":316,"NOMBRE DEL OCUPANTE IRREGULAR":"ROSS PHILIP DANIELS","ID-OCUPACION":"116-lba-zf y 59-lba-tgm","ID - Actualizado":374,"ZONA":"LBA","X":632075.3703,"Y":2623442.516,"TIPO DE USO":"General","ZF":667.9151,"TGM":516.3588,"TOTAL":1184.2739,"TIPO DE USO APLICABLE":80.99,"TARIFA ANUAL":95914.343160999997,"IMPORTE BIMESTRAL":15985.7238601667,"DEBE DESDE":null,"DEBE HASTA":null,"OBSERVACIONES":null},"geometry":{"type":"MultiPolygon","coordinates":[[[[632062.278075652313419,2623417.542795174289495],[632037.482927727629431,2623430.653447712771595],[632059.555412447429262,2623442.765185954514891],[632056.373698896612041,2623445.477603706996888],[632068.359156296122819,2623461.541222974192351],[632077.732244248385541,2623453.550645015202463],[632097.099874649196863,2623437.619954427704215],[632078.931533297058195,2623426.667651079595089],[632062.278075652313419,2623417.542795174289495]]]]}},
{"type":"Feature","properties":{"fid":117,"Clave":"ZFMT-234-375-23","ID":317,"NOMBRE DEL OCUPANTE IRREGULAR":"ANGELA ELIZABETH SCHUETZ","ID-OCUPACION":"117-lba-zf y 60-lba-tgm","ID - Actualizado":375,"ZONA":"LBA","X":632098.9866,"Y":2623423.726,"TIPO DE USO":"General","ZF":531.8819,"TGM":415.1587,"TOTAL":947.0406,"TIPO DE USO APLICABLE":80.99,"TARIFA ANUAL":76700.818194000007,"IMPORTE BIMESTRAL":12783.469699,"DEBE DESDE":null,"DEBE HASTA":null,"OBSERVACIONES":"Concesión 844/08"},"geometry":{"type":"MultiPolygon","coordinates":[[[[632083.312971671461128,2623401.78933514887467],[632072.816660717129707,2623411.970425634179264],[632062.278075652313419,2623417.542795174289495],[632078.931533297058195,2623426.667651079595089],[632097.099874649196863,2623437.619954427704215],[632105.552132399170659,2623430.667616934981197],[632119.441305592772551,2623422.106253562495112],[632099.456367587787099,2623410.930776210036129],[632083.312971671461128,2623401.78933514887467]]]]}},
{"type":"Feature","properties":{"fid":118,"Clave":"ZFMT-234-376-23","ID":318,"NOMBRE DEL OCUPANTE IRREGULAR":"ROBERT JAMES PORTER II Y COP.","ID-OCUPACION":"118-lba-zf y 61-lba-tgm","ID - Actualizado":376,"ZONA":"LBA","X":632129.7906,"Y":2623402.163,"TIPO DE USO":"General","ZF":1001.2455,"TGM":1047.9249,"TOTAL":2049.1704,"TIPO DE USO APLICABLE":80.99,"TARIFA ANUAL":165962.310696,"IMPORTE BIMESTRAL":27660.385116000001,"DEBE DESDE":null,"DEBE HASTA":null,"OBSERVACIONES":"Concesión 844/08"},"geometry":{"type":"MultiPolygon","coordinates":[[[[632116.444700942491181,2623369.652603004593402],[632083.312971671461128,2623401.78933514887467],[632099.456367587787099,2623410.930776210036129],[632119.441305592772551,2623422.106253562495112],[632137.379692777758464,2623411.048932232894003],[632152.794883901602589,2623395.851977101992816],[632156.986572123365477,2623389.873955985996872],[632138.926281929132529,2623380.794446872081608],[632116.444700942491181,2623369.652603004593402]]]]}},
{"type":"Feature","properties":{"fid":119,"Clave":"ZFMT-221-280-23","ID":222,"NOMBRE DEL OCUPANTE IRREGULAR":"CONSORCIO LOS CABOS SA DE CV","ID-OCUPACION":"38-lba-zf","ID - Actualizado":280,"ZONA":"LBA","X":631279.0062,"Y":2633526.091,"TIPO DE USO":"Protección","ZF":7770.6188,"TGM":null,"TOTAL":7770.6188,"TIPO DE USO APLICABLE":28.19,"TARIFA ANUAL":219053.743972,"IMPORTE BIMESTRAL":36508.9573286667,"DEBE DESDE":null,"DEBE HASTA":null,"OBSERVACIONES":null},"geometry":{"type":"MultiPolygon","coordinates":[[[[631110.671461364720017,2633650.447457000147551],[631129.140063549624756,2633658.365802538115531],[631151.375910216709599,2633631.325668840203434],[631177.479552585980855,2633606.850893621798605],[631205.457142382743768,2633584.933197805192322],[631234.075741388718598,2633564.83906759088859],[631262.857133028446697,2633543.852317741140723],[631293.341575652360916,2633527.878015242051333],[631325.944568060571328,2633514.61874578287825],[631355.307989801862277,2633494.071498136036098],[631381.941016203141771,2633470.089179183822125],[631408.50980135530699,2633446.633196907117963],[631432.539526008302346,2633426.981258280109614],[631418.097353414283134,2633412.95571492286399],[631395.556230370537378,2633431.390248529147357],[631368.630837976117618,2633455.161057888995856],[631342.836376210558228,2633478.388272099196911],[631316.323517601005733,2633496.940819431096315],[631284.91324763384182,2633509.715022119227797],[631252.266460384707898,2633526.822425446007401],[631222.436684460262768,2633548.573633769061416],[631193.535666603245772,2633568.866060243919492],[631164.447201416245662,2633591.654017906170338],[631136.751134705613367,2633617.621850193943828],[631111.248011361924,2633648.635189836844802],[631110.671461364720017,2633650.447457000147551]]]]}},
{"type":"Feature","properties":{"fid":120,"Clave":"ZFMT-234-322-23","ID":263,"NOMBRE DEL OCUPANTE IRREGULAR":"NULL","ID-OCUPACION":"38-lba-tgm","ID - Actualizado":322,"ZONA":"LBA","X":631216.6075,"Y":2625090.557,"TIPO DE USO":"General","ZF":null,"TGM":8.3565,"TOTAL":8.3565,"TIPO DE USO APLICABLE":80.99,"TARIFA ANUAL":676.792935,"IMPORTE BIMESTRAL":112.7988225,"DEBE DESDE":null,"DEBE HASTA":null,"OBSERVACIONES":null},"geometry":{"type":"MultiPolygon","coordinates":[[[[631215.813616154016927,2625095.052756049204618],[631218.212642360012978,2625088.782708718907088],[631215.813616154016927,2625088.088755664415658],[631215.813616154016927,2625095.052756049204618]]]]}},
{"type":"Feature","properties":{"fid":121,"Clave":"ZFMT-234-385-23","ID":327,"NOMBRE DEL OCUPANTE IRREGULAR":"NULL","ID-OCUPACION":"119-lba-zf y 70-lba-tgm","ID - Actualizado":385,"ZONA":"LBA","X":632317.8049,"Y":2623085.642,"TIPO DE USO":"General","ZF":707.756,"TGM":829.2969,"TOTAL":1537.0529,"TIPO DE USO APLICABLE":80.99,"TARIFA ANUAL":124485.91437100001,"IMPORTE BIMESTRAL":20747.6523951667,"DEBE DESDE":null,"DEBE HASTA":null,"OBSERVACIONES":null},"geometry":{"type":"MultiPolygon","coordinates":[[[[632283.709815752110444,2623057.898795503657311],[632273.456989259342663,2623081.169914967380464],[632305.14416427037213,2623090.862462617456913],[632304.681074040592648,2623091.915327128022909],[632301.700063704513013,2623098.692839994095266],[632320.474020922905765,2623105.684366373810917],[632328.348444223054685,2623087.781374027021229],[632332.476635961444117,2623071.682322510052472],[632313.229830904281698,2623066.221601095981896],[632283.709815752110444,2623057.898795503657311]]]]}},
{"type":"Feature","properties":{"fid":122,"Clave":"ZFMT-234-386-23","ID":328,"NOMBRE DEL OCUPANTE IRREGULAR":"NULL","ID-OCUPACION":"120-lba-zf y 71-lba-tgm","ID - Actualizado":386,"ZONA":"LBA","X":632326.2249,"Y":2623056.554,"TIPO DE USO":"General","ZF":517.38,"TGM":771.0962,"TOTAL":1288.4762,"TIPO DE USO APLICABLE":80.99,"TARIFA ANUAL":104353.68743799999,"IMPORTE BIMESTRAL":17392.2812396667,"DEBE DESDE":null,"DEBE HASTA":null,"OBSERVACIONES":null},"geometry":{"type":"MultiPolygon","coordinates":[[[[632295.024287067819387,2623032.218031878583133],[632283.709815752110444,2623057.898795503657311],[632313.229830904281698,2623066.221601095981896],[632332.476635961444117,2623071.682322510052472],[632337.065314864506945,2623053.787471097894013],[632339.248343060142361,2623047.149761562701315],[632320.240201754379086,2623040.929516910109669],[632295.024287067819387,2623032.218031878583133]]]]}},
{"type":"Feature","properties":{"fid":123,"Clave":"ZFMT-234-394-23","ID":336,"NOMBRE DEL OCUPANTE IRREGULAR":"COLORS OF THE SEA MGT. S. DE R.L. DE C.V.","ID-OCUPACION":"121-lba-zf y 79-lba-tgm","ID - Actualizado":394,"ZONA":"LBA","X":632458.5214,"Y":2622705.592,"TIPO DE USO":"Protección y General","ZF":776.6545,"TGM":138.489,"TOTAL":915.1435,"TIPO DE USO APLICABLE":null,"TARIFA ANUAL":0.0,"IMPORTE BIMESTRAL":0.0,"DEBE DESDE":null,"DEBE HASTA":null,"OBSERVACIONES":null},"geometry":{"type":"MultiPolygon","coordinates":[[[[632446.259071651729755,2622684.968224340584129],[632443.717167574563064,2622723.046544588170946],[632447.221983279683627,2622723.949481389950961],[632466.825524639338255,2622728.063000610098243],[632467.38039886392653,2622724.432585997041315],[632469.652804951416329,2622688.555910804774612],[632449.742501210654154,2622686.071998978033662],[632446.259071651729755,2622684.968224340584129]]]]}},
{"type":"Feature","properties":{"fid":124,"Clave":"ZFMT-221-253-23","ID":195,"NOMBRE DEL OCUPANTE IRREGULAR":"AVILES LUCERO SIMON Y COPS","ID-OCUPACION":"4-lba-tgm","ID - Actualizado":253,"ZONA":"LBA","X":627837.9997,"Y":2637537.063,"TIPO DE USO":"General","ZF":null,"TGM":1122.5287,"TOTAL":1122.5287,"TIPO DE USO APLICABLE":80.99,"TARIFA ANUAL":90913.599413000004,"IMPORTE BIMESTRAL":15152.2665688333,"DEBE DESDE":null,"DEBE HASTA":null,"OBSERVACIONES":null},"geometry":{"type":"MultiPolygon","coordinates":[[[[627797.037317724549212,2637565.172309658490121],[627799.554253686452284,2637563.555200404953212],[627832.101319719688036,2637546.963098180945963],[627863.272682373411953,2637530.251953798811883],[627881.265722705749795,2637520.359543607570231],[627875.769200702779926,2637509.067235859110951],[627864.028298160643317,2637514.212276766076684],[627831.922873906325549,2637533.503031940199435],[627806.4023545315722,2637548.645021860022098],[627792.697266629780643,2637558.424638978205621],[627797.037317724549212,2637565.172309658490121]]]]}},
{"type":"Feature","properties":{"fid":125,"Clave":"ZFMT-234-324-23","ID":265,"NOMBRE DEL OCUPANTE IRREGULAR":"NULL","ID-OCUPACION":"40-lba-tgm","ID - Actualizado":324,"ZONA":"LBA","X":631226.4087,"Y":2625041.474,"TIPO DE USO":"General","ZF":null,"TGM":453.5305,"TOTAL":453.5305,"TIPO DE USO APLICABLE":80.99,"TARIFA ANUAL":36731.435194999998,"IMPORTE BIMESTRAL":6121.9058658333297,"DEBE DESDE":null,"DEBE HASTA":null,"OBSERVACIONES":null},"geometry":{"type":"MultiPolygon","coordinates":[[[[631229.813226055935957,2625057.831449354067445],[631234.197955240844749,2625044.111810519825667],[631235.56447904673405,2625026.791732352226973],[631223.235514869331382,2625023.917495304718614],[631215.990669003105722,2625055.023497140035033],[631229.813226055935957,2625057.831449354067445]]]]}},
{"type":"Feature","properties":{"fid":126,"Clave":"ZFMT-234-325-23","ID":266,"NOMBRE DEL OCUPANTE IRREGULAR":"NULL","ID-OCUPACION":"41-lba-tgm","ID - Actualizado":325,"ZONA":"LBA","X":631231.7456,"Y":2625009.35,"TIPO DE USO":"General","ZF":null,"TGM":326.0594,"TOTAL":326.0594,"TIPO DE USO APLICABLE":80.99,"TARIFA ANUAL":26407.550806,"IMPORTE BIMESTRAL":4401.2584676666702,"DEBE DESDE":null,"DEBE HASTA":null,"OBSERVACIONES":null},"geometry":{"type":"MultiPolygon","coordinates":[[[[631235.56447904673405,2625026.791732352226973],[631236.442826628684998,2625015.659069524146616],[631237.847336869221181,2624994.293965994846076],[631230.529340563807636,2624992.6011968459934],[631223.235514869331382,2625023.917495304718614],[631235.56447904673405,2625026.791732352226973]]]]}},
{"type":"Feature","properties":{"fid":127,"Clave":"ZFMT-221-284-23","ID":226,"NOMBRE DEL OCUPANTE IRREGULAR":"CONSORCIO LOS CABOS SA DE CV","ID-OCUPACION":"42-lba-zf","ID - Actualizado":284,"ZONA":"LBA","X":631770.4984,"Y":2633145.539,"TIPO DE USO":"General","ZF":2024.6414,"TGM":null,"TOTAL":2024.6414,"TIPO DE USO APLICABLE":80.99,"TARIFA ANUAL":163975.706986,"IMPORTE BIMESTRAL":27329.2844976667,"DEBE DESDE":null,"DEBE HASTA":null,"OBSERVACIONES":null},"geometry":{"type":"MultiPolygon","coordinates":[[[[631729.483159557566978,2633164.280389614403248],[631755.277143515530042,2633160.081787014845759],[631790.113942069117911,2633151.597498463932425],[631824.171434090007097,2633142.601239170879126],[631818.701845386996865,2633127.044628793839365],[631817.229805612820201,2633123.74888112116605],[631785.193312269751914,2633132.211295229848474],[631751.298293249565177,2633140.466219152789563],[631714.867657722672448,2633146.396197283174843],[631729.483159557566978,2633164.280389614403248]]]]}},
{"type":"Feature","properties":{"fid":128,"Clave":"ZFMT-246-445-23","ID":388,"NOMBRE DEL OCUPANTE IRREGULAR":"NULL","ID-OCUPACION":"127-lba-zf y 125-lba-tgm","ID - Actualizado":445,"ZONA":"LBA","X":632766.2352,"Y":2618639.548,"TIPO DE USO":"General","ZF":3183.4081,"TGM":9261.3107,"TOTAL":12444.7188,"TIPO DE USO APLICABLE":80.99,"TARIFA ANUAL":1007897.775612,"IMPORTE BIMESTRAL":167982.96260200001,"DEBE DESDE":null,"DEBE HASTA":null,"OBSERVACIONES":null},"geometry":{"type":"MultiPolygon","coordinates":[[[[632786.493986999383196,2618714.520018096081913],[632780.835349129047245,2618678.462686016224325],[632775.899142895475961,2618643.506477653048933],[632774.210159373120405,2618607.549592758063227],[632772.274546168162487,2618571.98829038720578],[632772.988196468912065,2618558.310599216725677],[632752.987193281645887,2618557.80841843271628],[632754.130550247849897,2618535.895048134960234],[632754.149049298488535,2618535.302093920297921],[632727.318965699290857,2618537.072134157642722],[632727.386999999987893,2618566.558000001125038],[632729.241000000038184,2618577.168],[632730.86199999996461,2618625.666999999899417],[632760.944999999948777,2618793.41399999987334],[632762.604000000050291,2618809.832],[632785.415000000153668,2618915.44],[632786.608,2618946.467000000178814],[632788.271182659547776,2618955.276641997974366],[632813.598144133575261,2618948.249508178327233],[632809.34972465375904,2618930.561818934977055],[632802.32360101188533,2618894.342987440060824],[632796.06291294307448,2618858.713960594963282],[632788.911962126963772,2618824.170719316229224],[632781.313110568444245,2618788.498372734989971],[632773.818387145292945,2618753.635490803048015],[632766.796173384180292,2618718.00537513801828],[632786.493986999383196,2618714.520018096081913]]]]}},
{"type":"Feature","properties":{"fid":129,"Clave":"ZFMT-221-291-23","ID":233,"NOMBRE DEL OCUPANTE IRREGULAR":"NULL","ID-OCUPACION":"49-lba-zf","ID - Actualizado":291,"ZONA":"LBA","X":632192.8759,"Y":2632851.28,"TIPO DE USO":"General","ZF":557.2155,"TGM":null,"TOTAL":557.2155,"TIPO DE USO APLICABLE":80.99,"TARIFA ANUAL":45128.883345000002,"IMPORTE BIMESTRAL":7521.4805575,"DEBE DESDE":null,"DEBE HASTA":null,"OBSERVACIONES":null},"geometry":{"type":"MultiPolygon","coordinates":[[[[632174.752115667797625,2632853.759015270043164],[632188.463403851143084,2632868.326029282994568],[632209.411702768411487,2632849.467832590918988],[632195.201420941855758,2632835.350025460589677],[632183.872665679315105,2632845.548461905214936],[632174.752115667797625,2632853.759015270043164]]]]}},
{"type":"Feature","properties":{"fid":130,"Clave":"ZFMT-221-292-23","ID":234,"NOMBRE DEL OCUPANTE IRREGULAR":"CONSORCIO LOS CABOS SA DE CV","ID-OCUPACION":"50-lba-zf","ID - Actualizado":292,"ZONA":"LBA","X":632213.1605,"Y":2632830.74,"TIPO DE USO":"General","ZF":601.3133,"TGM":null,"TOTAL":601.3133,"TIPO DE USO APLICABLE":80.99,"TARIFA ANUAL":48700.364167,"IMPORTE BIMESTRAL":8116.7273611666697,"DEBE DESDE":null,"DEBE HASTA":null,"OBSERVACIONES":null},"geometry":{"type":"MultiPolygon","coordinates":[[[[632195.201420941855758,2632835.350025460589677],[632209.411702768411487,2632849.467832590918988],[632214.793207944952883,2632844.623263405170292],[632230.392218678141944,2632827.871800838503987],[632216.092761950101703,2632813.880004805047065],[632200.757111154147424,2632830.348650442901999],[632195.201420941855758,2632835.350025460589677]]]]}},
{"type":"Feature","properties":{"fid":131,"Clave":"ZFMT-234-356-23","ID":297,"NOMBRE DEL OCUPANTE IRREGULAR":"SETH EVAN WARREN","ID-OCUPACION":"51-lba-tgm","ID - Actualizado":356,"ZONA":"LBA","X":631782.5674000001,"Y":2623925.462,"TIPO DE USO":"General","ZF":null,"TGM":753.2837,"TOTAL":753.2837,"TIPO DE USO APLICABLE":80.99,"TARIFA ANUAL":61008.446862999997,"IMPORTE BIMESTRAL":10168.0744771667,"DEBE DESDE":null,"DEBE HASTA":null,"OBSERVACIONES":null},"geometry":{"type":"MultiPolygon","coordinates":[[[[631778.350015238975175,2623951.263607910834253],[631788.500022165942937,2623932.540053902193904],[631803.483994299778715,2623907.029235298745334],[631798.641443213564344,2623903.436397836077958],[631772.336990410112776,2623921.170740223955363],[631765.334671144024469,2623940.16018678015098],[631778.350015238975175,2623951.263607910834253]]]]}},
{"type":"Feature","properties":{"fid":132,"Clave":"ZFMT-221-293-23","ID":235,"NOMBRE DEL OCUPANTE IRREGULAR":"LA CALMA CORPORATION","ID-OCUPACION":"51-lba-zf","ID - Actualizado":293,"ZONA":"LBA","X":632346.4776,"Y":2632719.558,"TIPO DE USO":"General","ZF":722.4147,"TGM":null,"TOTAL":722.4147,"TIPO DE USO APLICABLE":80.99,"TARIFA ANUAL":58508.366553,"IMPORTE BIMESTRAL":9751.3944255000006,"DEBE DESDE":null,"DEBE HASTA":null,"OBSERVACIONES":null},"geometry":{"type":"MultiPolygon","coordinates":[[[[632325.700690275873058,2632724.74488643091172],[632330.445826540119015,2632730.404187873005867],[632338.126789182424545,2632740.405077202711254],[632345.272188110509887,2632734.644939216785133],[632365.880849582026713,2632715.223544264212251],[632351.528950020787306,2632701.267008528113365],[632332.11064407764934,2632719.566624428145587],[632325.700690275873058,2632724.74488643091172]]]]}},
{"type":"Feature","properties":{"fid":133,"Clave":"ZFMT-221-294-23","ID":236,"NOMBRE DEL OCUPANTE IRREGULAR":"HCP A LIMITED LIABILITY COMPANY","ID-OCUPACION":"52-lba-zf","ID - Actualizado":294,"ZONA":"LBA","X":632421.2373,"Y":2632606.876,"TIPO DE USO":"General","ZF":513.4799,"TGM":null,"TOTAL":513.4799,"TIPO DE USO APLICABLE":80.99,"TARIFA ANUAL":41586.737101,"IMPORTE BIMESTRAL":6931.1228501666701,"DEBE DESDE":null,"DEBE HASTA":null,"OBSERVACIONES":null},"geometry":{"type":"MultiPolygon","coordinates":[[[[632403.553136794245802,2632611.170499778818339],[632420.997264657984488,2632621.200898907613009],[632426.438225378049538,2632613.771910869050771],[632442.246909075416625,2632605.86095105484128],[632430.873487994307652,2632600.102092789951712],[632428.866416495991871,2632599.262423549778759],[632421.342624634620734,2632593.95741904899478],[632420.595956007484347,2632594.331065938808024],[632413.161512199090794,2632598.051400112919509],[632403.553136794245802,2632611.170499778818339]]]]}},
{"type":"Feature","properties":{"fid":134,"Clave":"ZFMT-221-300-23","ID":242,"NOMBRE DEL OCUPANTE IRREGULAR":"CONSORCIO LOS CABOS SA DE CV","ID-OCUPACION":"54-lba-zf","ID - Actualizado":300,"ZONA":"LBA","X":632422.6087,"Y":2632191.52,"TIPO DE USO":"General","ZF":4884.6997,"TGM":null,"TOTAL":4884.6997,"TIPO DE USO APLICABLE":80.99,"TARIFA ANUAL":395611.82870299998,"IMPORTE BIMESTRAL":65935.3047838333,"DEBE DESDE":null,"DEBE HASTA":null,"OBSERVACIONES":"Concesión"},"geometry":{"type":"MultiPolygon","coordinates":[[[[632386.929884286597371,2632300.948354077059776],[632406.442404334549792,2632306.27998135285452],[632420.681734062964097,2632274.131709516048431],[632433.347395405173302,2632241.270117151085287],[632445.035483960527927,2632212.002482291776687],[632442.998452822910622,2632203.65164440497756],[632420.468373710406013,2632176.341213536914438],[632406.685355546767823,2632152.102131826803088],[632396.947153106797487,2632149.152222423814237],[632372.953636962920427,2632122.798091057222337],[632350.655563739943318,2632094.890707230195403],[632336.526068210368976,2632109.246786517091095],[632357.730883795651607,2632135.785892456769943],[632375.413900008890778,2632155.208661902230233],[632385.870882598683238,2632166.694460450205952],[632393.246046081301756,2632168.928554907906801],[632403.938589265337214,2632187.732667684089392],[632423.64988795213867,2632211.626239357981831],[632423.531338298460469,2632211.923094396013767],[632414.728952501551248,2632233.964766324032098],[632402.196422677487135,2632266.480943351984024],[632386.929884286597371,2632300.948354077059776]]]]}},
{"type":"Feature","properties":{"fid":135,"Clave":"ZFMT-234-371-23","ID":312,"NOMBRE DEL OCUPANTE IRREGULAR":"MARK ALLEN BAKER Y COP","ID-OCUPACION":"56-lba-tgm","ID - Actualizado":371,"ZONA":"LBA","X":632001.1719,"Y":2623479.734,"TIPO DE USO":"General","ZF":null,"TGM":407.7837,"TOTAL":407.7837,"TIPO DE USO APLICABLE":80.99,"TARIFA ANUAL":33026.401863,"IMPORTE BIMESTRAL":5504.4003105000002,"DEBE DESDE":null,"DEBE HASTA":null,"OBSERVACIONES":null},"geometry":{"type":"MultiPolygon","coordinates":[[[[632001.225568166002631,2623491.965177938342094],[632012.033227025647648,2623484.737346793990582],[632018.325904607772827,2623479.006897075101733],[631997.98421541787684,2623468.189839394763112],[631985.342690738616511,2623483.520030647516251],[632001.225568166002631,2623491.965177938342094]]]]}},
{"type":"Feature","properties":{"fid":136,"Clave":"ZFMT-221-302-23","ID":244,"NOMBRE DEL OCUPANTE IRREGULAR":"VALENZUELA SOBERONES ROSA EDILA","ID-OCUPACION":"56-lba-zf","ID - Actualizado":302,"ZONA":"LBA","X":631839.0115,"Y":2631235.655,"TIPO DE USO":"General","ZF":852.6746,"TGM":null,"TOTAL":852.6746,"TIPO DE USO APLICABLE":80.99,"TARIFA ANUAL":69058.115854000003,"IMPORTE BIMESTRAL":11509.6859756667,"DEBE DESDE":null,"DEBE HASTA":null,"OBSERVACIONES":null},"geometry":{"type":"MultiPolygon","coordinates":[[[[631854.721433227648959,2631253.221556101925671],[631847.429835967370309,2631234.499246165156364],[631840.598761049564928,2631213.096137156244367],[631821.468990342225879,2631218.936980070546269],[631828.566652871551923,2631241.175360765773803],[631835.582914546481334,2631259.190703790169209],[631854.721433227648959,2631253.221556101925671]]]]}},
{"type":"Feature","properties":{"fid":137,"Clave":"ZFMT-221-303-23","ID":245,"NOMBRE DEL OCUPANTE IRREGULAR":"MACKENZIE FAMILY TRUST DATED MARCH 29 2012","ID-OCUPACION":"57-lba-zf","ID - Actualizado":303,"ZONA":"LBA","X":631810.0517,"Y":2631147.947,"TIPO DE USO":"General","ZF":811.9423,"TGM":null,"TOTAL":811.9423,"TIPO DE USO APLICABLE":80.99,"TARIFA ANUAL":65759.206877000004,"IMPORTE BIMESTRAL":10959.867812833299,"DEBE DESDE":null,"DEBE HASTA":null,"OBSERVACIONES":null},"geometry":{"type":"MultiPolygon","coordinates":[[[[631805.514749190886505,2631171.617512080818415],[631825.121732466388494,2631167.671064828988165],[631822.671339030144736,2631155.776206246111542],[631813.196498416247778,2631127.1606600061059],[631794.520357391564175,2631134.383916369173676],[631803.318166605546139,2631160.954718626104295],[631805.514749190886505,2631171.617512080818415]]]]}},
{"type":"Feature","properties":{"fid":138,"Clave":"ZFMT-234-372-23","ID":313,"NOMBRE DEL OCUPANTE IRREGULAR":"SANDRA MARIE GEROW","ID-OCUPACION":"57-lba-tgm","ID - Actualizado":372,"ZONA":"LBA","X":632016.5666,"Y":2623463.724,"TIPO DE USO":"General","ZF":null,"TGM":573.7345,"TOTAL":573.7345,"TIPO DE USO APLICABLE":80.99,"TARIFA ANUAL":46466.757155,"IMPORTE BIMESTRAL":7744.4595258333302,"DEBE DESDE":null,"DEBE HASTA":null,"OBSERVACIONES":null},"geometry":{"type":"MultiPolygon","coordinates":[[[[632018.325904607772827,2623479.006897075101733],[632036.393469048896804,2623462.553603826556355],[632013.052311411360279,2623449.916980760172009],[631997.98421541787684,2623468.189839394763112],[632018.325904607772827,2623479.006897075101733]]]]}},
{"type":"Feature","properties":{"fid":139,"Clave":"ZFMT-234-373-23","ID":314,"NOMBRE DEL OCUPANTE IRREGULAR":"JOHN G BRANT Y COP","ID-OCUPACION":"58-lba-tgm","ID - Actualizado":373,"ZONA":"LBA","X":632033.5007,"Y":2623447.919,"TIPO DE USO":"General","ZF":null,"TGM":680.2325,"TOTAL":680.2325,"TIPO DE USO APLICABLE":80.99,"TARIFA ANUAL":55092.030175,"IMPORTE BIMESTRAL":9182.0050291666703,"DEBE DESDE":null,"DEBE HASTA":null,"OBSERVACIONES":null},"geometry":{"type":"MultiPolygon","coordinates":[[[[632036.393469048896804,2623462.553603826556355],[632037.129659544676542,2623461.883189274929464],[632056.373698894749396,2623445.477603706065565],[632032.949483221513219,2623433.050546366721392],[632022.330544788623229,2623438.665403456892818],[632013.052311411360279,2623449.916980760172009],[632036.393469048896804,2623462.553603826556355]]]]}},
{"type":"Feature","properties":{"fid":140,"Clave":"ZFMT-221-304-23","ID":246,"NOMBRE DEL OCUPANTE IRREGULAR":"MACKENZIE FAMILY TRUSTY COP","ID-OCUPACION":"58-lba-zf","ID - Actualizado":304,"ZONA":"LBA","X":631795.3166,"Y":2631093.727,"TIPO DE USO":"General","ZF":942.6491,"TGM":null,"TOTAL":942.6491,"TIPO DE USO APLICABLE":80.99,"TARIFA ANUAL":76345.150609000004,"IMPORTE BIMESTRAL":12724.1917681667,"DEBE DESDE":null,"DEBE HASTA":null,"OBSERVACIONES":null},"geometry":{"type":"MultiPolygon","coordinates":[[[[631804.90820642746985,2631108.517895680852234],[631806.536161283846013,2631097.606456099078059],[631815.110856219893321,2631093.54635033942759],[631809.119471615646034,2631078.930595970246941],[631805.558106029639021,2631080.461357581894845],[631799.576601621694863,2631079.806227197870612],[631798.547795887920074,2631071.504870172590017],[631779.278593482333235,2631078.63622146146372],[631781.674056487390772,2631097.965034522116184],[631786.187535322620533,2631098.459377905819565],[631784.268195180920884,2631111.323840278200805],[631785.765678573166952,2631114.701166762970388],[631804.90820642746985,2631108.517895680852234]]]]}},
{"type":"Feature","properties":{"fid":141,"Clave":"ZFMT-234-305-23","ID":247,"NOMBRE DEL OCUPANTE IRREGULAR":"RICHARD CLAY TYRER","ID-OCUPACION":"59-lba-zf","ID - Actualizado":305,"ZONA":"LBA","X":631740.6502,"Y":2630909.411,"TIPO DE USO":"Protección","ZF":468.3419,"TGM":null,"TOTAL":468.3419,"TIPO DE USO APLICABLE":28.19,"TARIFA ANUAL":13202.558161000001,"IMPORTE BIMESTRAL":2200.4263601666698,"DEBE DESDE":null,"DEBE HASTA":null,"OBSERVACIONES":null},"geometry":{"type":"MultiPolygon","coordinates":[[[[631734.383828210411593,2630923.475800472777337],[631753.204410681501031,2630916.708294459152967],[631744.498015203280374,2630892.929763099178672],[631726.993532097782008,2630903.291742876172066],[631734.383828210411593,2630923.475800472777337]]]]}},
{"type":"Feature","properties":{"fid":142,"Clave":"ZFMT-234-307-23","ID":248,"NOMBRE DEL OCUPANTE IRREGULAR":"SAN PEDRO HOLDINGS S DE R L DE C V","ID-OCUPACION":"60-lba-zf","ID - Actualizado":307,"ZONA":"LBA","X":631423.9742000001,"Y":2629586.669,"TIPO DE USO":"General","ZF":348.1943,"TGM":null,"TOTAL":348.1943,"TIPO DE USO APLICABLE":80.99,"TARIFA ANUAL":28200.256356999998,"IMPORTE BIMESTRAL":4700.04272616667,"DEBE DESDE":null,"DEBE HASTA":null,"OBSERVACIONES":null},"geometry":{"type":"MultiPolygon","coordinates":[[[[631431.446646308992058,2629577.516752140130848],[631411.373340336140245,2629579.210979600902647],[631414.926402917713858,2629596.374993312172592],[631434.949156842310913,2629594.43656075373292],[631431.446646308992058,2629577.516752140130848]]]]}},
{"type":"Feature","properties":{"fid":143,"Clave":"ZFMT-234-308-23","ID":249,"NOMBRE DEL OCUPANTE IRREGULAR":"SAN PEDRO HOLDINGS S DE R L DE C V","ID-OCUPACION":"61-lba-zf","ID - Actualizado":308,"ZONA":"LBA","X":631398.9374000001,"Y":2629347.113,"TIPO DE USO":"General","ZF":855.4093,"TGM":null,"TOTAL":855.4093,"TIPO DE USO APLICABLE":80.99,"TARIFA ANUAL":69279.599207000007,"IMPORTE BIMESTRAL":11546.5998678333,"DEBE DESDE":null,"DEBE HASTA":null,"OBSERVACIONES":null},"geometry":{"type":"MultiPolygon","coordinates":[[[[631388.983103139209561,2629368.237775936722755],[631408.942632803227752,2629366.832928004674613],[631407.8141752819065,2629338.934840003028512],[631411.093260558438487,2629325.043310042936355],[631390.489867924712598,2629325.271028358954936],[631387.719805649598129,2629337.006131215952337],[631388.983103139209561,2629368.237775936722755]]]]}},
{"type":"Feature","properties":{"fid":144,"Clave":"ZFMT-234-309-23","ID":250,"NOMBRE DEL OCUPANTE IRREGULAR":"SAN PEDRO HOLDINGS S DE R L DE C V","ID-OCUPACION":"62-lba-zf","ID - Actualizado":309,"ZONA":"LBA","X":631414.5176,"Y":2629254.174,"TIPO DE USO":"General","ZF":518.9433,"TGM":null,"TOTAL":518.9433,"TIPO DE USO APLICABLE":80.99,"TARIFA ANUAL":42029.217867,"IMPORTE BIMESTRAL":7004.8696444999996,"DEBE DESDE":null,"DEBE HASTA":null,"OBSERVACIONES":null},"geometry":{"type":"MultiPolygon","coordinates":[[[[631403.0117768679047,2629268.998630039859563],[631423.536239856854081,2629268.592266531195492],[631423.54770342737902,2629242.09933417616412],[631403.547021340113133,2629243.671339713037014],[631403.537141380598769,2629266.504468789789826],[631403.0117768679047,2629268.998630039859563]]]]}},
{"type":"Feature","properties":{"fid":145,"Clave":"ZFMT-234-377-23","ID":319,"NOMBRE DEL OCUPANTE IRREGULAR":"PETER WILLIAM KEHRLI Y COP","ID-OCUPACION":"62-lba-tgm","ID - Actualizado":377,"ZONA":"LBA","X":632136.4399,"Y":2623365.3,"TIPO DE USO":"General","ZF":null,"TGM":523.8895,"TOTAL":523.8895,"TIPO DE USO APLICABLE":80.99,"TARIFA ANUAL":42429.810605,"IMPORTE BIMESTRAL":7071.6351008333304,"DEBE DESDE":null,"DEBE HASTA":null,"OBSERVACIONES":null},"geometry":{"type":"MultiPolygon","coordinates":[[[[632138.926281929132529,2623380.794446872081608],[632152.463595909299329,2623361.488061359617859],[632133.72069290780928,2623352.895435825921595],[632116.444700942491181,2623369.652603004593402],[632138.926281929132529,2623380.794446872081608]]]]}},
{"type":"Feature","properties":{"fid":146,"Clave":"ZFMT-234-310-23","ID":251,"NOMBRE DEL OCUPANTE IRREGULAR":"SAN PEDRO HOLDINGS S DE R L DE C V","ID-OCUPACION":"63-lba-zf","ID - Actualizado":310,"ZONA":"LBA","X":631412.9389,"Y":2629223.141,"TIPO DE USO":"General","ZF":607.4061,"TGM":null,"TOTAL":607.4061,"TIPO DE USO APLICABLE":80.99,"TARIFA ANUAL":49193.820038999998,"IMPORTE BIMESTRAL":8198.9700064999997,"DEBE DESDE":null,"DEBE HASTA":null,"OBSERVACIONES":null},"geometry":{"type":"MultiPolygon","coordinates":[[[[631403.54851057974156,2629240.229579964652658],[631423.548931969678961,2629239.26009459933266],[631423.549848226946779,2629237.142575776204467],[631421.726786218117923,2629208.41079989168793],[631401.817454378237016,2629210.473619221709669],[631403.549573946278542,2629237.772126434836537],[631403.54851057974156,2629240.229579964652658]]]]}},
{"type":"Feature","properties":{"fid":147,"Clave":"ZFMT-234-378-23","ID":320,"NOMBRE DEL OCUPANTE IRREGULAR":"DANIEL EDWARD STEIMLE","ID-OCUPACION":"63-lba-tgm","ID - Actualizado":378,"ZONA":"LBA","X":632145.9846,"Y":2623347.34,"TIPO DE USO":"General","ZF":null,"TGM":529.6896,"TOTAL":529.6896,"TIPO DE USO APLICABLE":80.99,"TARIFA ANUAL":42899.560704000003,"IMPORTE BIMESTRAL":7149.926784,"DEBE DESDE":null,"DEBE HASTA":null,"OBSERVACIONES":null},"geometry":{"type":"MultiPolygon","coordinates":[[[[632152.463595909299329,2623361.488061359617859],[632156.346502965781838,2623355.950411813799292],[632163.068773115752265,2623344.063746274914593],[632135.879865901195444,2623330.6173803973943],[632133.732566136866808,2623352.772929451894015],[632152.463595909299329,2623361.488061359617859]]]]}},
{"type":"Feature","properties":{"fid":148,"Clave":"ZFMT-234-311-23","ID":252,"NOMBRE DEL OCUPANTE IRREGULAR":"JANET BOYERONUS SEWELL Y COP","ID-OCUPACION":"64-lba-zf","ID - Actualizado":311,"ZONA":"LBA","X":631320.7332,"Y":2628662.443,"TIPO DE USO":"General","ZF":88.5676,"TGM":null,"TOTAL":88.5676,"TIPO DE USO APLICABLE":80.99,"TARIFA ANUAL":7173.089924,"IMPORTE BIMESTRAL":1195.5149873333301,"DEBE DESDE":null,"DEBE HASTA":null,"OBSERVACIONES":null},"geometry":{"type":"MultiPolygon","coordinates":[[[[631310.158134583383799,2628661.055868648923934],[631310.598867423133925,2628665.512646305374801],[631330.520524380845018,2628663.733927051536739],[631330.089984903228469,2628659.380226994398981],[631310.158134583383799,2628661.055868648923934]]]]}},
{"type":"Feature","properties":{"fid":149,"Clave":"ZFMT-234-379-23","ID":321,"NOMBRE DEL OCUPANTE IRREGULAR":"JENNIFER BODAKEN Y COP","ID-OCUPACION":"64-lba-tgm","ID - Actualizado":379,"ZONA":"LBA","X":632199.2502,"Y":2623227.672,"TIPO DE USO":"General","ZF":null,"TGM":2264.2524,"TOTAL":2264.2524,"TIPO DE USO APLICABLE":80.99,"TARIFA ANUAL":183381.80187600001,"IMPORTE BIMESTRAL":30563.633645999998,"DEBE DESDE":null,"DEBE HASTA":null,"OBSERVACIONES":null},"geometry":{"type":"MultiPolygon","coordinates":[[[[632211.27585989702493,2623258.355283784214407],[632230.626339588663541,2623232.747826910112053],[632235.296966152382083,2623226.101655545178801],[632183.776020969380625,2623199.298852025531232],[632180.450350502040237,2623204.676688315812498],[632164.44912432495039,2623230.551763934083283],[632162.406773044611327,2623233.854385447688401],[632211.27585989702493,2623258.355283784214407]]]]}},
{"type":"Feature","properties":{"fid":150,"Clave":"ZFMT-234-380-23","ID":322,"NOMBRE DEL OCUPANTE IRREGULAR":"KIMBERLY A PLOTKIN","ID-OCUPACION":"65-lba-tgm","ID - Actualizado":380,"ZONA":"LBA","X":632223.6764,"Y":2623199.551,"TIPO DE USO":"General","ZF":null,"TGM":1319.1445,"TOTAL":1319.1445,"TIPO DE USO APLICABLE":80.99,"TARIFA ANUAL":106837.513055,"IMPORTE BIMESTRAL":17806.252175833299,"DEBE DESDE":null,"DEBE HASTA":null,"OBSERVACIONES":null},"geometry":{"type":"MultiPolygon","coordinates":[[[[632237.493768854415976,2623222.975666555110365],[632250.27660888445098,2623204.786041627172381],[632253.033092230209149,2623199.888106214348227],[632221.340127468574792,2623183.359239425044507],[632219.779165274929255,2623186.414693672209978],[632187.792740250588395,2623192.803542604204267],[632185.599366146023385,2623196.350378339644521],[632237.493768854415976,2623222.975666555110365]]]]}},
{"type":"Feature","properties":{"fid":151,"Clave":"ZFMT-234-312-23","ID":253,"NOMBRE DEL OCUPANTE IRREGULAR":"WILLIAM CHARLES BURNAUGH Y COP","ID-OCUPACION":"65-lba-zf","ID - Actualizado":312,"ZONA":"LBA","X":631318.3093,"Y":2628630.326,"TIPO DE USO":"General","ZF":280.7569,"TGM":null,"TOTAL":280.7569,"TIPO DE USO APLICABLE":80.99,"TARIFA ANUAL":22738.501331,"IMPORTE BIMESTRAL":3789.7502218333302,"DEBE DESDE":null,"DEBE HASTA":null,"OBSERVACIONES":null},"geometry":{"type":"MultiPolygon","coordinates":[[[[631307.72942612413317,2628624.652329451870173],[631307.933297213050537,2628638.557873663026839],[631327.918840023572557,2628637.425180932041258],[631327.711287700105458,2628623.268549026921391],[631307.72942612413317,2628624.652329451870173]]]]}},
{"type":"Feature","properties":{"fid":152,"Clave":"ZFMT-234-381-23","ID":323,"NOMBRE DEL OCUPANTE IRREGULAR":"MICHAEL STEPHEN BAZILLI Y COP","ID-OCUPACION":"66-lba-tgm","ID - Actualizado":381,"ZONA":"LBA","X":632243.9974,"Y":2623177.793,"TIPO DE USO":"General","ZF":null,"TGM":1030.1752,"TOTAL":1030.1752,"TIPO DE USO APLICABLE":80.99,"TARIFA ANUAL":83433.889448000002,"IMPORTE BIMESTRAL":13905.6482413333,"DEBE DESDE":null,"DEBE HASTA":null,"OBSERVACIONES":null},"geometry":{"type":"MultiPolygon","coordinates":[[[[632253.033092230209149,2623199.888106214348227],[632266.73003022314515,2623175.550314459949732],[632267.115385919809341,2623174.711844749283046],[632234.024038860923611,2623158.531533095985651],[632221.340127468574792,2623183.359239425044507],[632253.033092230209149,2623199.888106214348227]]]]}},
{"type":"Feature","properties":{"fid":153,"Clave":"ZFMT-234-313-23","ID":254,"NOMBRE DEL OCUPANTE IRREGULAR":"CHRISTOPHER RICHARD ASHMORE MORRAY-JONES Y C.","ID-OCUPACION":"66-lba-zf","ID - Actualizado":313,"ZONA":"LBA","X":631317.9584,"Y":2628597.093,"TIPO DE USO":"General","ZF":339.3658,"TGM":null,"TOTAL":339.3658,"TIPO DE USO APLICABLE":80.99,"TARIFA ANUAL":27485.236142000002,"IMPORTE BIMESTRAL":4580.87269033333,"DEBE DESDE":null,"DEBE HASTA":null,"OBSERVACIONES":null},"geometry":{"type":"MultiPolygon","coordinates":[[[[631306.170649753068574,2628589.807861063163728],[631307.410012118052691,2628602.865887778811157],[631307.459648296353407,2628606.25144910113886],[631327.444299267604947,2628605.057926401495934],[631327.396133712143637,2628601.772672444116324],[631326.060494854464196,2628587.700268457643688],[631306.170649753068574,2628589.807861063163728]]]]}},
{"type":"Feature","properties":{"fid":154,"Clave":"ZFMT-234-382-23","ID":324,"NOMBRE DEL OCUPANTE IRREGULAR":"RIDGLEA COMPLEX MANAGEMENT INC","ID-OCUPACION":"67-lba-tgm","ID - Actualizado":382,"ZONA":"LBA","X":632257.3395,"Y":2623153.572,"TIPO DE USO":"General","ZF":null,"TGM":1014.5509,"TOTAL":1014.5509,"TIPO DE USO APLICABLE":80.99,"TARIFA ANUAL":82168.477390999993,"IMPORTE BIMESTRAL":13694.7462318333,"DEBE DESDE":null,"DEBE HASTA":null,"OBSERVACIONES":null},"geometry":{"type":"MultiPolygon","coordinates":[[[[632267.115385919809341,2623174.711844749283046],[632278.734491370734759,2623149.430609600618482],[632246.824531078687869,2623133.47562945401296],[632234.024038860923611,2623158.531533095985651],[632267.115385919809341,2623174.711844749283046]]]]}},
{"type":"Feature","properties":{"fid":155,"Clave":"ZFMT-234-314-23","ID":255,"NOMBRE DEL OCUPANTE IRREGULAR":"JOHN BRENT MC CUBBIN Y COP","ID-OCUPACION":"67-lba-zf","ID - Actualizado":314,"ZONA":"LBA","X":631153.7998,"Y":2625523.878,"TIPO DE USO":"General","ZF":1587.2667,"TGM":null,"TOTAL":1587.2667,"TIPO DE USO APLICABLE":80.99,"TARIFA ANUAL":128552.730033,"IMPORTE BIMESTRAL":21425.4550055,"DEBE DESDE":null,"DEBE HASTA":null,"OBSERVACIONES":null},"geometry":{"type":"MultiPolygon","coordinates":[[[[631139.876058456487954,2625566.447512405924499],[631159.904624879942276,2625566.227017454337329],[631160.537776833749376,2625551.690605240873992],[631163.38432015303988,2625515.79664343316108],[631163.803125264123082,2625486.431033593136817],[631143.781061358400621,2625487.835492128506303],[631143.395608840510249,2625514.862497447058558],[631140.572218641173095,2625550.464506134856492],[631139.876058456487954,2625566.447512405924499]]]]}},
{"type":"Feature","properties":{"fid":156,"Clave":"ZFMT-234-383-23","ID":325,"NOMBRE DEL OCUPANTE IRREGULAR":"MICHAEL SEAN NIGHTINGALE Y COP","ID-OCUPACION":"68-lba-tgm","ID - Actualizado":383,"ZONA":"LBA","X":632268.8342,"Y":2623127.914,"TIPO DE USO":"General","ZF":null,"TGM":953.7995,"TOTAL":953.7995,"TIPO DE USO APLICABLE":80.99,"TARIFA ANUAL":77248.221504999994,"IMPORTE BIMESTRAL":12874.7035841667,"DEBE DESDE":null,"DEBE HASTA":null,"OBSERVACIONES":null},"geometry":{"type":"MultiPolygon","coordinates":[[[[632278.734491370734759,2623149.430609600618482],[632281.187660792144015,2623144.092922179959714],[632289.890365705476142,2623125.04296932881698],[632259.352243609144352,2623108.953669463749975],[632246.824531078687869,2623133.47562945401296],[632278.734491370734759,2623149.430609600618482]]]]}},
{"type":"Feature","properties":{"fid":157,"Clave":"ZFMT-234-384-23","ID":326,"NOMBRE DEL OCUPANTE IRREGULAR":"ALBERT FRANCIS NATICHIONI Y COP","ID-OCUPACION":"69-lba-tgm","ID - Actualizado":384,"ZONA":"LBA","X":632281.3552,"Y":2623103.283,"TIPO DE USO":"General","ZF":null,"TGM":1154.7414,"TOTAL":1154.7414,"TIPO DE USO APLICABLE":80.99,"TARIFA ANUAL":93522.505986000004,"IMPORTE BIMESTRAL":15587.084331,"DEBE DESDE":null,"DEBE HASTA":null,"OBSERVACIONES":null},"geometry":{"type":"MultiPolygon","coordinates":[[[[632289.890365705476142,2623125.04296932881698],[632295.800481129670516,2623112.105908805970103],[632301.700063704513013,2623098.692839994095266],[632304.681074040592648,2623091.915327128022909],[632305.14416427037213,2623090.862462617456913],[632273.456989259342663,2623081.169914967380464],[632272.897024044650607,2623082.440883262082934],[632268.056745812995359,2623091.915327128022909],[632259.352243609144352,2623108.953669463749975],[632289.890365705476142,2623125.04296932881698]]]]}},
{"type":"Feature","properties":{"fid":158,"Clave":"ZFMT-234-387-23","ID":329,"NOMBRE DEL OCUPANTE IRREGULAR":"NULL","ID-OCUPACION":"72-lba-tgm","ID - Actualizado":387,"ZONA":"LBA","X":632311.3235000001,"Y":2623025.899,"TIPO DE USO":"General","ZF":null,"TGM":574.3763,"TOTAL":574.3763,"TIPO DE USO APLICABLE":80.99,"TARIFA ANUAL":46518.736536999997,"IMPORTE BIMESTRAL":7753.1227561666701,"DEBE DESDE":null,"DEBE HASTA":null,"OBSERVACIONES":null},"geometry":{"type":"MultiPolygon","coordinates":[[[[632320.240201754379086,2623040.929516910109669],[632327.589282905450091,2623018.583920936100185],[632304.485218848101795,2623012.43215368501842],[632298.288116177427582,2623024.810030078049749],[632295.024287067819387,2623032.218031878583133],[632320.240201754379086,2623040.929516910109669]]]]}},
{"type":"Feature","properties":{"fid":159,"Clave":"ZFMT-234-327-23","ID":268,"NOMBRE DEL OCUPANTE IRREGULAR":"NULL","ID-OCUPACION":"73-lba-zf","ID - Actualizado":327,"ZONA":"LBA","X":631251.3955,"Y":2624922.292,"TIPO DE USO":"General","ZF":515.414,"TGM":null,"TOTAL":515.414,"TIPO DE USO APLICABLE":80.99,"TARIFA ANUAL":41743.37986,"IMPORTE BIMESTRAL":6957.2299766666702,"DEBE DESDE":null,"DEBE HASTA":null,"OBSERVACIONES":"Concesión 137/07"},"geometry":{"type":"MultiPolygon","coordinates":[[[[631241.068604707950726,2624934.032594371587038],[631261.066901962971315,2624933.721137151122093],[631260.881374383345246,2624907.492737795226276],[631240.889697829843499,2624908.740174374077469],[631241.068604707950726,2624934.032594371587038]]]]}},
{"type":"Feature","properties":{"fid":160,"Clave":"ZFMT-234-388-23","ID":330,"NOMBRE DEL OCUPANTE IRREGULAR":"NULL","ID-OCUPACION":"73-lba-tgm","ID - Actualizado":388,"ZONA":"LBA","X":632322.2024,"Y":2623002.704,"TIPO DE USO":"General","ZF":null,"TGM":605.8827,"TOTAL":605.8827,"TIPO DE USO APLICABLE":80.99,"TARIFA ANUAL":49070.439873000003,"IMPORTE BIMESTRAL":8178.4066455000002,"DEBE DESDE":null,"DEBE HASTA":null,"OBSERVACIONES":null},"geometry":{"type":"MultiPolygon","coordinates":[[[[632327.589282905450091,2623018.583920936100185],[632329.883011973346584,2623011.609614615794271],[632340.260004610056058,2622995.578329741023481],[632316.159831132506952,2622989.113690932746977],[632304.485218848101795,2623012.43215368501842],[632327.589282905450091,2623018.583920936100185]]]]}},
{"type":"Feature","properties":{"fid":161,"Clave":"ZFMT-234-389-23","ID":331,"NOMBRE DEL OCUPANTE IRREGULAR":"NULL","ID-OCUPACION":"74-lba-tgm","ID - Actualizado":389,"ZONA":"LBA","X":632338.5208000001,"Y":2622967.912,"TIPO DE USO":"General","ZF":null,"TGM":686.721,"TOTAL":686.721,"TIPO DE USO APLICABLE":80.99,"TARIFA ANUAL":55617.53379,"IMPORTE BIMESTRAL":9269.588965000001,"DEBE DESDE":null,"DEBE HASTA":null,"OBSERVACIONES":null},"geometry":{"type":"MultiPolygon","coordinates":[[[[632347.813867028919049,2622983.908463086932898],[632350.091206879587844,2622980.390229512006044],[632356.573837686446495,2622963.028815355617553],[632327.064466982730664,2622953.332879266701639],[632321.461150020244531,2622976.649265577550977],[632347.813867028919049,2622983.908463086932898]]]]}},
{"type":"Feature","properties":{"fid":162,"Clave":"ZFMT-234-328-23","ID":269,"NOMBRE DEL OCUPANTE IRREGULAR":"NULL","ID-OCUPACION":"74-lba-zf","ID - Actualizado":328,"ZONA":"LBA","X":631249.4819,"Y":2624887.847,"TIPO DE USO":"General","ZF":824.4979,"TGM":null,"TOTAL":824.4979,"TIPO DE USO APLICABLE":80.99,"TARIFA ANUAL":66776.084921000001,"IMPORTE BIMESTRAL":11129.3474868333,"DEBE DESDE":null,"DEBE HASTA":null,"OBSERVACIONES":"Concesión 1372/09"},"geometry":{"type":"MultiPolygon","coordinates":[[[[631240.889697829843499,2624908.740174374077469],[631260.881374383345246,2624907.492737795226276],[631256.700463747372851,2624872.09284601919353],[631256.684661507955752,2624866.652535683941096],[631236.687485674745403,2624867.653867022134364],[631236.703882117406465,2624873.298751174006611],[631240.889697829843499,2624908.740174374077469]]]]}},
{"type":"Feature","properties":{"fid":163,"Clave":"ZFMT-234-329-23","ID":270,"NOMBRE DEL OCUPANTE IRREGULAR":"NULL","ID-OCUPACION":"75-lba-zf","ID - Actualizado":329,"ZONA":"LBA","X":631264.1532,"Y":2624772.773,"TIPO DE USO":"General","ZF":749.6958,"TGM":null,"TOTAL":749.6958,"TIPO DE USO APLICABLE":80.99,"TARIFA ANUAL":60717.862842000002,"IMPORTE BIMESTRAL":10119.643807,"DEBE DESDE":null,"DEBE HASTA":null,"OBSERVACIONES":null},"geometry":{"type":"MultiPolygon","coordinates":[[[[631261.585444537107833,2624756.231137610971928],[631253.164616222609766,2624775.199163839221001],[631245.776129181846045,2624791.810841433703899],[631267.034821430337615,2624793.228087566327304],[631275.053666522377171,2624775.199163839221001],[631281.646212565130554,2624760.324089487548918],[631261.585444537107833,2624756.231137610971928]]]]}},
{"type":"Feature","properties":{"fid":164,"Clave":"ZFMT-234-390-23","ID":332,"NOMBRE DEL OCUPANTE IRREGULAR":"NULL","ID-OCUPACION":"75-lba-tgm","ID - Actualizado":390,"ZONA":"LBA","X":632345.705,"Y":2622946.36,"TIPO DE USO":"General","ZF":null,"TGM":778.6161,"TOTAL":778.6161,"TIPO DE USO APLICABLE":80.99,"TARIFA ANUAL":63060.117939000003,"IMPORTE BIMESTRAL":10510.019656500001,"DEBE DESDE":null,"DEBE HASTA":null,"OBSERVACIONES":null},"geometry":{"type":"MultiPolygon","coordinates":[[[[632356.573837686446495,2622963.028815355617553],[632361.800078102387488,2622949.032194686122239],[632364.996625134022906,2622941.124138864688575],[632332.777513371082023,2622929.559889536816627],[632327.064466982730664,2622953.332879266701639],[632356.573837686446495,2622963.028815355617553]]]]}},
{"type":"Feature","properties":{"fid":165,"Clave":"ZFMT-234-330-23","ID":271,"NOMBRE DEL OCUPANTE IRREGULAR":"BRIAN WILLIAMS Y COP","ID-OCUPACION":"76-lba-zf","ID - Actualizado":330,"ZONA":"LBA","X":631279.7175,"Y":2624741.836,"TIPO DE USO":"General","ZF":671.0399,"TGM":null,"TOTAL":671.0399,"TIPO DE USO APLICABLE":80.99,"TARIFA ANUAL":54347.521501000003,"IMPORTE BIMESTRAL":9057.9202501666696,"DEBE DESDE":null,"DEBE HASTA":null,"OBSERVACIONES":null},"geometry":{"type":"MultiPolygon","coordinates":[[[[631261.585444537107833,2624756.231137610971928],[631281.646212565130554,2624760.324089487548918],[631290.709271681960672,2624739.857783171813935],[631295.924737749621272,2624731.13575544487685],[631276.27725806995295,2624725.022666107863188],[631272.916879280586727,2624730.642358882818371],[631261.585444537107833,2624756.231137610971928]]]]}},
{"type":"Feature","properties":{"fid":166,"Clave":"ZFMT-234-391-23","ID":333,"NOMBRE DEL OCUPANTE IRREGULAR":"NULL","ID-OCUPACION":"76-lba-tgm","ID - Actualizado":391,"ZONA":"LBA","X":632353.2997,"Y":2622921.728,"TIPO DE USO":"General","ZF":null,"TGM":881.6266,"TOTAL":881.6266,"TIPO DE USO APLICABLE":80.99,"TARIFA ANUAL":71402.938334000006,"IMPORTE BIMESTRAL":11900.489722333299,"DEBE DESDE":null,"DEBE HASTA":null,"OBSERVACIONES":null},"geometry":{"type":"MultiPolygon","coordinates":[[[[632364.996625134022906,2622941.124138864688575],[632374.385922190384008,2622917.895609919913113],[632341.029598009539768,2622905.853411529678851],[632334.234328102087602,2622923.497827497776598],[632332.777513371082023,2622929.559889536816627],[632364.996625134022906,2622941.124138864688575]]]]}},
{"type":"Feature","properties":{"fid":167,"Clave":"ZFMT-234-331-23","ID":272,"NOMBRE DEL OCUPANTE IRREGULAR":"TONY A. KRAUSE","ID-OCUPACION":"77-lba-zf","ID - Actualizado":331,"ZONA":"LBA","X":631294.0698000001,"Y":2624715.874,"TIPO DE USO":"General","ZF":584.9207,"TGM":null,"TOTAL":584.9207,"TIPO DE USO APLICABLE":80.99,"TARIFA ANUAL":47372.727493,"IMPORTE BIMESTRAL":7895.4545821666698,"DEBE DESDE":null,"DEBE HASTA":null,"OBSERVACIONES":null},"geometry":{"type":"MultiPolygon","coordinates":[[[[631291.895950917154551,2624698.902915666811168],[631276.27725806995295,2624725.022666107863188],[631295.924737749621272,2624731.13575544487685],[631308.727946966420859,2624709.724448310211301],[631310.482251905486919,2624707.181168304290622],[631291.895950917154551,2624698.902915666811168]]]]}},
{"type":"Feature","properties":{"fid":168,"Clave":"ZFMT-234-392-23","ID":334,"NOMBRE DEL OCUPANTE IRREGULAR":"DREAM LIVING CORPORATION S. DE R.L. DE C.V.","ID-OCUPACION":"77-lba-tgm","ID - Actualizado":392,"ZONA":"LBA","X":632360.8944,"Y":2622902.434,"TIPO DE USO":"General","ZF":null,"TGM":695.6324,"TOTAL":695.6324,"TIPO DE USO APLICABLE":80.99,"TARIFA ANUAL":56339.268076,"IMPORTE BIMESTRAL":9389.8780126666697,"DEBE DESDE":null,"DEBE HASTA":null,"OBSERVACIONES":null},"geometry":{"type":"MultiPolygon","coordinates":[[[[632374.385922190384008,2622917.895609919913113],[632375.843595830490813,2622914.289417237043381],[632382.932929458911531,2622902.512284363619983],[632349.021450379979797,2622886.813661137130111],[632348.022293140180409,2622887.696366510819644],[632341.029598009539768,2622905.853411529678851],[632374.385922190384008,2622917.895609919913113]]]]}},
{"type":"Feature","properties":{"fid":169,"Clave":"ZFMT-234-332-23","ID":273,"NOMBRE DEL OCUPANTE IRREGULAR":"SAGEBRUSH S A DE C V","ID-OCUPACION":"78-lba-zf","ID - Actualizado":332,"ZONA":"LBA","X":631313.5889,"Y":2624685.32,"TIPO DE USO":"General","ZF":763.3497,"TGM":null,"TOTAL":763.3497,"TIPO DE USO APLICABLE":80.99,"TARIFA ANUAL":61823.692203,"IMPORTE BIMESTRAL":10303.948700499999,"DEBE DESDE":null,"DEBE HASTA":null,"OBSERVACIONES":null},"geometry":{"type":"MultiPolygon","coordinates":[[[[631333.292390450718813,2624675.811529124155641],[631313.166656565037556,2624668.065996129997075],[631291.895950917154551,2624698.902915666811168],[631310.482251905486919,2624707.181168304290622],[631328.794686353532597,2624680.632962672039866],[631333.292390450718813,2624675.811529124155641]]]]}},
{"type":"Feature","properties":{"fid":170,"Clave":"ZFMT-234-393-23","ID":335,"NOMBRE DEL OCUPANTE IRREGULAR":"DREAM LIVING CORPORATION S. DE R.L. DE C.V.","ID-OCUPACION":"78-lba-tgm","ID - Actualizado":393,"ZONA":"LBA","X":632370.9522000001,"Y":2622887.039,"TIPO DE USO":"General","ZF":null,"TGM":664.2075,"TOTAL":664.2075,"TIPO DE USO APLICABLE":80.99,"TARIFA ANUAL":53794.165425,"IMPORTE BIMESTRAL":8965.6942375,"DEBE DESDE":null,"DEBE HASTA":null,"OBSERVACIONES":null},"geometry":{"type":"MultiPolygon","coordinates":[[[[632382.932929458911531,2622902.512284363619983],[632392.472900760709308,2622886.664037473499775],[632365.77789388212841,2622872.010182633530349],[632349.021450379979797,2622886.813661137130111],[632382.932929458911531,2622902.512284363619983]]]]}},
{"type":"Feature","properties":{"fid":171,"Clave":"ZFMT-234-333-23","ID":274,"NOMBRE DEL OCUPANTE IRREGULAR":"CINDY LEE BEVERIDGE Y COP","ID-OCUPACION":"79-lba-zf","ID - Actualizado":333,"ZONA":"LBA","X":631333.1081,"Y":2624660.761,"TIPO DE USO":"General","ZF":608.3103,"TGM":null,"TOTAL":608.3103,"TIPO DE USO APLICABLE":80.99,"TARIFA ANUAL":49267.051197000001,"IMPORTE BIMESTRAL":8211.1751994999995,"DEBE DESDE":null,"DEBE HASTA":null,"OBSERVACIONES":null},"geometry":{"type":"MultiPolygon","coordinates":[[[[631313.166656565037556,2624668.065996129997075],[631333.292390450718813,2624675.811529124155641],[631353.23363526398316,2624654.434981341008097],[631334.704679268063046,2624644.977739827241749],[631313.166656565037556,2624668.065996129997075]]]]}},
{"type":"Feature","properties":{"fid":172,"Clave":"ZFMT-234-334-23","ID":275,"NOMBRE DEL OCUPANTE IRREGULAR":"BRUCE ASHWILL Y COP","ID-OCUPACION":"80-lba-zf","ID - Actualizado":334,"ZONA":"LBA","X":631364.0453,"Y":2624629.952,"TIPO DE USO":"General","ZF":1139.7244,"TGM":null,"TOTAL":1139.7244,"TIPO DE USO APLICABLE":80.99,"TARIFA ANUAL":92306.279156000004,"IMPORTE BIMESTRAL":15384.379859333299,"DEBE DESDE":null,"DEBE HASTA":null,"OBSERVACIONES":null},"geometry":{"type":"MultiPolygon","coordinates":[[[[631334.704679268063046,2624644.977739827241749],[631353.23363526398316,2624654.434981341008097],[631375.724429153022356,2624633.636478775646538],[631379.40196594723966,2624630.235653570853174],[631396.101454694871791,2624617.897289773449302],[631377.553810231969692,2624606.734355605673045],[631366.631483046337962,2624614.804282078985125],[631356.267890482093208,2624624.388079233001918],[631339.112670130794868,2624640.252476755995303],[631334.704679268063046,2624644.977739827241749]]]]}},
{"type":"Feature","properties":{"fid":173,"Clave":"ZFMT-234-395-23","ID":337,"NOMBRE DEL OCUPANTE IRREGULAR":"WAYNE JOSEPH KIRCHNER","ID-OCUPACION":"80-lba-tgm","ID - Actualizado":395,"ZONA":"LBA","X":632449.0033,"Y":2622672.642,"TIPO DE USO":"General","ZF":null,"TGM":40.89,"TOTAL":40.89,"TIPO DE USO APLICABLE":80.99,"TARIFA ANUAL":3311.6811,"IMPORTE BIMESTRAL":551.94685,"DEBE DESDE":null,"DEBE HASTA":null,"OBSERVACIONES":null},"geometry":{"type":"MultiPolygon","coordinates":[[[[632449.986326626036316,2622680.511218340136111],[632450.950300715630874,2622658.526436957065016],[632446.770132999168709,2622677.31240529101342],[632446.615220492938533,2622679.633031028322875],[632449.986326626036316,2622680.511218340136111]]]]}},
{"type":"Feature","properties":{"fid":174,"Clave":"ZFMT-234-335-23","ID":276,"NOMBRE DEL OCUPANTE IRREGULAR":"NULL","ID-OCUPACION":"81-lba-zf","ID - Actualizado":335,"ZONA":"LBA","X":631410.7382,"Y":2624594.358,"TIPO DE USO":"General","ZF":606.4177,"TGM":null,"TOTAL":606.4177,"TIPO DE USO APLICABLE":80.99,"TARIFA ANUAL":49113.769523000003,"IMPORTE BIMESTRAL":8185.6282538333298,"DEBE DESDE":null,"DEBE HASTA":null,"OBSERVACIONES":null},"geometry":{"type":"MultiPolygon","coordinates":[[[[631388.604199322522618,2624598.555399286560714],[631407.889255315531045,2624609.187911023851484],[631430.759910235065036,2624593.427997360471636],[631415.473620723700151,2624579.672982582356781],[631396.269495662651025,2624592.906331344041973],[631388.604199322522618,2624598.555399286560714]]]]}},
{"type":"Feature","properties":{"fid":175,"Clave":"ZFMT-234-396-23","ID":338,"NOMBRE DEL OCUPANTE IRREGULAR":"NULL","ID-OCUPACION":"81-lba-tgm","ID - Actualizado":396,"ZONA":"LBA","X":632467.3743,"Y":2621810.283,"TIPO DE USO":"General","ZF":null,"TGM":4233.9011,"TOTAL":4233.9011,"TIPO DE USO APLICABLE":80.99,"TARIFA ANUAL":342903.650089,"IMPORTE BIMESTRAL":57150.608348166701,"DEBE DESDE":null,"DEBE HASTA":null,"OBSERVACIONES":null},"geometry":{"type":"MultiPolygon","coordinates":[[[[632483.03139441809617,2621882.219743935856968],[632481.341150072054006,2621855.875071309972554],[632479.726229880354367,2621819.166356413159519],[632480.62827463587746,2621781.762421178165823],[632483.204358306364156,2621745.016943431925029],[632485.107958935433999,2621726.778178077656776],[632469.766076067462564,2621726.600609988905489],[632463.880243354011327,2621761.240982921794057],[632446.699197298963554,2621785.748445808887482],[632452.762349728145637,2621800.883506459183991],[632437.316499488777481,2621812.450392676983029],[632464.991378994076513,2621836.136089011095464],[632466.495698422077112,2621842.144304737914354],[632438.822879706509411,2621869.775553823914379],[632436.85347638418898,2621883.540606285445392],[632483.03139441809617,2621882.219743935856968]]]]}},
{"type":"Feature","properties":{"fid":176,"Clave":"ZFMT-234-336-23","ID":277,"NOMBRE DEL OCUPANTE IRREGULAR":"NULL","ID-OCUPACION":"82-lba-zf","ID - Actualizado":336,"ZONA":"LBA","X":631462.0238,"Y":2624554.044,"TIPO DE USO":"General","ZF":723.7161,"TGM":null,"TOTAL":723.7161,"TIPO DE USO APLICABLE":80.99,"TARIFA ANUAL":58613.766939000001,"IMPORTE BIMESTRAL":9768.9611564999996,"DEBE DESDE":null,"DEBE HASTA":null,"OBSERVACIONES":null},"geometry":{"type":"MultiPolygon","coordinates":[[[[631469.710381756536663,2624535.369915073271841],[631451.230453455937095,2624550.614585116039962],[631441.262744354549795,2624559.166530061047524],[631456.903610720881261,2624572.099473724607378],[631464.106681192293763,2624565.919491797219962],[631483.980864978046156,2624549.524656867608428],[631469.710381756536663,2624535.369915073271841]]]]}},
{"type":"Feature","properties":{"fid":177,"Clave":"ZFMT-234-397-23","ID":339,"NOMBRE DEL OCUPANTE IRREGULAR":"NULL","ID-OCUPACION":"82-lba-tgm","ID - Actualizado":397,"ZONA":"LBA","X":632479.9979,"Y":2621707.447,"TIPO DE USO":"General","ZF":null,"TGM":547.4857,"TOTAL":547.4857,"TIPO DE USO APLICABLE":80.99,"TARIFA ANUAL":44340.866843000003,"IMPORTE BIMESTRAL":7390.1444738333303,"DEBE DESDE":null,"DEBE HASTA":null,"OBSERVACIONES":null},"geometry":{"type":"MultiPolygon","coordinates":[[[[632485.107958935433999,2621726.778178077656776],[632486.949249248951674,2621709.136419894173741],[632490.299342423095368,2621688.663090825080872],[632476.162221954786219,2621688.956849172245711],[632469.766076067462564,2621726.600609988905489],[632485.107958935433999,2621726.778178077656776]]]]}},
{"type":"Feature","properties":{"fid":178,"Clave":"ZFMT-234-337-23","ID":278,"NOMBRE DEL OCUPANTE IRREGULAR":"NULL","ID-OCUPACION":"83-lba-zf","ID - Actualizado":337,"ZONA":"LBA","X":631518.9228,"Y":2624504.672,"TIPO DE USO":"General","ZF":565.4374,"TGM":null,"TOTAL":565.4374,"TIPO DE USO APLICABLE":80.99,"TARIFA ANUAL":45794.775026000003,"IMPORTE BIMESTRAL":7632.4625043333299,"DEBE DESDE":null,"DEBE HASTA":null,"OBSERVACIONES":null},"geometry":{"type":"MultiPolygon","coordinates":[[[[631518.553923450410366,2624489.922857459634542],[631504.218757397378795,2624505.2683997717686],[631499.789700582390651,2624509.206926506944001],[631515.901260563521646,2624521.643627248704433],[631518.201379210338928,2624519.598253],[631536.303734324057586,2624500.22000128030777],[631518.553923450410366,2624489.922857459634542]]]]}},
{"type":"Feature","properties":{"fid":179,"Clave":"ZFMT-234-398-23","ID":340,"NOMBRE DEL OCUPANTE IRREGULAR":"NULL","ID-OCUPACION":"83-lba-tgm","ID - Actualizado":398,"ZONA":"LBA","X":632487.9005,"Y":2621665.368,"TIPO DE USO":"General","ZF":null,"TGM":663.7348,"TOTAL":663.7348,"TIPO DE USO APLICABLE":80.99,"TARIFA ANUAL":53755.881452000001,"IMPORTE BIMESTRAL":8959.3135753333299,"DEBE DESDE":null,"DEBE HASTA":null,"OBSERVACIONES":null},"geometry":{"type":"MultiPolygon","coordinates":[[[[632490.299342423095368,2621688.663090825080872],[632492.819203935447149,2621673.263532882090658],[632499.589113207883202,2621637.240324276033789],[632502.467529022600502,2621627.292501877527684],[632493.523995454539545,2621628.909598352853209],[632476.709977413644083,2621685.733099144883454],[632476.162221954786219,2621688.956849172245711],[632490.299342423095368,2621688.663090825080872]]]]}},
{"type":"Feature","properties":{"fid":180,"Clave":"ZFMT-234-338-23","ID":279,"NOMBRE DEL OCUPANTE IRREGULAR":"NULL","ID-OCUPACION":"84-lba-zf","ID - Actualizado":338,"ZONA":"LBA","X":631538.9523,"Y":2624481.708,"TIPO DE USO":"General","ZF":693.281,"TGM":null,"TOTAL":693.281,"TIPO DE USO APLICABLE":80.99,"TARIFA ANUAL":56148.82819,"IMPORTE BIMESTRAL":9358.1380316666691,"DEBE DESDE":null,"DEBE HASTA":null,"OBSERVACIONES":null},"geometry":{"type":"MultiPolygon","coordinates":[[[[631541.554208255489357,2624463.866249575279653],[631527.808363761054352,2624480.016142414882779],[631518.553923450410366,2624489.922857459634542],[631536.303734324057586,2624500.22000128030777],[631542.738980741007254,2624493.331183546222746],[631558.480699173524044,2624474.836352938786149],[631558.932985659805126,2624474.156224370468408],[631541.554208255489357,2624463.866249575279653]]]]}},
{"type":"Feature","properties":{"fid":181,"Clave":"ZFMT-234-399-23","ID":341,"NOMBRE DEL OCUPANTE IRREGULAR":"NULL","ID-OCUPACION":"84-lba-tgm","ID - Actualizado":399,"ZONA":"LBA","X":632511.8136,"Y":2621580.851,"TIPO DE USO":"Protección","ZF":null,"TGM":253.122,"TOTAL":253.122,"TIPO DE USO APLICABLE":28.19,"TARIFA ANUAL":7135.50918,"IMPORTE BIMESTRAL":1189.25153,"DEBE DESDE":null,"DEBE HASTA":null,"OBSERVACIONES":null},"geometry":{"type":"MultiPolygon","coordinates":[[[[632512.699014779296704,2621593.733978449366987],[632520.818847697111778,2621571.095294645987451],[632509.671283268369734,2621567.114021635614336],[632504.098201562766917,2621591.2277812208049],[632512.699014779296704,2621593.733978449366987]]]]}},
{"type":"Feature","properties":{"fid":182,"Clave":"ZFMT-234-339-23","ID":280,"NOMBRE DEL OCUPANTE IRREGULAR":"NULL","ID-OCUPACION":"85-lba-zf","ID - Actualizado":339,"ZONA":"LBA","X":631558.599,"Y":2624455.3,"TIPO DE USO":"General","ZF":601.2627,"TGM":null,"TOTAL":601.2627,"TIPO DE USO APLICABLE":80.99,"TARIFA ANUAL":48696.266073,"IMPORTE BIMESTRAL":8116.0443455000004,"DEBE DESDE":null,"DEBE HASTA":null,"OBSERVACIONES":null},"geometry":{"type":"MultiPolygon","coordinates":[[[[631558.250301816384308,2624439.064771648496389],[631542.482786025851965,2624462.775270321872085],[631541.554208255489357,2624463.866249575279653],[631558.932985659805126,2624474.156224370468408],[631575.65788967104163,2624449.006047282367945],[631558.250301816384308,2624439.064771648496389]]]]}},
{"type":"Feature","properties":{"fid":183,"Clave":"ZFMT-234-400-23","ID":342,"NOMBRE DEL OCUPANTE IRREGULAR":"STEN THORBORG Y COP","ID-OCUPACION":"85-lba-tgm","ID - Actualizado":400,"ZONA":"LBA","X":632542.9109,"Y":2621487.251,"TIPO DE USO":"General","ZF":null,"TGM":168.0401,"TOTAL":168.0401,"TIPO DE USO APLICABLE":80.99,"TARIFA ANUAL":13609.567699,"IMPORTE BIMESTRAL":2268.2612831666702,"DEBE DESDE":null,"DEBE HASTA":null,"OBSERVACIONES":null},"geometry":{"type":"MultiPolygon","coordinates":[[[[632550.587653208407573,2621499.378587107174098],[632548.328921784996055,2621488.541124936193228],[632541.039576321956702,2621474.062215118203312],[632535.434023011708632,2621489.536631526425481],[632550.587653208407573,2621499.378587107174098]]]]}},
{"type":"Feature","properties":{"fid":184,"Clave":"ZFMT-246-406-23","ID":348,"NOMBRE DEL OCUPANTE IRREGULAR":"NULL","ID-OCUPACION":"86-lba-tgm","ID - Actualizado":406,"ZONA":"LBA","X":632900.9399,"Y":2620613.141,"TIPO DE USO":"General","ZF":null,"TGM":1837.0646,"TOTAL":1837.0646,"TIPO DE USO APLICABLE":80.99,"TARIFA ANUAL":148783.86195399999,"IMPORTE BIMESTRAL":24797.310325666698,"DEBE DESDE":null,"DEBE HASTA":null,"OBSERVACIONES":null},"geometry":{"type":"MultiPolygon","coordinates":[[[[632867.750729225808755,2620633.345678823068738],[632900.540867492090911,2620629.505638742819428],[632917.849815082154237,2620622.932636491954327],[632935.230975511251017,2620611.530826913192868],[632951.727802472072653,2620596.27786743408069],[632874.753371912054718,2620600.91210941132158],[632867.750729225808755,2620633.345678823068738]]]]}},
{"type":"Feature","properties":{"fid":185,"Clave":"ZFMT-234-340-23","ID":281,"NOMBRE DEL OCUPANTE IRREGULAR":"NULL","ID-OCUPACION":"86-lba-zf","ID - Actualizado":340,"ZONA":"LBA","X":631576.0769,"Y":2624431.443,"TIPO DE USO":"General","ZF":595.7242,"TGM":null,"TOTAL":595.7242,"TIPO DE USO APLICABLE":80.99,"TARIFA ANUAL":48247.702958000002,"IMPORTE BIMESTRAL":8041.2838263333297,"DEBE DESDE":null,"DEBE HASTA":null,"OBSERVACIONES":null},"geometry":{"type":"MultiPolygon","coordinates":[[[[631593.882972433697432,2624424.731855281163007],[631575.654558428796008,2624415.64577855495736],[631561.575096053886227,2624434.06509190518409],[631558.250301816384308,2624439.064771648496389],[631575.65788967104163,2624449.006047282367945],[631577.86442141328007,2624445.687961619812995],[631593.882972433697432,2624424.731855281163007]]]]}},
{"type":"Feature","properties":{"fid":186,"Clave":"ZFMT-234-341-23","ID":282,"NOMBRE DEL OCUPANTE IRREGULAR":"NULL","ID-OCUPACION":"87-lba-zf","ID - Actualizado":341,"ZONA":"LBA","X":631593.9376,"Y":2624407.459,"TIPO DE USO":"General","ZF":564.0257,"TGM":null,"TOTAL":564.0257,"TIPO DE USO APLICABLE":80.99,"TARIFA ANUAL":45680.441443000003,"IMPORTE BIMESTRAL":7613.40690716667,"DEBE DESDE":null,"DEBE HASTA":null,"OBSERVACIONES":null},"geometry":{"type":"MultiPolygon","coordinates":[[[[631575.654558428796008,2624415.64577855495736],[631593.882972433697432,2624424.731855281163007],[631599.875201746239327,2624416.892582280095667],[631610.36123173753731,2624402.588241228368133],[631592.886122751631774,2624392.598467155825347],[631583.863707458251156,2624404.906242893077433],[631575.654558428796008,2624415.64577855495736]]]]}},
{"type":"Feature","properties":{"fid":187,"Clave":"ZFMT-246-407-23","ID":349,"NOMBRE DEL OCUPANTE IRREGULAR":"VERDUGO TRASVINA ERNESTO EDUARDO","ID-OCUPACION":"87-lba-tgm","ID - Actualizado":407,"ZONA":"LBA","X":632928.4451,"Y":2620509.278,"TIPO DE USO":"General","ZF":null,"TGM":1149.1166,"TOTAL":1149.1166,"TIPO DE USO APLICABLE":80.99,"TARIFA ANUAL":93066.953433999995,"IMPORTE BIMESTRAL":15511.1589056667,"DEBE DESDE":null,"DEBE HASTA":null,"OBSERVACIONES":null},"geometry":{"type":"MultiPolygon","coordinates":[[[[632910.104428049759008,2620534.870896007865667],[632918.867951863445342,2620490.155247998423874],[632915.27583609521389,2620485.138672528788447],[632909.918628958286718,2620482.227820097003132],[632900.268251782283187,2620483.778300361707807],[632898.449000000022352,2620491.163000000175089],[632886.805898712249473,2620545.089403316844255],[632910.104428049759008,2620534.870896007865667]]]]}},
{"type":"Feature","properties":{"fid":188,"Clave":"ZFMT-246-408-23","ID":350,"NOMBRE DEL OCUPANTE IRREGULAR":"NULL","ID-OCUPACION":"88-lba-tgm","ID - Actualizado":408,"ZONA":"LBA","X":632938.1951,"Y":2620412.395,"TIPO DE USO":"General","ZF":null,"TGM":3977.6899,"TOTAL":3977.6899,"TIPO DE USO APLICABLE":80.99,"TARIFA ANUAL":322153.10500099999,"IMPORTE BIMESTRAL":53692.1841668333,"DEBE DESDE":null,"DEBE HASTA":null,"OBSERVACIONES":null},"geometry":{"type":"MultiPolygon","coordinates":[[[[632964.79019797150977,2620453.065665858797729],[632964.342045377241448,2620433.885600390844047],[632965.10409661277663,2620397.797899249941111],[632966.04267871985212,2620375.292422499973327],[632928.563862446928397,2620370.175860551651567],[632927.978,2620371.299000000115484],[632906.275153731228784,2620459.395107730291784],[632964.79019797150977,2620453.065665858797729]]]]}},
{"type":"Feature","properties":{"fid":189,"Clave":"ZFMT-234-342-23","ID":283,"NOMBRE DEL OCUPANTE IRREGULAR":"DENNIS J BRESNAHAN Y COP","ID-OCUPACION":"88-lba-zf","ID - Actualizado":342,"ZONA":"LBA","X":631615.1153,"Y":2624375.437,"TIPO DE USO":"General","ZF":506.7219,"TGM":null,"TOTAL":506.7219,"TIPO DE USO APLICABLE":80.99,"TARIFA ANUAL":41039.406681,"IMPORTE BIMESTRAL":6839.9011135000001,"DEBE DESDE":null,"DEBE HASTA":null,"OBSERVACIONES":null},"geometry":{"type":"MultiPolygon","coordinates":[[[[631611.659680536366068,2624360.7243089559488],[631603.881778014590964,2624377.598929378204048],[631599.937742085079663,2624382.979119514580816],[631617.31128450052347,2624393.10744390077889],[631621.202366205397993,2624387.799490383826196],[631629.080411211587489,2624370.707604918628931],[631611.659680536366068,2624360.7243089559488]]]]}},
{"type":"Feature","properties":{"fid":190,"Clave":"ZFMT-246-409-23","ID":351,"NOMBRE DEL OCUPANTE IRREGULAR":"CASA CAL INC","ID-OCUPACION":"89-lba-tgm","ID - Actualizado":409,"ZONA":"LBA","X":632946.8161000001,"Y":2620330.495,"TIPO DE USO":"General","ZF":null,"TGM":2973.5721,"TOTAL":2973.5721,"TIPO DE USO APLICABLE":80.99,"TARIFA ANUAL":240829.604379,"IMPORTE BIMESTRAL":40138.267396499999,"DEBE DESDE":null,"DEBE HASTA":null,"OBSERVACIONES":null},"geometry":{"type":"MultiPolygon","coordinates":[[[[632966.04267871985212,2620375.292422499973327],[632966.583015881595202,2620362.336128810886294],[632966.523734236252494,2620327.615959371905774],[632966.869742024457082,2620291.778465923853219],[632967.144342322717421,2620283.24125521723181],[632929.314492316450924,2620289.586135122925043],[632933.087000000057742,2620305.98700000019744],[632932.934000000124797,2620361.798],[632928.563862446928397,2620370.175860551651567],[632966.04267871985212,2620375.292422499973327]]]]}},
{"type":"Feature","properties":{"fid":191,"Clave":"ZFMT-234-343-23","ID":284,"NOMBRE DEL OCUPANTE IRREGULAR":"CHANNELL WOTT WASSON Y COP","ID-OCUPACION":"89-lba-zf","ID - Actualizado":343,"ZONA":"LBA","X":631626.5971,"Y":2624352.473,"TIPO DE USO":"General","ZF":597.9824,"TGM":null,"TOTAL":597.9824,"TIPO DE USO APLICABLE":80.99,"TARIFA ANUAL":48430.594576000003,"IMPORTE BIMESTRAL":8071.7657626666696,"DEBE DESDE":null,"DEBE HASTA":null,"OBSERVACIONES":null},"geometry":{"type":"MultiPolygon","coordinates":[[[[631623.293384922668338,2624333.938005470205098],[631618.011120819603093,2624346.944482907187194],[631611.659680536366068,2624360.7243089559488],[631629.080411211587489,2624370.707604918628931],[631636.367668783990666,2624354.897467796225101],[631641.317951603676192,2624342.708425261545926],[631623.293384922668338,2624333.938005470205098]]]]}},
{"type":"Feature","properties":{"fid":192,"Clave":"ZFMT-221-248-23","ID":190,"NOMBRE DEL OCUPANTE IRREGULAR":"ROBERT S CURRIER Y COP","ID-OCUPACION":"9-lba-zf","ID - Actualizado":248,"ZONA":"LBA","X":627319.2758,"Y":2638011.47,"TIPO DE USO":"General","ZF":438.305,"TGM":null,"TOTAL":438.305,"TIPO DE USO APLICABLE":80.99,"TARIFA ANUAL":35498.32195,"IMPORTE BIMESTRAL":5916.3869916666699,"DEBE DESDE":null,"DEBE HASTA":null,"OBSERVACIONES":null},"geometry":{"type":"MultiPolygon","coordinates":[[[[627306.595679476391524,2638018.246510268189013],[627325.08091554697603,2638025.882197620347142],[627328.329684597556479,2638017.936962950974703],[627333.997732212417759,2638006.337018413934857],[627315.838470051530749,2637997.944882502779365],[627310.068714798195288,2638009.752976847812533],[627306.595679476391524,2638018.246510268189013]]]]}},
{"type":"Feature","properties":{"fid":193,"Clave":"ZFMT-246-410-23","ID":352,"NOMBRE DEL OCUPANTE IRREGULAR":"NULL","ID-OCUPACION":"90-lba-tgm","ID - Actualizado":410,"ZONA":"LBA","X":632943.5319,"Y":2620265.221,"TIPO DE USO":"General","ZF":null,"TGM":1346.8786,"TOTAL":1346.8786,"TIPO DE USO APLICABLE":80.99,"TARIFA ANUAL":109083.697814,"IMPORTE BIMESTRAL":18180.616302333299,"DEBE DESDE":null,"DEBE HASTA":null,"OBSERVACIONES":null},"geometry":{"type":"MultiPolygon","coordinates":[[[[632967.36157350987196,2620276.487626658752561],[632968.019926982116885,2620256.019687090069056],[632968.328352593700401,2620248.523411290254444],[632923.151916743023321,2620251.715224693063647],[632923.679,2620265.08600000012666],[632928.47353314072825,2620285.930090134963393],[632967.36157350987196,2620276.487626658752561]]]]}},
{"type":"Feature","properties":{"fid":194,"Clave":"ZFMT-234-344-23","ID":285,"NOMBRE DEL OCUPANTE IRREGULAR":"DAVID KIMBERLY LOKEY","ID-OCUPACION":"90-lba-zf","ID - Actualizado":344,"ZONA":"LBA","X":631638.079,"Y":2624323.131,"TIPO DE USO":"General","ZF":602.6041,"TGM":null,"TOTAL":602.6041,"TIPO DE USO APLICABLE":80.99,"TARIFA ANUAL":48804.906059000001,"IMPORTE BIMESTRAL":8134.1510098333301,"DEBE DESDE":null,"DEBE HASTA":null,"OBSERVACIONES":null},"geometry":{"type":"MultiPolygon","coordinates":[[[[631633.483034287230112,2624305.642357577569783],[631630.602551154093817,2624315.940702855121344],[631623.293384922668338,2624333.938005470205098],[631641.317951603676192,2624342.708425261545926],[631649.558492707787082,2624322.41780561581254],[631651.772503951680847,2624314.502240335568786],[631633.483034287230112,2624305.642357577569783]]]]}},
{"type":"Feature","properties":{"fid":195,"Clave":"ZFMT-234-345-23","ID":286,"NOMBRE DEL OCUPANTE IRREGULAR":"MICHAEL BRUCE MC CORD Y COP","ID-OCUPACION":"91-lba-zf","ID - Actualizado":345,"ZONA":"LBA","X":631646.3714,"Y":2624295.064,"TIPO DE USO":"General","ZF":605.344,"TGM":null,"TOTAL":605.344,"TIPO DE USO APLICABLE":80.99,"TARIFA ANUAL":49026.81056,"IMPORTE BIMESTRAL":8171.1350933333297,"DEBE DESDE":null,"DEBE HASTA":null,"OBSERVACIONES":null},"geometry":{"type":"MultiPolygon","coordinates":[[[[631640.371118059149012,2624276.851607344578952],[631639.451937504461966,2624284.302247814834118],[631633.483034287230112,2624305.642357577569783],[631651.772503951680847,2624314.502240335568786],[631659.117465356132016,2624288.242427302990109],[631659.555551776196808,2624284.69141177739948],[631640.371118059149012,2624276.851607344578952]]]]}},
{"type":"Feature","properties":{"fid":196,"Clave":"ZFMT-246-411-23","ID":353,"NOMBRE DEL OCUPANTE IRREGULAR":"NULL","ID-OCUPACION":"91-lba-tgm","ID - Actualizado":411,"ZONA":"LBA","X":632945.5845,"Y":2620216.164,"TIPO DE USO":"General","ZF":null,"TGM":3101.16,"TOTAL":3101.16,"TIPO DE USO APLICABLE":80.99,"TARIFA ANUAL":251162.9484,"IMPORTE BIMESTRAL":41860.4914,"DEBE DESDE":null,"DEBE HASTA":null,"OBSERVACIONES":null},"geometry":{"type":"MultiPolygon","coordinates":[[[[632968.328352593700401,2620248.523411290254444],[632969.472949227201752,2620220.704022356774658],[632971.742260420112871,2620184.707103718072176],[632972.248959827469662,2620178.996549135074019],[632920.851031732163392,2620191.920824418775737],[632920.81900000013411,2620192.535000001080334],[632923.151916743023321,2620251.715224693063647],[632968.328352593700401,2620248.523411290254444]]]]}},
{"type":"Feature","properties":{"fid":197,"Clave":"ZFMT-234-346-23","ID":287,"NOMBRE DEL OCUPANTE IRREGULAR":"DAVID KIMBERLY LOKEY Y COP","ID-OCUPACION":"92-lba-zf","ID - Actualizado":346,"ZONA":"LBA","X":631651.7296,"Y":2624262.915,"TIPO DE USO":"General","ZF":621.6386,"TGM":null,"TOTAL":621.6386,"TIPO DE USO APLICABLE":80.99,"TARIFA ANUAL":50346.510214000002,"IMPORTE BIMESTRAL":8391.0850356666706,"DEBE DESDE":null,"DEBE HASTA":null,"OBSERVACIONES":null},"geometry":{"type":"MultiPolygon","coordinates":[[[[631644.200040624826215,2624246.735353921540082],[631643.634492785786279,2624250.399533558171242],[631640.371118059149012,2624276.851607344578952],[631659.555551776196808,2624284.69141177739948],[631663.446798807708547,2624253.149967057164758],[631644.200040624826215,2624246.735353921540082]]]]}},
{"type":"Feature","properties":{"fid":198,"Clave":"ZFMT-246-412-23","ID":354,"NOMBRE DEL OCUPANTE IRREGULAR":"OSUNA MA DEL ROSARIO CALDERON VDA DE","ID-OCUPACION":"92-lba-tgm","ID - Actualizado":412,"ZONA":"LBA","X":632951.1266,"Y":2620136.111,"TIPO DE USO":"General","ZF":null,"TGM":5304.2702,"TOTAL":5304.2702,"TIPO DE USO APLICABLE":80.99,"TARIFA ANUAL":429592.843498,"IMPORTE BIMESTRAL":71598.807249666701,"DEBE DESDE":null,"DEBE HASTA":null,"OBSERVACIONES":null},"geometry":{"type":"MultiPolygon","coordinates":[[[[632972.248959827469662,2620178.996549135074019],[632975.04751499206759,2620147.456543778069317],[632981.568630438181572,2620110.379018544219434],[632989.636262606014498,2620075.773146580904722],[632933.591140380129218,2620090.837666906416416],[632933.327999999979511,2620094.433999999891967],[632923.692999999970198,2620137.429],[632920.851031732163392,2620191.920824418775737],[632972.248959827469662,2620178.996549135074019]]]]}},
{"type":"Feature","properties":{"fid":199,"Clave":"ZFMT-234-347-23","ID":288,"NOMBRE DEL OCUPANTE IRREGULAR":"RICKY THOMAS CANNARD Y COP","ID-OCUPACION":"93-lba-zf","ID - Actualizado":347,"ZONA":"LBA","X":631655.5569,"Y":2624235.996,"TIPO DE USO":"General","ZF":549.6471,"TGM":null,"TOTAL":549.6471,"TIPO DE USO APLICABLE":80.99,"TARIFA ANUAL":44515.918629,"IMPORTE BIMESTRAL":7419.3197714999997,"DEBE DESDE":null,"DEBE HASTA":null,"OBSERVACIONES":null},"geometry":{"type":"MultiPolygon","coordinates":[[[[631648.431940214242786,2624219.316912523470819],[631644.200040624826215,2624246.735353921540082],[631663.446798807708547,2624253.149967057164758],[631667.596032002009451,2624226.267120523378253],[631648.431940214242786,2624219.316912523470819]]]]}},
{"type":"Feature","properties":{"fid":200,"Clave":"ZFMT-246-413-23","ID":355,"NOMBRE DEL OCUPANTE IRREGULAR":"NULL","ID-OCUPACION":"93-lba-tgm","ID - Actualizado":413,"ZONA":"LBA","X":632960.5687,"Y":2620063.654,"TIPO DE USO":"General","ZF":null,"TGM":1330.4792,"TOTAL":1330.4792,"TIPO DE USO APLICABLE":80.99,"TARIFA ANUAL":107755.510408,"IMPORTE BIMESTRAL":17959.251734666701,"DEBE DESDE":null,"DEBE HASTA":null,"OBSERVACIONES":null},"geometry":{"type":"MultiPolygon","coordinates":[[[[632934.13348182104528,2620083.425499794539064],[632992.058462237007916,2620066.770537137519568],[632996.160146746318787,2620051.800020916387439],[632936.414033104549162,2620052.257261582184583],[632934.13348182104528,2620083.425499794539064]]]]}},
{"type":"Feature","properties":{"fid":201,"Clave":"ZFMT-246-414-23","ID":356,"NOMBRE DEL OCUPANTE IRREGULAR":"NULL","ID-OCUPACION":"94-lba-tgm","ID - Actualizado":414,"ZONA":"LBA","X":632968.1634,"Y":2620041.691,"TIPO DE USO":"General","ZF":null,"TGM":1224.2556,"TOTAL":1224.2556,"TIPO DE USO APLICABLE":80.99,"TARIFA ANUAL":99152.461043999996,"IMPORTE BIMESTRAL":16525.410174000001,"DEBE DESDE":null,"DEBE HASTA":null,"OBSERVACIONES":null},"geometry":{"type":"MultiPolygon","coordinates":[[[[632936.414033104549162,2620052.257261582184583],[632996.160146746318787,2620051.800020916387439],[632999.798839001916349,2620038.519355054944754],[633002.187966039404273,2620031.512577110901475],[632937.831176850013435,2620032.88919292204082],[632936.414033104549162,2620052.257261582184583]]]]}},
{"type":"Feature","properties":{"fid":202,"Clave":"ZFMT-246-415-23","ID":357,"NOMBRE DEL OCUPANTE IRREGULAR":"NULL","ID-OCUPACION":"95-lba-tgm","ID - Actualizado":415,"ZONA":"LBA","X":632970.216,"Y":2620024.448,"TIPO DE USO":"General","ZF":null,"TGM":994.1761,"TOTAL":994.1761,"TIPO DE USO APLICABLE":80.99,"TARIFA ANUAL":80518.322339000006,"IMPORTE BIMESTRAL":13419.720389833299,"DEBE DESDE":null,"DEBE HASTA":null,"OBSERVACIONES":null},"geometry":{"type":"MultiPolygon","coordinates":[[[[632937.831176850013435,2620032.88919292204082],[633002.187966039404273,2620031.512577110901475],[633007.241103709558956,2620016.692848808132112],[632938.761454764287919,2620017.643955043517053],[632938.726999999955297,2620020.646000000182539],[632937.831176850013435,2620032.88919292204082]]]]}},
{"type":"Feature","properties":{"fid":203,"Clave":"ZFMT-246-416-23","ID":358,"NOMBRE DEL OCUPANTE IRREGULAR":"NULL","ID-OCUPACION":"96-lba-tgm","ID - Actualizado":416,"ZONA":"LBA","X":632973.7055,"Y":2620009.67,"TIPO DE USO":"General","ZF":null,"TGM":1064.9268,"TOTAL":1064.9268,"TIPO DE USO APLICABLE":80.99,"TARIFA ANUAL":86248.421531999993,"IMPORTE BIMESTRAL":14374.736922,"DEBE DESDE":null,"DEBE HASTA":null,"OBSERVACIONES":null},"geometry":{"type":"MultiPolygon","coordinates":[[[[632938.761454764287919,2620017.643955043517053],[633007.241103709558956,2620016.692848808132112],[633010.677952574449591,2620006.613335895817727],[633011.252498235204257,2620001.794603531248868],[632938.936351054580882,2620002.405234449543059],[632938.761454764287919,2620017.643955043517053]]]]}},
{"type":"Feature","properties":{"fid":204,"Clave":"ZFMT-246-417-23","ID":360,"NOMBRE DEL OCUPANTE IRREGULAR":"NULL","ID-OCUPACION":"97-lba-tgm","ID - Actualizado":417,"ZONA":"LBA","X":632975.3476,"Y":2619994.275,"TIPO DE USO":"General","ZF":null,"TGM":1118.561,"TOTAL":1118.561,"TIPO DE USO APLICABLE":80.99,"TARIFA ANUAL":90592.25539000001,"IMPORTE BIMESTRAL":15098.7092316667,"DEBE DESDE":null,"DEBE HASTA":null,"OBSERVACIONES":null},"geometry":{"type":"MultiPolygon","coordinates":[[[[632938.936351054580882,2620002.405234449543059],[633011.252498235204257,2620001.794603531248868],[633013.060028084670193,2619986.634794346056879],[632939.113470427226275,2619986.972816599067301],[632938.936351054580882,2620002.405234449543059]]]]}},
{"type":"Feature","properties":{"fid":205,"Clave":"ZFMT-246-418-23","ID":361,"NOMBRE DEL OCUPANTE IRREGULAR":"DOUGLAS SAMUEL LAYMAN","ID-OCUPACION":"98-lba-tgm","ID - Actualizado":418,"ZONA":"LBA","X":632957.9003,"Y":2619976.622,"TIPO DE USO":"General","ZF":null,"TGM":787.3825,"TOTAL":787.3825,"TIPO DE USO APLICABLE":80.99,"TARIFA ANUAL":63770.108675000003,"IMPORTE BIMESTRAL":10628.351445833299,"DEBE DESDE":null,"DEBE HASTA":null,"OBSERVACIONES":null},"geometry":{"type":"MultiPolygon","coordinates":[[[[632939.113470427226275,2619986.972816599067301],[632979.059918625629507,2619986.79021461121738],[632979.599999999976717,2619976.6],[632979.321183996973559,2619967.148610068485141],[632939.337867753813043,2619967.421068781986833],[632939.113470427226275,2619986.972816599067301]]]]}},
{"type":"Feature","properties":{"fid":206,"Clave":"ZFMT-246-419-23","ID":362,"NOMBRE DEL OCUPANTE IRREGULAR":"NULL","ID-OCUPACION":"99-lba-tgm","ID - Actualizado":419,"ZONA":"LBA","X":632975.9634,"Y":2619959.791,"TIPO DE USO":"General","ZF":null,"TGM":1165.8501,"TOTAL":1165.8501,"TIPO DE USO APLICABLE":80.99,"TARIFA ANUAL":94422.199599,"IMPORTE BIMESTRAL":15737.033266500001,"DEBE DESDE":null,"DEBE HASTA":null,"OBSERVACIONES":null},"geometry":{"type":"MultiPolygon","coordinates":[[[[632939.337867753813043,2619967.421068781986833],[633014.561433148803189,2619966.908472084440291],[633014.735209559788927,2619952.457191200461239],[632939.317172602983192,2619950.889248644001782],[632939.496000000042841,2619953.643000000156462],[632939.337867753813043,2619967.421068781986833]]]]}},
{"type":"Feature","properties":{"fid":207,"Clave":"ZFMT-170-1-23","ID":null,"NOMBRE DEL OCUPANTE IRREGULAR":null,"ID-OCUPACION":"ZFMT-170-1-23","ID - Actualizado":1,"ZONA":"LPZ","X":559464.8672,"Y":2666327.579,"TIPO DE USO":null,"ZF":776.5323,"TGM":null,"TOTAL":776.5323,"TIPO DE USO APLICABLE":null,"TARIFA ANUAL":null,"IMPORTE BIMESTRAL":null,"DEBE DESDE":null,"DEBE HASTA":null,"OBSERVACIONES":null},"geometry":{"type":"MultiPolygon","coordinates":[[[[559441.769373188959435,2666326.831876172218472],[559452.541840269928798,2666343.766942482907325],[559463.430188999976963,2666338.064477],[559488.413392259390093,2666330.232830934692174],[559478.02493983018212,2666312.529714618809521],[559455.738266999949701,2666319.516061999835074],[559441.769373188959435,2666326.831876172218472]]]]}},
{"type":"Feature","properties":{"fid":208,"Clave":"ZFMT-171-2-23","ID":null,"NOMBRE DEL OCUPANTE IRREGULAR":null,"ID-OCUPACION":"ZFMT-171-2-23","ID - Actualizado":2,"ZONA":"LPZ","X":566045.7597000001,"Y":2667994.488,"TIPO DE USO":null,"ZF":1406.897,"TGM":null,"TOTAL":1406.897,"TIPO DE USO APLICABLE":null,"TARIFA ANUAL":null,"IMPORTE BIMESTRAL":null,"DEBE DESDE":null,"DEBE HASTA":null,"OBSERVACIONES":null},"geometry":{"type":"MultiPolygon","coordinates":[[[[566061.53000000002794,2667976.799999999813735],[566053.370000000111759,2667978.83],[566025.07999999995809,2667982.67],[566023.030000000144355,2667988.73],[566022.82999999995809,2668000.65],[566024.24,2668017.77],[566028.673572,2668028.444676000159234],[566046.907787150586955,2667999.8905662111938],[566057.140367000130937,2667998.501625999808311],[566071.398680000100285,2667994.954521],[566085.396827999968082,2667981.861566000152379],[566061.53000000002794,2667976.799999999813735]]]]}},
{"type":"Feature","properties":{"fid":209,"Clave":"ZFMT-171-3-23","ID":null,"NOMBRE DEL OCUPANTE IRREGULAR":null,"ID-OCUPACION":"ZFMT-171-3-23","ID - Actualizado":3,"ZONA":"LPZ","X":566507.1132,"Y":2668980.317,"TIPO DE USO":null,"ZF":527.1522,"TGM":null,"TOTAL":527.1522,"TIPO DE USO APLICABLE":null,"TARIFA ANUAL":null,"IMPORTE BIMESTRAL":null,"DEBE DESDE":null,"DEBE HASTA":null,"OBSERVACIONES":null},"geometry":{"type":"MultiPolygon","coordinates":[[[[566496.977078476687893,2668988.2100935196504],[566517.341171557200141,2668994.618953157681972],[566522.012325650895946,2668975.12196215800941],[566496.472688999958336,2668967.084288000129163],[566492.180277464096434,2668967.934955219272524],[566496.977078476687893,2668988.2100935196504]]]]}},
{"type":"Feature","properties":{"fid":210,"Clave":"ZFMT-171-4-23","ID":null,"NOMBRE DEL OCUPANTE IRREGULAR":null,"ID-OCUPACION":"ZFMT-171-4-23","ID - Actualizado":4,"ZONA":"LPZ","X":566552.4319,"Y":2669051.101,"TIPO DE USO":null,"ZF":1069.1916,"TGM":null,"TOTAL":1069.1916,"TIPO DE USO APLICABLE":null,"TARIFA ANUAL":null,"IMPORTE BIMESTRAL":null,"DEBE DESDE":null,"DEBE HASTA":null,"OBSERVACIONES":null},"geometry":{"type":"MultiPolygon","coordinates":[[[[566534.265310636837967,2669032.919317333959043],[566547.112700000056066,2669054.083399999886751],[566540.251399999950081,2669065.323400000110269],[566540.7204,2669074.7177],[566560.767736,2669075.166927999816835],[566560.533879,2669070.482659],[566570.526854999945499,2669054.112430000212044],[566552.031295,2669023.643861],[566534.265310636837967,2669032.919317333959043]]]]}},
{"type":"Feature","properties":{"fid":211,"Clave":"ZFMT-171-7-23","ID":null,"NOMBRE DEL OCUPANTE IRREGULAR":null,"ID-OCUPACION":"ZFMT-171-7-23","ID - Actualizado":7,"ZONA":"LPZ","X":566566.6385,"Y":2669150.428,"TIPO DE USO":null,"ZF":501.6958,"TGM":null,"TOTAL":501.6958,"TIPO DE USO APLICABLE":null,"TARIFA ANUAL":null,"IMPORTE BIMESTRAL":null,"DEBE DESDE":null,"DEBE HASTA":null,"OBSERVACIONES":null},"geometry":{"type":"MultiPolygon","coordinates":[[[[566559.721400000154972,2669134.526800000108778],[566554.137299999943934,2669151.380599999800324],[566564.695500000030734,2669166.639400000218302],[566581.133768605417572,2669155.2471421235241],[566576.259414999978617,2669148.202685],[566577.913188999984413,2669143.211300999857485],[566559.721400000154972,2669134.526800000108778]]]]}},
{"type":"Feature","properties":{"fid":212,"Clave":"ZFMT-171-8-23","ID":null,"NOMBRE DEL OCUPANTE IRREGULAR":null,"ID-OCUPACION":"ZFMT-171-8-23","ID - Actualizado":8,"ZONA":"LPZ","X":566569.4366,"Y":2669179.758,"TIPO DE USO":null,"ZF":240.2365,"TGM":null,"TOTAL":240.2365,"TIPO DE USO APLICABLE":null,"TARIFA ANUAL":null,"IMPORTE BIMESTRAL":null,"DEBE DESDE":null,"DEBE HASTA":null,"OBSERVACIONES":null},"geometry":{"type":"MultiPolygon","coordinates":[[[[566574.855889589875005,2669195.268322438001633],[566576.070746000157669,2669186.146579000167549],[566579.090530538465828,2669181.330274752341211],[566564.695500000030734,2669166.639400000218302],[566559.365009376429953,2669175.141087231691927],[566574.855889589875005,2669195.268322438001633]]]]}},
{"type":"Feature","properties":{"fid":213,"Clave":"ZFMT-171-5-23","ID":null,"NOMBRE DEL OCUPANTE IRREGULAR":null,"ID-OCUPACION":"ZFMT-171-5-23","ID - Actualizado":5,"ZONA":"LPZ","X":566581.1256,"Y":2669107.444,"TIPO DE USO":null,"ZF":439.1999,"TGM":null,"TOTAL":439.1999,"TIPO DE USO APLICABLE":null,"TARIFA ANUAL":null,"IMPORTE BIMESTRAL":null,"DEBE DESDE":null,"DEBE HASTA":null,"OBSERVACIONES":null},"geometry":{"type":"MultiPolygon","coordinates":[[[[566592.345528000150807,2669120.73659300012514],[566585.809808000107296,2669088.574717000126839],[566568.92449999996461,2669105.913499999791384],[566571.129100000020117,2669116.762200001161546],[566592.345528000150807,2669120.73659300012514]]]]}},
{"type":"Feature","properties":{"fid":214,"Clave":"ZFMT-171-6-23","ID":null,"NOMBRE DEL OCUPANTE IRREGULAR":null,"ID-OCUPACION":"ZFMT-171-6-23","ID - Actualizado":6,"ZONA":"LPZ","X":566580.4546000001,"Y":2669124.881,"TIPO DE USO":null,"ZF":235.3553,"TGM":null,"TOTAL":235.3553,"TIPO DE USO APLICABLE":null,"TARIFA ANUAL":null,"IMPORTE BIMESTRAL":null,"DEBE DESDE":null,"DEBE HASTA":null,"OBSERVACIONES":null},"geometry":{"type":"MultiPolygon","coordinates":[[[[566581.732036079512909,2669137.264415120240301],[566592.345528000150807,2669120.73659300012514],[566571.129100000020117,2669116.762200001161546],[566569.034136457368731,2669120.024574480485171],[566581.732036079512909,2669137.264415120240301]]]]}},
{"type":"Feature","properties":{"fid":215,"Clave":"ZFMT-154-49-23","ID":null,"NOMBRE DEL OCUPANTE IRREGULAR":null,"ID-OCUPACION":"ZFMT-154-49-23","ID - Actualizado":49,"ZONA":"LPZ","X":570797.2353,"Y":2674325.106,"TIPO DE USO":null,"ZF":431.5841,"TGM":null,"TOTAL":431.5841,"TIPO DE USO APLICABLE":null,"TARIFA ANUAL":null,"IMPORTE BIMESTRAL":null,"DEBE DESDE":null,"DEBE HASTA":null,"OBSERVACIONES":null},"geometry":{"type":"MultiPolygon","coordinates":[[[[570788.797000000020489,2674335.665],[570810.743999999947846,2674330.65800000121817],[570812.012088861316442,2674330.613156334497035],[570806.894075368763879,2674313.05551908351481],[570780.92245565331541,2674322.22941256640479],[570786.587999999872409,2674333.58600000012666],[570788.797000000020489,2674335.665]]]]}},
{"type":"Feature","properties":{"fid":216,"Clave":"ZFMT-154-48-23","ID":null,"NOMBRE DEL OCUPANTE IRREGULAR":null,"ID-OCUPACION":"ZFMT-154-48-23","ID - Actualizado":48,"ZONA":"LPZ","X":570791.1888,"Y":2674310.121,"TIPO DE USO":null,"ZF":481.3546,"TGM":null,"TOTAL":481.3546,"TIPO DE USO APLICABLE":null,"TARIFA ANUAL":null,"IMPORTE BIMESTRAL":null,"DEBE DESDE":null,"DEBE HASTA":null,"OBSERVACIONES":null},"geometry":{"type":"MultiPolygon","coordinates":[[[[570780.92245565331541,2674322.22941256640479],[570806.894075368763879,2674313.05551908351481],[570807.148900641012006,2674310.590860906988382],[570802.897837911266834,2674296.398851485922933],[570793.832538020680659,2674300.049351842142642],[570794.218315370962955,2674301.206683892756701],[570772.26407707540784,2674310.325057625770569],[570773.70499999995809,2674315.51299999980256],[570778.367000000085682,2674317.106999999843538],[570780.92245565331541,2674322.22941256640479]]]]}},
{"type":"Feature","properties":{"fid":217,"Clave":"ZFMT-171-9-23","ID":null,"NOMBRE DEL OCUPANTE IRREGULAR":null,"ID-OCUPACION":"ZFMT-171-9-23","ID - Actualizado":9,"ZONA":"LPZ","X":566592.0055,"Y":2669497.959,"TIPO DE USO":null,"ZF":159.8644,"TGM":null,"TOTAL":159.8644,"TIPO DE USO APLICABLE":null,"TARIFA ANUAL":null,"IMPORTE BIMESTRAL":null,"DEBE DESDE":null,"DEBE HASTA":null,"OBSERVACIONES":null},"geometry":{"type":"MultiPolygon","coordinates":[[[[566582.081376292160712,2669496.719600207172334],[566581.767800000030547,2669500.615000000223517],[566581.147852658294141,2669504.662602593656629],[566601.942802711739205,2669499.244718657806516],[566602.586874111788347,2669491.24374617729336],[566582.081376292160712,2669496.719600207172334]]]]}},
{"type":"Feature","properties":{"fid":218,"Clave":"ZFMT-171-10-23","ID":null,"NOMBRE DEL OCUPANTE IRREGULAR":null,"ID-OCUPACION":"ZFMT-171-10-23","ID - Actualizado":10,"ZONA":"LPZ","X":566603.8879,"Y":2669602.277,"TIPO DE USO":null,"ZF":159.8886,"TGM":null,"TOTAL":159.8886,"TIPO DE USO APLICABLE":null,"TARIFA ANUAL":null,"IMPORTE BIMESTRAL":null,"DEBE DESDE":null,"DEBE HASTA":null,"OBSERVACIONES":null},"geometry":{"type":"MultiPolygon","coordinates":[[[[566594.246482971473597,2669608.59701055008918],[566613.969293423811905,2669603.955669472925365],[566613.398089193622582,2669595.839803050737828],[566593.695923787658103,2669600.774477856699377],[566594.246482971473597,2669608.59701055008918]]]]}},
{"type":"Feature","properties":{"fid":219,"Clave":"ZFMT-171-11-23","ID":null,"NOMBRE DEL OCUPANTE IRREGULAR":null,"ID-OCUPACION":"ZFMT-171-11-23","ID - Actualizado":11,"ZONA":"LPZ","X":566604.6965,"Y":2669610.93,"TIPO DE USO":null,"ZF":192.0336,"TGM":null,"TOTAL":192.0336,"TIPO DE USO APLICABLE":null,"TARIFA ANUAL":null,"IMPORTE BIMESTRAL":null,"DEBE DESDE":null,"DEBE HASTA":null,"OBSERVACIONES":null},"geometry":{"type":"MultiPolygon","coordinates":[[[[566618.160361380898394,2669611.706721126567572],[566614.309251999948174,2669608.78591800108552],[566613.969293423811905,2669603.955669472925365],[566594.246482971473597,2669608.59701055008918],[566594.926936892908998,2669618.26513198716566],[566618.160361380898394,2669611.706721126567572]]]]}},
{"type":"Feature","properties":{"fid":220,"Clave":"ZFMT-171-12-23","ID":null,"NOMBRE DEL OCUPANTE IRREGULAR":null,"ID-OCUPACION":"ZFMT-171-12-23","ID - Actualizado":12,"ZONA":"LPZ","X":566609.7122,"Y":2669618.115,"TIPO DE USO":null,"ZF":192.3345,"TGM":null,"TOTAL":192.3345,"TIPO DE USO APLICABLE":null,"TARIFA ANUAL":null,"IMPORTE BIMESTRAL":null,"DEBE DESDE":null,"DEBE HASTA":null,"OBSERVACIONES":null},"geometry":{"type":"MultiPolygon","coordinates":[[[[566623.388913337723352,2669618.301009933464229],[566622.891559000010602,2669615.295010999776423],[566618.160361380898394,2669611.706721126567572],[566594.926936892908998,2669618.26513198716566],[566594.995499999960884,2669619.2393],[566601.970295963226818,2669624.529205636121333],[566623.388913337723352,2669618.301009933464229]]]]}},
{"type":"Feature","properties":{"fid":221,"Clave":"ZFMT-171-13-23","ID":null,"NOMBRE DEL OCUPANTE IRREGULAR":null,"ID-OCUPACION":"ZFMT-171-13-23","ID - Actualizado":13,"ZONA":"LPZ","X":566614.1946,"Y":2669625.177,"TIPO DE USO":null,"ZF":167.5316,"TGM":null,"TOTAL":167.5316,"TIPO DE USO APLICABLE":null,"TARIFA ANUAL":null,"IMPORTE BIMESTRAL":null,"DEBE DESDE":null,"DEBE HASTA":null,"OBSERVACIONES":null},"geometry":{"type":"MultiPolygon","coordinates":[[[[566624.725046219886281,2669626.376568372361362],[566623.388913337723352,2669618.301009933464229],[566601.970295963226818,2669624.529205636121333],[566604.45990000013262,2669626.417400000151247],[566605.399942027288489,2669632.098992995917797],[566624.725046219886281,2669626.376568372361362]]]]}},
{"type":"Feature","properties":{"fid":222,"Clave":"ZFMT-171-14-23","ID":null,"NOMBRE DEL OCUPANTE IRREGULAR":null,"ID-OCUPACION":"ZFMT-171-14-23","ID - Actualizado":14,"ZONA":"LPZ","X":566617.3737,"Y":2669648.673,"TIPO DE USO":null,"ZF":192.597,"TGM":null,"TOTAL":192.597,"TIPO DE USO APLICABLE":null,"TARIFA ANUAL":null,"IMPORTE BIMESTRAL":null,"DEBE DESDE":null,"DEBE HASTA":null,"OBSERVACIONES":null},"geometry":{"type":"MultiPolygon","coordinates":[[[[566627.428717266302556,2669650.807336524128914],[566627.834654,2669645.170971000101417],[566627.247468832414597,2669641.622036459855735],[566607.716099999961443,2669646.097800001036376],[566606.99787544447463,2669656.070227504707873],[566627.428717266302556,2669650.807336524128914]]]]}},
{"type":"Feature","properties":{"fid":223,"Clave":"ZFMT-171-15-23","ID":null,"NOMBRE DEL OCUPANTE IRREGULAR":null,"ID-OCUPACION":"ZFMT-171-15-23","ID - Actualizado":15,"ZONA":"LPZ","X":566656.8114,"Y":2669745.274,"TIPO DE USO":null,"ZF":173.414,"TGM":null,"TOTAL":173.414,"TIPO DE USO APLICABLE":null,"TARIFA ANUAL":null,"IMPORTE BIMESTRAL":null,"DEBE DESDE":null,"DEBE HASTA":null,"OBSERVACIONES":null},"geometry":{"type":"MultiPolygon","coordinates":[[[[566669.406739436089993,2669746.314659239258617],[566664.696831327630207,2669739.050123448949307],[566644.217706163530238,2669744.227242342196405],[566648.935188040486537,2669751.503460023086518],[566669.406739436089993,2669746.314659239258617]]]]}},
{"type":"Feature","properties":{"fid":224,"Clave":"ZFMT-171-16-23","ID":null,"NOMBRE DEL OCUPANTE IRREGULAR":null,"ID-OCUPACION":"ZFMT-171-16-23","ID - Actualizado":16,"ZONA":"LPZ","X":566661.4356,"Y":2669752.519,"TIPO DE USO":null,"ZF":171.4074,"TGM":null,"TOTAL":171.4074,"TIPO DE USO APLICABLE":null,"TARIFA ANUAL":null,"IMPORTE BIMESTRAL":null,"DEBE DESDE":null,"DEBE HASTA":null,"OBSERVACIONES":null},"geometry":{"type":"MultiPolygon","coordinates":[[[[566653.683355778921396,2669758.82700740499422],[566673.976875673397444,2669753.363611681386828],[566669.406739436089993,2669746.314659239258617],[566648.935188040486537,2669751.503460023086518],[566653.683355778921396,2669758.82700740499422]]]]}},
{"type":"Feature","properties":{"fid":225,"Clave":"ZFMT-171-17-23","ID":null,"NOMBRE DEL OCUPANTE IRREGULAR":null,"ID-OCUPACION":"ZFMT-171-17-23","ID - Actualizado":17,"ZONA":"LPZ","X":566666.1335,"Y":2669759.65,"TIPO DE USO":null,"ZF":169.5601,"TGM":null,"TOTAL":169.5601,"TIPO DE USO APLICABLE":null,"TARIFA ANUAL":null,"IMPORTE BIMESTRAL":null,"DEBE DESDE":null,"DEBE HASTA":null,"OBSERVACIONES":null},"geometry":{"type":"MultiPolygon","coordinates":[[[[566678.281673757708631,2669760.584569574799389],[566678.004257000051439,2669759.575422000139952],[566673.976875673397444,2669753.363611681386828],[566653.683355778921396,2669758.82700740499422],[566658.284660065197386,2669765.92403341922909],[566678.281673757708631,2669760.584569574799389]]]]}},
{"type":"Feature","properties":{"fid":226,"Clave":"ZFMT-171-18-23","ID":null,"NOMBRE DEL OCUPANTE IRREGULAR":null,"ID-OCUPACION":"ZFMT-171-18-23","ID - Actualizado":18,"ZONA":"LPZ","X":566669.6318,"Y":2669766.955,"TIPO DE USO":null,"ZF":158.4547,"TGM":null,"TOTAL":158.4547,"TIPO DE USO APLICABLE":null,"TARIFA ANUAL":null,"IMPORTE BIMESTRAL":null,"DEBE DESDE":null,"DEBE HASTA":null,"OBSERVACIONES":null},"geometry":{"type":"MultiPolygon","coordinates":[[[[566680.382840258418582,2669768.227896878961474],[566678.281673757708631,2669760.584569574799389],[566658.284660065197386,2669765.92403341922909],[566659.539699999964796,2669767.859800000209361],[566661.033925592084415,2669773.295283237472177],[566680.382840258418582,2669768.227896878961474]]]]}},
{"type":"Feature","properties":{"fid":227,"Clave":"ZFMT-171-19-23","ID":null,"NOMBRE DEL OCUPANTE IRREGULAR":null,"ID-OCUPACION":"ZFMT-171-19-23","ID - Actualizado":19,"ZONA":"LPZ","X":566671.7592,"Y":2669774.512,"TIPO DE USO":null,"ZF":155.9137,"TGM":null,"TOTAL":155.9137,"TIPO DE USO APLICABLE":null,"TARIFA ANUAL":null,"IMPORTE BIMESTRAL":null,"DEBE DESDE":null,"DEBE HASTA":null,"OBSERVACIONES":null},"geometry":{"type":"MultiPolygon","coordinates":[[[[566682.459547646576539,2669775.782250271178782],[566680.382840258418582,2669768.227896878961474],[566661.033925592084415,2669773.295283237472177],[566663.087149469880387,2669780.764211643487215],[566682.459547646576539,2669775.782250271178782]]]]}},
{"type":"Feature","properties":{"fid":228,"Clave":"ZFMT-171-20-23","ID":null,"NOMBRE DEL OCUPANTE IRREGULAR":null,"ID-OCUPACION":"ZFMT-171-20-23","ID - Actualizado":20,"ZONA":"LPZ","X":566673.8079,"Y":2669782.182,"TIPO DE USO":null,"ZF":161.8935,"TGM":null,"TOTAL":161.8935,"TIPO DE USO APLICABLE":null,"TARIFA ANUAL":null,"IMPORTE BIMESTRAL":null,"DEBE DESDE":null,"DEBE HASTA":null,"OBSERVACIONES":null},"geometry":{"type":"MultiPolygon","coordinates":[[[[566684.578787745325826,2669783.491323162335902],[566682.459547646576539,2669775.782250271178782],[566663.087149469880387,2669780.764211643487215],[566665.256236999295652,2669788.654612509999424],[566684.578787745325826,2669783.491323162335902]]]]}},
{"type":"Feature","properties":{"fid":229,"Clave":"ZFMT-171-21-23","ID":null,"NOMBRE DEL OCUPANTE IRREGULAR":null,"ID-OCUPACION":"ZFMT-171-21-23","ID - Actualizado":21,"ZONA":"LPZ","X":566675.9834,"Y":2669790.077,"TIPO DE USO":null,"ZF":165.8795,"TGM":null,"TOTAL":165.8795,"TIPO DE USO APLICABLE":null,"TARIFA ANUAL":null,"IMPORTE BIMESTRAL":null,"DEBE DESDE":null,"DEBE HASTA":null,"OBSERVACIONES":null},"geometry":{"type":"MultiPolygon","coordinates":[[[[566686.753485855064355,2669791.40213338797912],[566684.578787745325826,2669783.491323162335902],[566665.256236999295652,2669788.654612509999424],[566667.475451385253109,2669796.727357789408416],[566686.753485855064355,2669791.40213338797912]]]]}},
{"type":"Feature","properties":{"fid":230,"Clave":"ZFMT-171-22-23","ID":null,"NOMBRE DEL OCUPANTE IRREGULAR":null,"ID-OCUPACION":"ZFMT-171-22-23","ID - Actualizado":22,"ZONA":"LPZ","X":566678.1748,"Y":2669797.79,"TIPO DE USO":null,"ZF":155.0435,"TGM":null,"TOTAL":155.0435,"TIPO DE USO APLICABLE":null,"TARIFA ANUAL":null,"IMPORTE BIMESTRAL":null,"DEBE DESDE":null,"DEBE HASTA":null,"OBSERVACIONES":null},"geometry":{"type":"MultiPolygon","coordinates":[[[[566688.82839043776039,2669798.949928788468242],[566686.753485855064355,2669791.40213338797912],[566667.475451385253109,2669796.727357789408416],[566669.507427636533976,2669804.118994574993849],[566688.82839043776039,2669798.949928788468242]]]]}},
{"type":"Feature","properties":{"fid":231,"Clave":"ZFMT-171-23-23","ID":null,"NOMBRE DEL OCUPANTE IRREGULAR":null,"ID-OCUPACION":"ZFMT-171-23-23","ID - Actualizado":23,"ZONA":"LPZ","X":566680.2594,"Y":2669805.486,"TIPO DE USO":null,"ZF":164.095,"TGM":null,"TOTAL":164.095,"TIPO DE USO APLICABLE":null,"TARIFA ANUAL":null,"IMPORTE BIMESTRAL":null,"DEBE DESDE":null,"DEBE HASTA":null,"OBSERVACIONES":null},"geometry":{"type":"MultiPolygon","coordinates":[[[[566691.004964790423401,2669806.867612913716584],[566689.112391000147909,2669799.983026000205427],[566688.82839043776039,2669798.949928788468242],[566669.507427636533976,2669804.118994574993849],[566669.827799999970011,2669805.284399999771267],[566671.677471887669526,2669812.012923090718687],[566691.004964790423401,2669806.867612913716584]]]]}},
{"type":"Feature","properties":{"fid":232,"Clave":"ZFMT-171-24-23","ID":null,"NOMBRE DEL OCUPANTE IRREGULAR":null,"ID-OCUPACION":"ZFMT-171-24-23","ID - Actualizado":24,"ZONA":"LPZ","X":566682.3821,"Y":2669813.259,"TIPO DE USO":null,"ZF":158.4556,"TGM":null,"TOTAL":158.4556,"TIPO DE USO APLICABLE":null,"TARIFA ANUAL":null,"IMPORTE BIMESTRAL":null,"DEBE DESDE":null,"DEBE HASTA":null,"OBSERVACIONES":null},"geometry":{"type":"MultiPolygon","coordinates":[[[[566693.098093654611148,2669814.481755971908569],[566691.004964790423401,2669806.867612913716584],[566671.677471887669526,2669812.012923090718687],[566673.781578192021698,2669819.666998361703008],[566693.098093654611148,2669814.481755971908569]]]]}},
{"type":"Feature","properties":{"fid":233,"Clave":"ZFMT-171-25-23","ID":null,"NOMBRE DEL OCUPANTE IRREGULAR":null,"ID-OCUPACION":"ZFMT-171-25-23","ID - Actualizado":25,"ZONA":"LPZ","X":566688.8699,"Y":2669836.725,"TIPO DE USO":null,"ZF":173.3103,"TGM":null,"TOTAL":173.3103,"TIPO DE USO APLICABLE":null,"TARIFA ANUAL":null,"IMPORTE BIMESTRAL":null,"DEBE DESDE":null,"DEBE HASTA":null,"OBSERVACIONES":null},"geometry":{"type":"MultiPolygon","coordinates":[[[[566697.356328725349158,2669829.971872971858829],[566678.035936507047154,2669835.143012432381511],[566680.1158000001451,2669842.7089],[566680.269580119405873,2669843.432578046340495],[566699.64635269716382,2669838.398196907714009],[566699.556543000042439,2669837.975559],[566697.356328725349158,2669829.971872971858829]]]]}},
{"type":"Feature","properties":{"fid":234,"Clave":"ZFMT-171-26-23","ID":null,"NOMBRE DEL OCUPANTE IRREGULAR":null,"ID-OCUPACION":"ZFMT-171-26-23","ID - Actualizado":26,"ZONA":"LPZ","X":566690.8035,"Y":2669844.951,"TIPO DE USO":null,"ZF":165.0522,"TGM":null,"TOTAL":165.0522,"TIPO DE USO APLICABLE":null,"TARIFA ANUAL":null,"IMPORTE BIMESTRAL":null,"DEBE DESDE":null,"DEBE HASTA":null,"OBSERVACIONES":null},"geometry":{"type":"MultiPolygon","coordinates":[[[[566701.354378335177898,2669846.436041431967169],[566699.64635269716382,2669838.398196907714009],[566680.269580119405873,2669843.432578046340495],[566681.989909740863368,2669851.52832401311025],[566701.354378335177898,2669846.436041431967169]]]]}},
{"type":"Feature","properties":{"fid":235,"Clave":"ZFMT-171-27-23","ID":null,"NOMBRE DEL OCUPANTE IRREGULAR":null,"ID-OCUPACION":"ZFMT-171-27-23","ID - Actualizado":27,"ZONA":"LPZ","X":566692.4582,"Y":2669852.809,"TIPO DE USO":null,"ZF":156.3426,"TGM":null,"TOTAL":156.3426,"TIPO DE USO APLICABLE":null,"TARIFA ANUAL":null,"IMPORTE BIMESTRAL":null,"DEBE DESDE":null,"DEBE HASTA":null,"OBSERVACIONES":null},"geometry":{"type":"MultiPolygon","coordinates":[[[[566702.9650912565412,2669854.015939383767545],[566701.354378335177898,2669846.436041431967169],[566681.989909740863368,2669851.52832401311025],[566683.626643113559112,2669859.230672119185328],[566702.9650912565412,2669854.015939383767545]]]]}},
{"type":"Feature","properties":{"fid":236,"Clave":"ZFMT-171-28-23","ID":null,"NOMBRE DEL OCUPANTE IRREGULAR":null,"ID-OCUPACION":"ZFMT-171-28-23","ID - Actualizado":28,"ZONA":"LPZ","X":566694.156,"Y":2669860.654,"TIPO DE USO":null,"ZF":165.0062,"TGM":null,"TOTAL":165.0062,"TIPO DE USO APLICABLE":null,"TARIFA ANUAL":null,"IMPORTE BIMESTRAL":null,"DEBE DESDE":null,"DEBE HASTA":null,"OBSERVACIONES":null},"geometry":{"type":"MultiPolygon","coordinates":[[[[566704.680559146567248,2669862.088806605432183],[566702.9650912565412,2669854.015939383767545],[566683.626643113559112,2669859.230672119185328],[566685.338576094363816,2669867.286904105916619],[566704.680559146567248,2669862.088806605432183]]]]}},
{"type":"Feature","properties":{"fid":237,"Clave":"ZFMT-171-29-23","ID":null,"NOMBRE DEL OCUPANTE IRREGULAR":null,"ID-OCUPACION":"ZFMT-171-29-23","ID - Actualizado":29,"ZONA":"LPZ","X":566695.8407,"Y":2669868.633,"TIPO DE USO":null,"ZF":161.3846,"TGM":null,"TOTAL":161.3846,"TIPO DE USO APLICABLE":null,"TARIFA ANUAL":null,"IMPORTE BIMESTRAL":null,"DEBE DESDE":null,"DEBE HASTA":null,"OBSERVACIONES":null},"geometry":{"type":"MultiPolygon","coordinates":[[[[566706.353042271570303,2669869.959390646312386],[566704.680559146567248,2669862.088806605432183],[566685.338576094363816,2669867.286904105916619],[566687.018268868909217,2669875.191416029352695],[566706.353042271570303,2669869.959390646312386]]]]}},
{"type":"Feature","properties":{"fid":238,"Clave":"ZFMT-171-30-23","ID":null,"NOMBRE DEL OCUPANTE IRREGULAR":null,"ID-OCUPACION":"ZFMT-171-30-23","ID - Actualizado":30,"ZONA":"LPZ","X":566697.5271,"Y":2669876.404,"TIPO DE USO":null,"ZF":156.9637,"TGM":null,"TOTAL":156.9637,"TIPO DE USO APLICABLE":null,"TARIFA ANUAL":null,"IMPORTE BIMESTRAL":null,"DEBE DESDE":null,"DEBE HASTA":null,"OBSERVACIONES":null},"geometry":{"type":"MultiPolygon","coordinates":[[[[566706.353042271570303,2669869.959390646312386],[566687.018268868909217,2669875.191416029352695],[566687.066800000146031,2669875.419799999799579],[566688.635129789821804,2669882.800223260186613],[566707.996537640690804,2669877.693540767300874],[566706.629985,2669871.262662999797612],[566706.353042271570303,2669869.959390646312386]]]]}},
{"type":"Feature","properties":{"fid":239,"Clave":"ZFMT-171-31-23","ID":null,"NOMBRE DEL OCUPANTE IRREGULAR":null,"ID-OCUPACION":"ZFMT-171-31-23","ID - Actualizado":31,"ZONA":"LPZ","X":566699.164,"Y":2669884.159,"TIPO DE USO":null,"ZF":160.2598,"TGM":null,"TOTAL":160.2598,"TIPO DE USO APLICABLE":null,"TARIFA ANUAL":null,"IMPORTE BIMESTRAL":null,"DEBE DESDE":null,"DEBE HASTA":null,"OBSERVACIONES":null},"geometry":{"type":"MultiPolygon","coordinates":[[[[566707.996537640690804,2669877.693540767300874],[566688.635129789821804,2669882.800223260186613],[566690.291325337253511,2669890.594135116785765],[566709.669163516606204,2669885.564772536046803],[566707.996537640690804,2669877.693540767300874]]]]}},
{"type":"Feature","properties":{"fid":240,"Clave":"ZFMT-171-32-23","ID":null,"NOMBRE DEL OCUPANTE IRREGULAR":null,"ID-OCUPACION":"ZFMT-171-32-23","ID - Actualizado":32,"ZONA":"LPZ","X":566700.8213,"Y":2669892.004,"TIPO DE USO":null,"ZF":160.7006,"TGM":null,"TOTAL":160.7006,"TIPO DE USO APLICABLE":null,"TARIFA ANUAL":null,"IMPORTE BIMESTRAL":null,"DEBE DESDE":null,"DEBE HASTA":null,"OBSERVACIONES":null},"geometry":{"type":"MultiPolygon","coordinates":[[[[566709.669163516606204,2669885.564772536046803],[566690.291325337253511,2669890.594135116785765],[566691.95690942753572,2669898.432228637393564],[566711.341556127183139,2669893.434906578157097],[566709.669163516606204,2669885.564772536046803]]]]}},
{"type":"Feature","properties":{"fid":241,"Clave":"ZFMT-171-33-23","ID":null,"NOMBRE DEL OCUPANTE IRREGULAR":null,"ID-OCUPACION":"ZFMT-171-33-23","ID - Actualizado":33,"ZONA":"LPZ","X":566702.4775,"Y":2669899.897,"TIPO DE USO":null,"ZF":162.0808,"TGM":null,"TOTAL":162.0808,"TIPO DE USO APLICABLE":null,"TARIFA ANUAL":null,"IMPORTE BIMESTRAL":null,"DEBE DESDE":null,"DEBE HASTA":null,"OBSERVACIONES":null},"geometry":{"type":"MultiPolygon","coordinates":[[[[566711.341556127183139,2669893.434906578157097],[566691.95690942753572,2669898.432228637393564],[566693.647215410019271,2669906.38666122732684],[566713.017896671313792,2669901.323619252070785],[566711.341556127183139,2669893.434906578157097]]]]}},
{"type":"Feature","properties":{"fid":242,"Clave":"ZFMT-171-34-23","ID":null,"NOMBRE DEL OCUPANTE IRREGULAR":null,"ID-OCUPACION":"ZFMT-171-34-23","ID - Actualizado":34,"ZONA":"LPZ","X":566704.5364,"Y":2669907.719,"TIPO DE USO":null,"ZF":162.4354,"TGM":null,"TOTAL":162.4354,"TIPO DE USO APLICABLE":null,"TARIFA ANUAL":null,"IMPORTE BIMESTRAL":null,"DEBE DESDE":null,"DEBE HASTA":null,"OBSERVACIONES":null},"geometry":{"type":"MultiPolygon","coordinates":[[[[566713.017896671313792,2669901.323619252070785],[566693.647215410019271,2669906.38666122732684],[566694.017800000030547,2669908.130599999800324],[566696.246061192359775,2669914.111853871494532],[566715.659670062130317,2669908.933413307648152],[566713.274402000010014,2669902.530710999853909],[566713.017896671313792,2669901.323619252070785]]]]}},
{"type":"Feature","properties":{"fid":243,"Clave":"ZFMT-171-35-23","ID":null,"NOMBRE DEL OCUPANTE IRREGULAR":null,"ID-OCUPACION":"ZFMT-171-35-23","ID - Actualizado":35,"ZONA":"LPZ","X":566721.9087,"Y":2669954.697,"TIPO DE USO":null,"ZF":1159.4285,"TGM":null,"TOTAL":1159.4285,"TIPO DE USO APLICABLE":null,"TARIFA ANUAL":null,"IMPORTE BIMESTRAL":null,"DEBE DESDE":null,"DEBE HASTA":null,"OBSERVACIONES":null},"geometry":{"type":"MultiPolygon","coordinates":[[[[566721.270292600616813,2669923.993836261332035],[566702.539845125749707,2669931.006067013368011],[566704.43460000003688,2669936.0921],[566714.851299999980256,2669964.05360000114888],[566723.493569158366881,2669987.251780734397471],[566740.764378278981894,2669976.321487838868052],[566733.593015,2669957.071612999774516],[566723.176293000113219,2669929.110055],[566721.270292600616813,2669923.993836261332035]]]]}},
{"type":"Feature","properties":{"fid":244,"Clave":"ZFMT-171-36-23","ID":null,"NOMBRE DEL OCUPANTE IRREGULAR":null,"ID-OCUPACION":"ZFMT-171-36-23","ID - Actualizado":36,"ZONA":"LPZ","X":566749.7082,"Y":2670022.484,"TIPO DE USO":null,"ZF":632.0287,"TGM":null,"TOTAL":632.0287,"TIPO DE USO APLICABLE":null,"TARIFA ANUAL":null,"IMPORTE BIMESTRAL":null,"DEBE DESDE":null,"DEBE HASTA":null,"OBSERVACIONES":null},"geometry":{"type":"MultiPolygon","coordinates":[[[[566751.629425883176737,2670002.132041078526527],[566734.996359110926278,2670013.961763985920697],[566737.782050000037998,2670020.2462],[566747.80912555148825,2670042.866985012311488],[566764.411345362779684,2670030.967671574559063],[566756.066253999946639,2670012.141392999794334],[566751.629425883176737,2670002.132041078526527]]]]}},
{"type":"Feature","properties":{"fid":245,"Clave":"ZFMT-171-37-23","ID":null,"NOMBRE DEL OCUPANTE IRREGULAR":null,"ID-OCUPACION":"ZFMT-171-37-23","ID - Actualizado":37,"ZONA":"LPZ","X":566613.1601,"Y":2670330.927,"TIPO DE USO":null,"ZF":688.2235,"TGM":null,"TOTAL":688.2235,"TIPO DE USO APLICABLE":null,"TARIFA ANUAL":null,"IMPORTE BIMESTRAL":null,"DEBE DESDE":null,"DEBE HASTA":null,"OBSERVACIONES":null},"geometry":{"type":"MultiPolygon","coordinates":[[[[566591.289889161475003,2670337.875063421204686],[566595.453209000057541,2670338.706799999810755],[566623.967947245459072,2670342.605962716042995],[566635.971165561117232,2670325.055038456339389],[566630.558100000023842,2670323.320996],[566600.903806697344407,2670319.266008222941309],[566591.289889161475003,2670337.875063421204686]]]]}},
{"type":"Feature","properties":{"fid":246,"Clave":"ZFMT-171-38-23","ID":null,"NOMBRE DEL OCUPANTE IRREGULAR":null,"ID-OCUPACION":"ZFMT-171-38-23","ID - Actualizado":38,"ZONA":"LPZ","X":566683.8155,"Y":2670346.826,"TIPO DE USO":null,"ZF":709.3088,"TGM":null,"TOTAL":709.3088,"TIPO DE USO APLICABLE":null,"TARIFA ANUAL":null,"IMPORTE BIMESTRAL":null,"DEBE DESDE":null,"DEBE HASTA":null,"OBSERVACIONES":null},"geometry":{"type":"MultiPolygon","coordinates":[[[[566663.133260000147857,2670354.757394],[566666.940552000072785,2670356.064764],[566677.252362000057474,2670353.382089000195265],[566687.573526000021957,2670358.153446],[566694.434994924231432,2670363.092753497418016],[566704.147997610154562,2670345.441713083535433],[566697.704049999942072,2670340.802962999790907],[566679.145905000041239,2670332.223743999842554],[566672.039546432206407,2670334.072502994444221],[566663.00249870470725,2670354.715505417902023],[566663.133260000147857,2670354.757394]]]]}},
{"type":"Feature","properties":{"fid":247,"Clave":"ZFMT-171-40-23","ID":null,"NOMBRE DEL OCUPANTE IRREGULAR":null,"ID-OCUPACION":"ZFMT-171-40-23","ID - Actualizado":40,"ZONA":"LPZ","X":566828.6174,"Y":2670456.448,"TIPO DE USO":null,"ZF":404.0199,"TGM":null,"TOTAL":404.0199,"TIPO DE USO APLICABLE":null,"TARIFA ANUAL":null,"IMPORTE BIMESTRAL":null,"DEBE DESDE":null,"DEBE HASTA":null,"OBSERVACIONES":null},"geometry":{"type":"MultiPolygon","coordinates":[[[[566830.492628481821157,2670471.253362716175616],[566839.860251000034623,2670453.451378],[566830.153233048506081,2670438.450791974086314],[566818.687371999956667,2670457.54556],[566816.900031000142917,2670460.649971],[566820.841172000044025,2670467.433727],[566830.492628481821157,2670471.253362716175616]]]]}},
{"type":"Feature","properties":{"fid":248,"Clave":"ZFMT-171-41-23","ID":null,"NOMBRE DEL OCUPANTE IRREGULAR":null,"ID-OCUPACION":"ZFMT-171-41-23","ID - Actualizado":41,"ZONA":"LPZ","X":566937.2353,"Y":2670510.902,"TIPO DE USO":null,"ZF":926.8978,"TGM":null,"TOTAL":926.8978,"TIPO DE USO APLICABLE":null,"TARIFA ANUAL":null,"IMPORTE BIMESTRAL":null,"DEBE DESDE":null,"DEBE HASTA":null,"OBSERVACIONES":null},"geometry":{"type":"MultiPolygon","coordinates":[[[[566913.601904000039212,2670513.067108000162989],[566923.57521599996835,2670514.544212],[566932.649468999938108,2670519.548359000124037],[566951.980645000119694,2670527.993938],[566950.298813999979757,2670532.780950999818742],[566954.80126464611385,2670533.879488906357437],[566959.498655255301856,2670509.453057738486677],[566941.500746999983676,2670501.58996899984777],[566930.074138000025414,2670495.288576],[566919.615538000012748,2670493.739598],[566917.976177995791659,2670492.934999632649124],[566913.601904000039212,2670513.067108000162989]]]]}},
{"type":"Feature","properties":{"fid":249,"Clave":"ZFMT-171-42-23","ID":null,"NOMBRE DEL OCUPANTE IRREGULAR":null,"ID-OCUPACION":"ZFMT-171-42-23","ID - Actualizado":42,"ZONA":"LPZ","X":566965.2068,"Y":2670524.378,"TIPO DE USO":null,"ZF":402.5007,"TGM":null,"TOTAL":402.5007,"TIPO DE USO APLICABLE":null,"TARIFA ANUAL":null,"IMPORTE BIMESTRAL":null,"DEBE DESDE":null,"DEBE HASTA":null,"OBSERVACIONES":null},"geometry":{"type":"MultiPolygon","coordinates":[[[[566954.80126464611385,2670533.879488906357437],[566970.218242999981157,2670537.641026000957936],[566971.426489841775037,2670538.086693030316383],[566975.761435208492912,2670516.558087951038033],[566959.498655255301856,2670509.453057738486677],[566954.80126464611385,2670533.879488906357437]]]]}},
{"type":"Feature","properties":{"fid":250,"Clave":"ZFMT-171-43-23","ID":null,"NOMBRE DEL OCUPANTE IRREGULAR":null,"ID-OCUPACION":"ZFMT-171-43-23","ID - Actualizado":43,"ZONA":"LPZ","X":566980.6496,"Y":2670530.178,"TIPO DE USO":null,"ZF":323.7056,"TGM":null,"TOTAL":323.7056,"TIPO DE USO APLICABLE":null,"TARIFA ANUAL":null,"IMPORTE BIMESTRAL":null,"DEBE DESDE":null,"DEBE HASTA":null,"OBSERVACIONES":null},"geometry":{"type":"MultiPolygon","coordinates":[[[[566971.426489841775037,2670538.086693030316383],[566985.686235225643031,2670543.346461270470172],[566989.941539662424475,2670522.891986534465104],[566977.005852000089362,2670517.10176],[566975.761435208492912,2670516.558087951038033],[566971.426489841775037,2670538.086693030316383]]]]}},
{"type":"Feature","properties":{"fid":251,"Clave":"ZFMT-171-44-23","ID":null,"NOMBRE DEL OCUPANTE IRREGULAR":null,"ID-OCUPACION":"ZFMT-171-44-23","ID - Actualizado":44,"ZONA":"LPZ","X":566994.9516,"Y":2670536.481,"TIPO DE USO":null,"ZF":319.3383,"TGM":null,"TOTAL":319.3383,"TIPO DE USO APLICABLE":null,"TARIFA ANUAL":null,"IMPORTE BIMESTRAL":null,"DEBE DESDE":null,"DEBE HASTA":null,"OBSERVACIONES":null},"geometry":{"type":"MultiPolygon","coordinates":[[[[566999.963263264158741,2670550.631995574105531],[567003.929948412347585,2670529.819141401909292],[566998.916659999988042,2670526.909398000221699],[566989.941539662424475,2670522.891986534465104],[566985.686235225643031,2670543.346461270470172],[566990.372806000057608,2670545.075123],[566998.570197000051849,2670549.832938999868929],[566999.963263264158741,2670550.631995574105531]]]]}},
{"type":"Feature","properties":{"fid":252,"Clave":"ZFMT-171-45-23","ID":null,"NOMBRE DEL OCUPANTE IRREGULAR":null,"ID-OCUPACION":"ZFMT-171-45-23","ID - Actualizado":45,"ZONA":"LPZ","X":567031.6611,"Y":2670554.717,"TIPO DE USO":null,"ZF":721.5645,"TGM":null,"TOTAL":721.5645,"TIPO DE USO APLICABLE":null,"TARIFA ANUAL":null,"IMPORTE BIMESTRAL":null,"DEBE DESDE":null,"DEBE HASTA":null,"OBSERVACIONES":null},"geometry":{"type":"MultiPolygon","coordinates":[[[[567012.720745000056922,2670557.94963000016287],[567022.789789000060409,2670561.518852999899536],[567032.875216000014916,2670565.433009999804199],[567041.852446999982931,2670571.165031999815255],[567044.819038056652062,2670573.772345069795847],[567050.108488423167728,2670552.707340978551656],[567041.963724000146613,2670547.506854],[567029.750436999951489,2670542.766874],[567021.105173000018112,2670539.702345000114292],[567017.458844703505747,2670537.610827462282032],[567012.720745000056922,2670557.94963000016287]]]]}},
{"type":"Feature","properties":{"fid":253,"Clave":"ZFMT-171-46-23","ID":null,"NOMBRE DEL OCUPANTE IRREGULAR":null,"ID-OCUPACION":"ZFMT-171-46-23","ID - Actualizado":46,"ZONA":"LPZ","X":567070.9148,"Y":2670576.959,"TIPO DE USO":null,"ZF":1098.8259,"TGM":null,"TOTAL":1098.8259,"TIPO DE USO APLICABLE":null,"TARIFA ANUAL":null,"IMPORTE BIMESTRAL":null,"DEBE DESDE":null,"DEBE HASTA":null,"OBSERVACIONES":null},"geometry":{"type":"MultiPolygon","coordinates":[[[[567044.819038056652062,2670573.772345069795847],[567049.933628999860957,2670578.267518000211567],[567059.549803999951109,2670583.557490999810398],[567085.306361999944784,2670594.645362000912428],[567093.740525018656626,2670598.613520889542997],[567097.76293703133706,2670578.403353216126561],[567093.519901999970898,2670576.406713],[567068.344223,2670565.568903001025319],[567061.492066,2670561.799449],[567053.905836,2670555.131972999777645],[567050.108488423167728,2670552.707340978551656],[567044.819038056652062,2670573.772345069795847]]]]}},
{"type":"Feature","properties":{"fid":254,"Clave":"ZFMT-171-47-23","ID":null,"NOMBRE DEL OCUPANTE IRREGULAR":null,"ID-OCUPACION":"ZFMT-171-47-23","ID - Actualizado":47,"ZONA":"LPZ","X":567106.6105,"Y":2670593.602,"TIPO DE USO":null,"ZF":480.209,"TGM":null,"TOTAL":480.209,"TIPO DE USO APLICABLE":null,"TARIFA ANUAL":null,"IMPORTE BIMESTRAL":null,"DEBE DESDE":null,"DEBE HASTA":null,"OBSERVACIONES":null},"geometry":{"type":"MultiPolygon","coordinates":[[[[567093.740525018656626,2670598.613520889542997],[567115.36154399998486,2670608.785916000138968],[567119.566027313587256,2670588.663208855316043],[567097.76293703133706,2670578.403353216126561],[567093.740525018656626,2670598.613520889542997]]]]}},
{"type":"Feature","properties":{"fid":255,"Clave":"ZFMT-154-50-23","ID":null,"NOMBRE DEL OCUPANTE IRREGULAR":null,"ID-OCUPACION":"ZFMT-154-50-23","ID - Actualizado":50,"ZONA":"LPZ","X":570854.3664000001,"Y":2674405.049,"TIPO DE USO":null,"ZF":189.2811,"TGM":null,"TOTAL":189.2811,"TIPO DE USO APLICABLE":null,"TARIFA ANUAL":null,"IMPORTE BIMESTRAL":null,"DEBE DESDE":null,"DEBE HASTA":null,"OBSERVACIONES":null},"geometry":{"type":"MultiPolygon","coordinates":[[[[570850.783640742651187,2674415.02077517984435],[570856.122102000052109,2674414.206118000205606],[570861.817245171987452,2674412.034120420459658],[570857.934931513271295,2674398.353586575016379],[570853.104999999981374,2674394.435],[570848.14809501345735,2674395.191431121900678],[570850.783640742651187,2674415.02077517984435]]]]}},
{"type":"Feature","properties":{"fid":256,"Clave":"ZFMT-154-51-23","ID":null,"NOMBRE DEL OCUPANTE IRREGULAR":null,"ID-OCUPACION":"ZFMT-154-51-23","ID - Actualizado":51,"ZONA":"LPZ","X":570844.1688,"Y":2674405.847,"TIPO DE USO":null,"ZF":214.0953,"TGM":null,"TOTAL":214.0953,"TIPO DE USO APLICABLE":null,"TARIFA ANUAL":null,"IMPORTE BIMESTRAL":null,"DEBE DESDE":null,"DEBE HASTA":null,"OBSERVACIONES":null},"geometry":{"type":"MultiPolygon","coordinates":[[[[570850.783640742651187,2674415.02077517984435],[570848.14809501345735,2674395.191431121900678],[570837.361346659599803,2674396.83750506862998],[570840.420177045511082,2674416.602255254518241],[570850.783640742651187,2674415.02077517984435]]]]}},
{"type":"Feature","properties":{"fid":257,"Clave":"ZFMT-154-52-23","ID":null,"NOMBRE DEL OCUPANTE IRREGULAR":null,"ID-OCUPACION":"ZFMT-154-52-23","ID - Actualizado":52,"ZONA":"LPZ","X":570833.8561,"Y":2674407.598,"TIPO DE USO":null,"ZF":204.4577,"TGM":null,"TOTAL":204.4577,"TIPO DE USO APLICABLE":null,"TARIFA ANUAL":null,"IMPORTE BIMESTRAL":null,"DEBE DESDE":null,"DEBE HASTA":null,"OBSERVACIONES":null},"geometry":{"type":"MultiPolygon","coordinates":[[[[570840.420177045511082,2674416.602255254518241],[570837.361346659599803,2674396.83750506862998],[570827.591271356679499,2674398.328433186281472],[570829.99212864250876,2674418.193591051734984],[570840.420177045511082,2674416.602255254518241]]]]}},
{"type":"Feature","properties":{"fid":258,"Clave":"ZFMT-154-53-23","ID":null,"NOMBRE DEL OCUPANTE IRREGULAR":null,"ID-OCUPACION":"ZFMT-154-53-23","ID - Actualizado":53,"ZONA":"LPZ","X":570823.7798,"Y":2674409.007,"TIPO DE USO":null,"ZF":202.8397,"TGM":null,"TOTAL":202.8397,"TIPO DE USO APLICABLE":null,"TARIFA ANUAL":null,"IMPORTE BIMESTRAL":null,"DEBE DESDE":null,"DEBE HASTA":null,"OBSERVACIONES":null},"geometry":{"type":"MultiPolygon","coordinates":[[[[570829.99212864250876,2674418.193591051734984],[570827.591271356679499,2674398.328433186281472],[570817.516347760334611,2674399.865881609264761],[570820.02876965154428,2674419.714014549273998],[570829.99212864250876,2674418.193591051734984]]]]}},
{"type":"Feature","properties":{"fid":259,"Clave":"ZFMT-154-54-23","ID":null,"NOMBRE DEL OCUPANTE IRREGULAR":null,"ID-OCUPACION":"ZFMT-154-54-23","ID - Actualizado":54,"ZONA":"LPZ","X":570814.0324,"Y":2674410.529,"TIPO DE USO":null,"ZF":192.0103,"TGM":null,"TOTAL":192.0103,"TIPO DE USO APLICABLE":null,"TARIFA ANUAL":null,"IMPORTE BIMESTRAL":null,"DEBE DESDE":null,"DEBE HASTA":null,"OBSERVACIONES":null},"geometry":{"type":"MultiPolygon","coordinates":[[[[570820.02876965154428,2674419.714014549273998],[570817.516347760334611,2674399.865881609264761],[570808.078234625980258,2674401.306151803117245],[570810.498419685405679,2674421.168360221665353],[570820.02876965154428,2674419.714014549273998]]]]}},
{"type":"Feature","properties":{"fid":260,"Clave":"ZFMT-154-55-23","ID":null,"NOMBRE DEL OCUPANTE IRREGULAR":null,"ID-OCUPACION":"ZFMT-154-55-23","ID - Actualizado":55,"ZONA":"LPZ","X":570799.409,"Y":2674412.748,"TIPO DE USO":null,"ZF":400.0364,"TGM":null,"TOTAL":400.0364,"TIPO DE USO APLICABLE":null,"TARIFA ANUAL":null,"IMPORTE BIMESTRAL":null,"DEBE DESDE":null,"DEBE HASTA":null,"OBSERVACIONES":null},"geometry":{"type":"MultiPolygon","coordinates":[[[[570810.498419685405679,2674421.168360221665353],[570808.078234625980258,2674401.306151803117245],[570805.952860999968834,2674401.63048700010404],[570788.341671064612456,2674404.317980683408678],[570790.715887444326654,2674424.187204011250287],[570808.969963000155985,2674421.401604999788105],[570810.498419685405679,2674421.168360221665353]]]]}},
{"type":"Feature","properties":{"fid":261,"Clave":"ZFMT-154-56-23","ID":null,"NOMBRE DEL OCUPANTE IRREGULAR":null,"ID-OCUPACION":"ZFMT-154-56-23","ID - Actualizado":56,"ZONA":"LPZ","X":570784.2048,"Y":2674415.006,"TIPO DE USO":null,"ZF":215.2711,"TGM":null,"TOTAL":215.2711,"TIPO DE USO APLICABLE":null,"TARIFA ANUAL":null,"IMPORTE BIMESTRAL":null,"DEBE DESDE":null,"DEBE HASTA":null,"OBSERVACIONES":null},"geometry":{"type":"MultiPolygon","coordinates":[[[[570790.715887444326654,2674424.187204011250287],[570788.341671064612456,2674404.317980683408678],[570777.523960225633346,2674405.968779388815165],[570780.267239948385395,2674425.781683120876551],[570790.715887444326654,2674424.187204011250287]]]]}},
{"type":"Feature","properties":{"fid":262,"Clave":"ZFMT-171-39-23","ID":null,"NOMBRE DEL OCUPANTE IRREGULAR":null,"ID-OCUPACION":"ZFMT-171-39-23","ID - Actualizado":39,"ZONA":"LPZ","X":566717.137,"Y":2670372.088,"TIPO DE USO":null,"ZF":974.6468,"TGM":null,"TOTAL":974.6468,"TIPO DE USO APLICABLE":null,"TARIFA ANUAL":null,"IMPORTE BIMESTRAL":null,"DEBE DESDE":null,"DEBE HASTA":null,"OBSERVACIONES":null},"geometry":{"type":"MultiPolygon","coordinates":[[[[566695.126726332586259,2670363.590704325586557],[566695.689190999954008,2670363.995600999798626],[566705.710045999963768,2670373.223497999832034],[566717.761314,2670388.28416799986735],[566728.354303986183368,2670399.358009832911193],[566738.431405071751215,2670380.959191278088838],[566732.824908999959007,2670375.098197000101209],[566720.37630799994804,2670359.540974],[566708.351278000045568,2670348.467493],[566705.034979688818567,2670346.080217373557389],[566695.126726332586259,2670363.590704325586557]]]]}},
{"type":"Feature","properties":{"fid":263,"Clave":"ZFMT-273-470-23","ID":413,"NOMBRE DEL OCUPANTE IRREGULAR":"EJIDO EL PESCADERO","ID-OCUPACION":"2-pes-zf","ID - Actualizado":470,"ZONA":"PES","X":584012.1139,"Y":2580292.071,"TIPO DE USO":"General","ZF":452.5572,"TGM":null,"TOTAL":452.5572,"TIPO DE USO APLICABLE":80.99,"TARIFA ANUAL":36652.607627999998,"IMPORTE BIMESTRAL":6108.767938,"DEBE DESDE":null,"DEBE HASTA":null,"OBSERVACIONES":null},"geometry":{"type":"MultiPolygon","coordinates":[[[[583999.25865200010594,2580289.253364],[584002.249878,2580292.898033],[583999.353536000126041,2580302.17185499984771],[584019.604271000134759,2580304.419507001060992],[584022.676268000039272,2580294.583254000172019],[584021.352452000137419,2580284.648217],[584014.718603000044823,2580276.565184],[583999.25865200010594,2580289.253364]]]]}},
{"type":"Feature","properties":{"fid":264,"Clave":"ZFMT-273-471-23","ID":414,"NOMBRE DEL OCUPANTE IRREGULAR":"EJIDO EL PESCADERO","ID-OCUPACION":"3-pes-zf","ID - Actualizado":471,"ZONA":"PES","X":584010.1975,"Y":2580315.585,"TIPO DE USO":"General","ZF":473.6652,"TGM":null,"TOTAL":473.6652,"TIPO DE USO APLICABLE":80.99,"TARIFA ANUAL":38362.144547999997,"IMPORTE BIMESTRAL":6393.690758,"DEBE DESDE":null,"DEBE HASTA":null,"OBSERVACIONES":null},"geometry":{"type":"MultiPolygon","coordinates":[[[[584019.604271000134759,2580304.419507001060992],[583999.353536000126041,2580302.17185499984771],[584001.411142336670309,2580327.427379718516022],[584021.364888031501323,2580326.373484699521214],[584019.604271000134759,2580304.419507001060992]]]]}},
{"type":"Feature","properties":{"fid":265,"Clave":"ZFMT-273-469-23","ID":412,"NOMBRE DEL OCUPANTE IRREGULAR":"EJIDO EL PESCADERO","ID-OCUPACION":"1-pes-zf","ID - Actualizado":469,"ZONA":"PES","X":583928.9532,"Y":2580290.394,"TIPO DE USO":"General","ZF":387.2267,"TGM":null,"TOTAL":387.2267,"TIPO DE USO APLICABLE":80.99,"TARIFA ANUAL":31361.490433,"IMPORTE BIMESTRAL":5226.9150721666701,"DEBE DESDE":null,"DEBE HASTA":null,"OBSERVACIONES":null},"geometry":{"type":"MultiPolygon","coordinates":[[[[583916.464875902165659,2580296.251056599896401],[583935.607378060813062,2580304.176334530115128],[583938.014191285823472,2580285.542033719830215],[583933.032028076937422,2580274.43578578485176],[583917.455931718228385,2580288.577992482110858],[583916.464875902165659,2580296.251056599896401]]]]}},
{"type":"Feature","properties":{"fid":266,"Clave":"ZFMT-273-473-23","ID":416,"NOMBRE DEL OCUPANTE IRREGULAR":"JIBRAN JARDEL RAMOS RIVERA","ID-OCUPACION":"4-pes-zf","ID - Actualizado":473,"ZONA":"PES","X":584047.2454,"Y":2580371.841,"TIPO DE USO":"General","ZF":597.978,"TGM":null,"TOTAL":597.978,"TIPO DE USO APLICABLE":80.99,"TARIFA ANUAL":48430.23822,"IMPORTE BIMESTRAL":8071.70637,"DEBE DESDE":null,"DEBE HASTA":null,"OBSERVACIONES":null},"geometry":{"type":"MultiPolygon","coordinates":[[[[584059.742452000151388,2580359.076504],[584039.008851107442752,2580357.546321579255164],[584035.613999999943189,2580366.574],[584039.07999999995809,2580387.082],[584060.877666000043973,2580387.132060000207275],[584058.485945999971591,2580381.888861999846995],[584056.227360999910161,2580368.525028000120074],[584059.742452000151388,2580359.076504]]]]}},
{"type":"Feature","properties":{"fid":267,"Clave":"ZFMT-278-481-23","ID":417,"NOMBRE DEL OCUPANTE IRREGULAR":"REGATO RAMIREZ ARGELIA","ID-OCUPACION":"5-pes-zf","ID - Actualizado":481,"ZONA":"PES","X":586664.938,"Y":2570733.13,"TIPO DE USO":"General","ZF":709.1021,"TGM":null,"TOTAL":709.1021,"TIPO DE USO APLICABLE":80.99,"TARIFA ANUAL":57430.179079000001,"IMPORTE BIMESTRAL":9571.6965131666693,"DEBE DESDE":null,"DEBE HASTA":null,"OBSERVACIONES":null},"geometry":{"type":"MultiPolygon","coordinates":[[[[586673.33120552264154,2570753.73550137784332],[586673.409455751650967,2570752.599526690784842],[586673.981738495291211,2570742.803351689595729],[586675.303148853243329,2570718.327539684716612],[586655.471462802728638,2570714.493543387390673],[586653.64712499990128,2570748.461999999824911],[586653.551828445401043,2570749.84479682194069],[586673.33120552264154,2570753.73550137784332]]]]}},
{"type":"Feature","properties":{"fid":268,"Clave":"ZFMT-278-482-23","ID":418,"NOMBRE DEL OCUPANTE IRREGULAR":"STEFANO STUART PALACIOS","ID-OCUPACION":"6-pes-zf","ID - Actualizado":482,"ZONA":"PES","X":586671.0883,"Y":2570596.296,"TIPO DE USO":"Protección","ZF":662.8143,"TGM":null,"TOTAL":662.8143,"TIPO DE USO APLICABLE":28.19,"TARIFA ANUAL":18684.735117,"IMPORTE BIMESTRAL":3114.1225195000002,"DEBE DESDE":null,"DEBE HASTA":null,"OBSERVACIONES":null},"geometry":{"type":"MultiPolygon","coordinates":[[[[586659.324258808512241,2570610.741728781722486],[586679.065663309535012,2570614.854435285087675],[586679.450888274936005,2570609.880470312200487],[586681.469839380355552,2570586.741350510157645],[586681.770857813418843,2570581.088188689667732],[586661.881280580651946,2570578.482335007283837],[586661.516124999965541,2570585.339999999850988],[586659.518099999986589,2570608.239],[586659.324258808512241,2570610.741728781722486]]]]}},
{"type":"Feature","properties":{"fid":269,"Clave":"ZFMT-278-483-23","ID":419,"NOMBRE DEL OCUPANTE IRREGULAR":"MARTIN COATZIN JIMENEZ Y COP","ID-OCUPACION":"7-pes-zf","ID - Actualizado":483,"ZONA":"PES","X":586672.5661000001,"Y":2570560.816,"TIPO DE USO":"General","ZF":712.7938,"TGM":null,"TOTAL":712.7938,"TIPO DE USO APLICABLE":80.99,"TARIFA ANUAL":57729.169862000002,"IMPORTE BIMESTRAL":9621.5283103333295,"DEBE DESDE":null,"DEBE HASTA":null,"OBSERVACIONES":null},"geometry":{"type":"MultiPolygon","coordinates":[[[[586661.881280580651946,2570578.482335007283837],[586681.770857813418843,2570581.088188689667732],[586682.690665303380229,2570563.814095684792846],[586683.106894942233339,2570546.046656451188028],[586663.188120851875283,2570542.345163092948496],[586662.703124999883585,2570563.048],[586661.881280580651946,2570578.482335007283837]]]]}},
{"type":"Feature","properties":{"fid":270,"Clave":"ZFMT-278-485-23","ID":421,"NOMBRE DEL OCUPANTE IRREGULAR":"IRIBE MARTINEZ ARCELIA GUADALUPE","ID-OCUPACION":"9-pes-zf","ID - Actualizado":485,"ZONA":"PES","X":586677.1684,"Y":2570474.719,"TIPO DE USO":"Protección","ZF":1352.1748,"TGM":null,"TOTAL":1352.1748,"TIPO DE USO APLICABLE":28.19,"TARIFA ANUAL":38117.807611999997,"IMPORTE BIMESTRAL":6352.9679353333304,"DEBE DESDE":null,"DEBE HASTA":null,"OBSERVACIONES":null},"geometry":{"type":"MultiPolygon","coordinates":[[[[586669.351488018874079,2570440.998416742309928],[586667.793124999850988,2570461.109000000171363],[586665.713124999892898,2570489.795],[586665.210838406928815,2570508.253590429201722],[586685.108599139144644,2570512.28285896545276],[586685.693433334352449,2570490.790716393850744],[586687.737173826317303,2570462.604783819057047],[586689.126025469740853,2570444.681734994519502],[586669.351488018874079,2570440.998416742309928]]]]}},
{"type":"Feature","properties":{"fid":271,"Clave":"ZFMT-278-486-23","ID":422,"NOMBRE DEL OCUPANTE IRREGULAR":"NULL","ID-OCUPACION":"10-pes-zf","ID - Actualizado":486,"ZONA":"PES","X":586708.6385,"Y":2569888.094,"TIPO DE USO":"Protección","ZF":1454.7083,"TGM":null,"TOTAL":1454.7083,"TIPO DE USO APLICABLE":28.19,"TARIFA ANUAL":41008.226976999998,"IMPORTE BIMESTRAL":6834.7044961666697,"DEBE DESDE":null,"DEBE HASTA":null,"OBSERVACIONES":null},"geometry":{"type":"MultiPolygon","coordinates":[[[[586698.98312500026077,2569925.297000001184642],[586698.957345468574204,2569928.171478300355375],[586718.983125000144355,2569921.519405018538237],[586718.983124999911524,2569900.958732428960502],[586719.105987776070833,2569875.218980830162764],[586717.535001453128643,2569849.046858885791153],[586697.876877772738226,2569855.342119432985783],[586699.103124999906868,2569875.771000000182539],[586698.983124999911524,2569900.910999999847263],[586698.98312500026077,2569925.297000001184642]]]]}},
{"type":"Feature","properties":{"fid":272,"Clave":"ZFMT-278-487-23","ID":423,"NOMBRE DEL OCUPANTE IRREGULAR":"GONZALEZ MEDINA PAULA","ID-OCUPACION":"11-pes-zf","ID - Actualizado":487,"ZONA":"PES","X":586698.2311,"Y":2569787.59,"TIPO DE USO":"Protección","ZF":2538.7935,"TGM":null,"TOTAL":2538.7935,"TIPO DE USO APLICABLE":28.19,"TARIFA ANUAL":71568.588764999993,"IMPORTE BIMESTRAL":11928.098127499999,"DEBE DESDE":null,"DEBE HASTA":null,"OBSERVACIONES":null},"geometry":{"type":"MultiPolygon","coordinates":[[[[586703.274125,2569726.272024638950825],[586703.304511691560037,2569725.394121954217553],[586683.274125,2569727.337616788689047],[586683.274124999879859,2569748.656999999191612],[586686.819125000038184,2569782.42100000102073],[586690.125125000020489,2569804.833000000100583],[586693.795124999945983,2569827.586999999824911],[586697.625125000136904,2569851.148],[586697.850498886662535,2569854.902655808255076],[586697.876877772738226,2569855.342119432985783],[586717.535001453128643,2569849.046858885791153],[586717.528507328010164,2569848.938668869901448],[586713.537982343696058,2569824.390167787205428],[586709.891378851141781,2569801.78122613299638],[586706.666092218831182,2569779.916397335007787],[586703.274125,2569747.609942841809243],[586703.274125,2569726.272024638950825]]]]}},
{"type":"Feature","properties":{"fid":273,"Clave":"ZFMT-278-489-23","ID":425,"NOMBRE DEL OCUPANTE IRREGULAR":"GAIN ACOSTA LINDA MARIA","ID-OCUPACION":"13-pes-zf","ID - Actualizado":489,"ZONA":"PES","X":586694.7851,"Y":2569673.596,"TIPO DE USO":"Protección","ZF":1011.6908,"TGM":null,"TOTAL":1011.6908,"TIPO DE USO APLICABLE":28.19,"TARIFA ANUAL":28519.563652000001,"IMPORTE BIMESTRAL":4753.2606086666701,"DEBE DESDE":null,"DEBE HASTA":null,"OBSERVACIONES":null},"geometry":{"type":"MultiPolygon","coordinates":[[[[586703.416024759062566,2569646.519801264163107],[586683.527011183439754,2569648.623928642366081],[586684.672124999924563,2569659.373000000137836],[586684.56512499996461,2569681.198000000789762],[586684.177031770232134,2569698.053093863651156],[586684.154885191470385,2569699.014931649435312],[586704.204312034533359,2569697.098520007915795],[586704.210625780862756,2569696.824311119504273],[586704.563996342825703,2569681.47724044509232],[586704.677333757979795,2569658.359585439786315],[586703.416024759062566,2569646.519801264163107]]]]}},
{"type":"Feature","properties":{"fid":274,"Clave":"ZFMT-278-490-23","ID":426,"NOMBRE DEL OCUPANTE IRREGULAR":"LIZARRAGA VALDEZ JOSE GUADALUPE","ID-OCUPACION":"14-pes-zf","ID - Actualizado":490,"ZONA":"PES","X":587309.7471,"Y":2567358.339,"TIPO DE USO":"Protección","ZF":1017.6062,"TGM":null,"TOTAL":1017.6062,"TIPO DE USO APLICABLE":28.19,"TARIFA ANUAL":28686.318778000001,"IMPORTE BIMESTRAL":4781.0531296666704,"DEBE DESDE":null,"DEBE HASTA":null,"OBSERVACIONES":null},"geometry":{"type":"MultiPolygon","coordinates":[[[[587313.971109184902161,2567385.467736158054322],[587318.990818168851547,2567365.316952319815755],[587324.686420175712556,2567337.914922527968884],[587325.070684570469894,2567336.389611195772886],[587305.19012499996461,2567333.435],[587299.489124999963678,2567360.862999999895692],[587293.84328545210883,2567383.5272804540582],[587313.971109184902161,2567385.467736158054322]]]]}},
{"type":"Feature","properties":{"fid":275,"Clave":"ZFMT-278-491-23","ID":427,"NOMBRE DEL OCUPANTE IRREGULAR":"NULL","ID-OCUPACION":"15-pes-zf","ID - Actualizado":491,"ZONA":"PES","X":587321.8893,"Y":2567308.882,"TIPO DE USO":"Protección","ZF":995.6558,"TGM":null,"TOTAL":995.6558,"TIPO DE USO APLICABLE":28.19,"TARIFA ANUAL":28067.537002000001,"IMPORTE BIMESTRAL":4677.9228336666702,"DEBE DESDE":null,"DEBE HASTA":null,"OBSERVACIONES":null},"geometry":{"type":"MultiPolygon","coordinates":[[[[587325.070684570469894,2567336.389611195772886],[587334.681431676843204,2567298.240405182819813],[587337.644989818450995,2567287.863830573856831],[587317.485622468171641,2567285.621808703523129],[587315.364124999963678,2567293.049999999813735],[587305.19012499996461,2567333.435],[587325.070684570469894,2567336.389611195772886]]]]}},
{"type":"Feature","properties":{"fid":276,"Clave":"ZFMT-278-492-23","ID":428,"NOMBRE DEL OCUPANTE IRREGULAR":"NULL","ID-OCUPACION":"16-pes-zf","ID - Actualizado":492,"ZONA":"PES","X":587336.3625,"Y":2567245.9,"TIPO DE USO":"Protección","ZF":1554.8947,"TGM":null,"TOTAL":1554.8947,"TIPO DE USO APLICABLE":28.19,"TARIFA ANUAL":43832.481592999997,"IMPORTE BIMESTRAL":7305.4135988333301,"DEBE DESDE":null,"DEBE HASTA":null,"OBSERVACIONES":null},"geometry":{"type":"MultiPolygon","coordinates":[[[[587337.644989818450995,2567287.863830573856831],[587344.007954931003042,2567265.584604436997324],[587348.633877897751518,2567228.52661120891571],[587348.862629158538766,2567209.878762041218579],[587328.852005795226432,2567210.622116535902023],[587328.649124999879859,2567227.160999998915941],[587324.353125000023283,2567261.575999998953193],[587317.485622468171641,2567285.621808703523129],[587337.644989818450995,2567287.863830573856831]]]]}},
{"type":"Feature","properties":{"fid":277,"Clave":"ZFMT-278-484-23","ID":420,"NOMBRE DEL OCUPANTE IRREGULAR":"BENJAMIN MONCADA GARCIA DE ALBA","ID-OCUPACION":"8-pes-zf","ID - Actualizado":484,"ZONA":"PES","X":586674.4293,"Y":2570527.395,"TIPO DE USO":"General","ZF":680.4002,"TGM":null,"TOTAL":680.4002,"TIPO DE USO APLICABLE":80.99,"TARIFA ANUAL":55105.612198000003,"IMPORTE BIMESTRAL":9184.2686996666707,"DEBE DESDE":null,"DEBE HASTA":null,"OBSERVACIONES":null},"geometry":{"type":"MultiPolygon","coordinates":[[[[586663.188120851875283,2570542.345163092948496],[586683.106894942233339,2570546.046656451188028],[586683.185261541511863,2570542.701450678054243],[586684.838216516072862,2570522.219182515051216],[586685.108599139144644,2570512.28285896545276],[586665.210838406928815,2570508.253590429201722],[586664.860124999890104,2570521.142],[586663.204124999931082,2570541.662],[586663.188120851875283,2570542.345163092948496]]]]}},
{"type":"Feature","properties":{"fid":278,"Clave":"ZFMT-278-488-23","ID":424,"NOMBRE DEL OCUPANTE IRREGULAR":"DIAZ RIVERA GONZALEZ LETICIA ADELINA Y COPS","ID-OCUPACION":"12-pes-zf","ID - Actualizado":488,"ZONA":"PES","X":586693.964,"Y":2569711.403,"TIPO DE USO":"Protección","ZF":566.8456,"TGM":null,"TOTAL":566.8456,"TIPO DE USO APLICABLE":28.19,"TARIFA ANUAL":15979.377464,"IMPORTE BIMESTRAL":2663.2295773333299,"DEBE DESDE":null,"DEBE HASTA":null,"OBSERVACIONES":null},"geometry":{"type":"MultiPolygon","coordinates":[[[[586683.274125,2569727.337616788689047],[586703.304511691560037,2569725.394121954217553],[586704.04616032820195,2569703.967132178135216],[586704.204312034533359,2569697.098520007915795],[586684.154885191470385,2569699.014931649435312],[586684.05412500014063,2569703.390999999828637],[586683.274125,2569725.926],[586683.274125,2569727.337616788689047]]]]}},
{"type":"Feature","properties":{"fid":279,"Clave":"ZFMT-273-472-23","ID":415,"NOMBRE DEL OCUPANTE IRREGULAR":"SALGADO ARCE JOSE MANUEL","ID-OCUPACION":"3-pes-zf","ID - Actualizado":472,"ZONA":"PES","X":584012.8706,"Y":2580342.73,"TIPO DE USO":"General","ZF":340.884,"TGM":null,"TOTAL":340.884,"TIPO DE USO APLICABLE":80.99,"TARIFA ANUAL":27608.19516,"IMPORTE BIMESTRAL":4601.36586,"DEBE DESDE":null,"DEBE HASTA":null,"OBSERVACIONES":null},"geometry":{"type":"MultiPolygon","coordinates":[[[[584003.730203613871709,2580352.501978778280318],[584023.633537230547518,2580350.537834013812244],[584021.990538428188302,2580333.584483365062624],[584002.084501432138495,2580335.549729055725038],[584003.730203613871709,2580352.501978778280318]]]]}},
{"type":"Feature","properties":{"fid":280,"Clave":"ZFMT-273-476-24","ID":429,"NOMBRE DEL OCUPANTE IRREGULAR":"NULL","ID-OCUPACION":"17-pes-tgm","ID - Actualizado":476,"ZONA":"PES","X":584142.4772,"Y":2580343.023,"TIPO DE USO":"General","ZF":null,"TGM":1189.4331,"TOTAL":1189.4331,"TIPO DE USO APLICABLE":80.99,"TARIFA ANUAL":96332.186769000007,"IMPORTE BIMESTRAL":16055.364461499999,"DEBE DESDE":null,"DEBE HASTA":null,"OBSERVACIONES":null},"geometry":{"type":"MultiPolygon","coordinates":[[[[584118.269251264049672,2580336.363103975076228],[584123.444003992131911,2580356.984990804456174],[584140.549556000041775,2580359.37744],[584158.015078000025824,2580359.596384],[584168.261719958391041,2580356.61663880199194],[584150.746485892566852,2580323.848071758169681],[584118.269251264049672,2580336.363103975076228]]]]}},
{"type":"Feature","properties":{"fid":281,"Clave":"ZFMT-273-477-24","ID":430,"NOMBRE DEL OCUPANTE IRREGULAR":"NULL","ID-OCUPACION":"18-pes-tgm","ID - Actualizado":477,"ZONA":"PES","X":584174.6008,"Y":2580332.315,"TIPO DE USO":"General","ZF":null,"TGM":1243.1178,"TOTAL":1243.1178,"TIPO DE USO APLICABLE":80.99,"TARIFA ANUAL":100680.11062199999,"IMPORTE BIMESTRAL":16780.018437,"DEBE DESDE":null,"DEBE HASTA":null,"OBSERVACIONES":null},"geometry":{"type":"MultiPolygon","coordinates":[[[[584150.746485892566852,2580323.848071758169681],[584168.261719958391041,2580356.61663880199194],[584190.680454333312809,2580350.097223331220448],[584198.647695705411024,2580345.691371213644743],[584177.615362375508994,2580309.346023266203701],[584158.167499999981374,2580320.988400000147521],[584150.746485892566852,2580323.848071758169681]]]]}},
{"type":"Feature","properties":{"fid":282,"Clave":"ZFMT-273-478-24","ID":431,"NOMBRE DEL OCUPANTE IRREGULAR":"ALBA PEREGRINA MURILLO SEPULVEDA","ID-OCUPACION":"19-pes-tgm","ID - Actualizado":478,"ZONA":"PES","X":584198.2474,"Y":2580324.135,"TIPO DE USO":"General","ZF":null,"TGM":717.5062,"TOTAL":717.5062,"TIPO DE USO APLICABLE":80.99,"TARIFA ANUAL":58110.827138000001,"IMPORTE BIMESTRAL":9685.1378563333292,"DEBE DESDE":null,"DEBE HASTA":null,"OBSERVACIONES":null},"geometry":{"type":"MultiPolygon","coordinates":[[[[584182.340421938104555,2580317.511257773730904],[584198.647695705411024,2580345.691371213644743],[584217.761576858581975,2580335.121472571976483],[584201.991109063499607,2580306.86605110578239],[584182.340421938104555,2580317.511257773730904]]]]}},
{"type":"Feature","properties":{"fid":283,"Clave":"ZFMT-273-480-24","ID":432,"NOMBRE DEL OCUPANTE IRREGULAR":"DANIEL ALBERTO SANCHEZ GOMEZ","ID-OCUPACION":"20-pes-tgm","ID - Actualizado":480,"ZONA":"PES","X":584215.499,"Y":2580311.94,"TIPO DE USO":"General","ZF":null,"TGM":863.3187,"TOTAL":863.3187,"TIPO DE USO APLICABLE":80.99,"TARIFA ANUAL":69920.181513000003,"IMPORTE BIMESTRAL":11653.363585499999,"DEBE DESDE":null,"DEBE HASTA":null,"OBSERVACIONES":null},"geometry":{"type":"MultiPolygon","coordinates":[[[[584217.761576858581975,2580335.121472571976483],[584236.167890572687611,2580324.94285585032776],[584212.20223591895774,2580287.15086197340861],[584200.975282000144944,2580295.361715000122786],[584196.923795889946632,2580297.787115002982318],[584217.761576858581975,2580335.121472571976483]]]]}},
{"type":"Feature","properties":{"fid":284,"Clave":"ZFMT-273-479-24","ID":433,"NOMBRE DEL OCUPANTE IRREGULAR":"YONI PINEDA GUZMAN","ID-OCUPACION":"21-pes-tgm","ID - Actualizado":479,"ZONA":"PES","X":584189.6216,"Y":2580307.776,"TIPO DE USO":"General","ZF":null,"TGM":222.4512,"TOTAL":222.4512,"TIPO DE USO APLICABLE":80.99,"TARIFA ANUAL":18016.322688,"IMPORTE BIMESTRAL":3002.720448,"DEBE DESDE":null,"DEBE HASTA":null,"OBSERVACIONES":null},"geometry":{"type":"MultiPolygon","coordinates":[[[[584182.340421938104555,2580317.511257773730904],[584201.991109063499607,2580306.86605110578239],[584196.923795889946632,2580297.787115002982318],[584177.615362375508994,2580309.346023266203701],[584182.340421938104555,2580317.511257773730904]]]]}},
{"type":"Feature","properties":{"fid":285,"Clave":"ZFMT-273-475-24","ID":434,"NOMBRE DEL OCUPANTE IRREGULAR":"NULL","ID-OCUPACION":"22-pes-tgm","ID - Actualizado":475,"ZONA":"PES","X":584082.9555,"Y":2580357.082,"TIPO DE USO":"General","ZF":null,"TGM":133.7952,"TOTAL":133.7952,"TIPO DE USO APLICABLE":80.99,"TARIFA ANUAL":10836.073248000001,"IMPORTE BIMESTRAL":1806.012208,"DEBE DESDE":null,"DEBE HASTA":null,"OBSERVACIONES":null},"geometry":{"type":"MultiPolygon","coordinates":[[[[584076.615241306251846,2580352.105336772743613],[584081.045085603138432,2580366.268360088113695],[584089.320182070019655,2580364.126891802530736],[584084.98887512809597,2580348.951275628060102],[584076.615241306251846,2580352.105336772743613]]]]}},
{"type":"Feature","properties":{"fid":286,"Clave":"ZFMT-273-474-24","ID":435,"NOMBRE DEL OCUPANTE IRREGULAR":"NULL","ID-OCUPACION":"23-pes-tgm","ID - Actualizado":474,"ZONA":"PES","X":584075.112,"Y":2580358.928,"TIPO DE USO":"General","ZF":null,"TGM":95.5821,"TOTAL":95.5821,"TIPO DE USO APLICABLE":80.99,"TARIFA ANUAL":7741.194279,"IMPORTE BIMESTRAL":1290.1990465,"DEBE DESDE":null,"DEBE HASTA":null,"OBSERVACIONES":null},"geometry":{"type":"MultiPolygon","coordinates":[[[[584080.503964016446844,2580364.538295296952128],[584076.615241306251846,2580352.105336772743613],[584069.538053785683587,2580354.771070986520499],[584073.146103389794007,2580366.437098039314151],[584080.503964016446844,2580364.538295296952128]]]]}},
{"type":"Feature","properties":{"fid":287,"Clave":"ZFMT-174-166-23","ID":null,"NOMBRE DEL OCUPANTE IRREGULAR":"EDWARD LLOYD Y COP.  JONES","ID-OCUPACION":"94-slv-tgm","ID - Actualizado":166,"ZONA":"SLV","X":602714.7862,"Y":2661399.327,"TIPO DE USO":"General","ZF":null,"TGM":379.7802,"TOTAL":379.7802,"TIPO DE USO APLICABLE":80.99,"TARIFA ANUAL":30758.398398000001,"IMPORTE BIMESTRAL":5126.399733,"DEBE DESDE":null,"DEBE HASTA":null,"OBSERVACIONES":null},"geometry":{"type":"MultiPolygon","coordinates":[[[[602718.055684000137262,2661414.992685],[602724.986919156159274,2661389.993558805901557],[602712.80404486565385,2661384.065123447217047],[602703.493431056966074,2661407.970709485001862],[602718.055684000137262,2661414.992685]]]]}},
{"type":"Feature","properties":{"fid":288,"Clave":"ZFMT-174-167-23","ID":null,"NOMBRE DEL OCUPANTE IRREGULAR":"RONALD ALFREDO Y COP MALFARA","ID-OCUPACION":"95-slv-tgm","ID - Actualizado":167,"ZONA":"SLV","X":602721.1571,"Y":2661378.035,"TIPO DE USO":"General","ZF":null,"TGM":233.5908,"TOTAL":233.5908,"TIPO DE USO APLICABLE":80.99,"TARIFA ANUAL":18918.518892,"IMPORTE BIMESTRAL":3153.086482,"DEBE DESDE":null,"DEBE HASTA":null,"OBSERVACIONES":null},"geometry":{"type":"MultiPolygon","coordinates":[[[[602724.986919156159274,2661389.993558805901557],[602730.068243688554503,2661371.666569408029318],[602719.491828443831764,2661366.89381884643808],[602712.80404486565385,2661384.065123447217047],[602724.986919156159274,2661389.993558805901557]]]]}},
{"type":"Feature","properties":{"fid":289,"Clave":"ZFMT-189-226-23","ID":168,"NOMBRE DEL OCUPANTE IRREGULAR":"FRIJOLES Y SOL S DE R L DE C V","ID-OCUPACION":"68-slv-zf","ID - Actualizado":226,"ZONA":"SLV","X":603834.4831,"Y":2659073.053,"TIPO DE USO":"Protección","ZF":2356.7256,"TGM":null,"TOTAL":2356.7256,"TIPO DE USO APLICABLE":28.19,"TARIFA ANUAL":66436.094664000004,"IMPORTE BIMESTRAL":11072.682444,"DEBE DESDE":null,"DEBE HASTA":null,"OBSERVACIONES":null},"geometry":{"type":"MultiPolygon","coordinates":[[[[603919.537668999982998,2659053.502700999844819],[603938.874778196564876,2659046.597713187336922],[603932.191475297440775,2659027.747368320822716],[603913.10535800002981,2659034.562731000129133],[603903.872366028954275,2659037.538805135525763],[603910.664342955569737,2659056.362843861337751],[603919.537668999982998,2659053.502700999844819]]],[[[603802.931150372256525,2659100.604464470874518],[603828.478232000023127,2659086.596756],[603873.325477000093088,2659068.398296],[603881.457440461032093,2659065.777116847224534],[603875.340816717012785,2659046.735391271300614],[603866.488239999860525,2659049.588846],[603843.184829500154592,2659059.045083000790328],[603819.881418999982998,2659068.501320001203567],[603793.535436720470898,2659082.947073529474437],[603802.931150372256525,2659100.604464470874518]]]]}},
{"type":"Feature","properties":{"fid":290,"Clave":"ZFMT-174-70-23","ID":14,"NOMBRE DEL OCUPANTE IRREGULAR":"NULL","ID-OCUPACION":"88-slv-zf y 10-slv-tgm","ID - Actualizado":70,"ZONA":"SLV","X":602224.9402,"Y":2666042.467,"TIPO DE USO":"Protección y General","ZF":308.5721,"TGM":885.693,"TOTAL":1194.2651,"TIPO DE USO APLICABLE":null,"TARIFA ANUAL":0.0,"IMPORTE BIMESTRAL":0.0,"DEBE DESDE":null,"DEBE HASTA":null,"OBSERVACIONES":null},"geometry":{"type":"MultiPolygon","coordinates":[[[[602232.48805850057397,2666050.369675422087312],[602232.488058500690386,2666050.369675422087312],[602254.241453204187565,2666050.562610186170787],[602254.573501000064425,2666049.805300001055002],[602259.560448206495494,2666036.310174477752298],[602238.387589434394613,2666035.90688192890957],[602176.098281446960755,2666033.926753767766058],[602177.876151905627921,2666049.595243812538683],[602232.48805850057397,2666050.369675422087312]]]]}},
{"type":"Feature","properties":{"fid":291,"Clave":"ZFMT-174-110-23","ID":54,"NOMBRE DEL OCUPANTE IRREGULAR":"MURILLO SEPULVEDA OLIVER","ID-OCUPACION":"166-slv-zf-2024 y 166-slv-tgm-2024","ID - Actualizado":110,"ZONA":"SLV","X":602372.3654,"Y":2664493.875,"TIPO DE USO":"General","ZF":726.9037,"TGM":695.2529,"TOTAL":1422.1566,"TIPO DE USO APLICABLE":80.99,"TARIFA ANUAL":115180.463034,"IMPORTE BIMESTRAL":19196.743839,"DEBE DESDE":null,"DEBE HASTA":null,"OBSERVACIONES":"Actualización ZF 2024"},"geometry":{"type":"MultiPolygon","coordinates":[[[[602403.532885716063902,2664509.026116079185158],[602403.047869954258204,2664506.451252664905041],[602396.80119935888797,2664473.288776631932706],[602376.528286352870055,2664473.707166956737638],[602359.654377459664829,2664474.055408978834748],[602361.283783235936426,2664510.027357896789908],[602365.116222041775472,2664509.668389572296292],[602383.245053056743927,2664509.365300586912781],[602403.532885716063902,2664509.026116079185158]]]]}},
{"type":"Feature","properties":{"fid":292,"Clave":"ZFMT-174-113-24","ID":57,"NOMBRE DEL OCUPANTE IRREGULAR":"JOSE AGUSTIN Y COP VALERO KUHNERT","ID-OCUPACION":"167-slv-zf-2024 y 51-slv-tgm-2024","ID - Actualizado":113,"ZONA":"SLV","X":602365.7237,"Y":2664339.592,"TIPO DE USO":"General","ZF":1018.4072,"TGM":1015.1469,"TOTAL":2033.5541,"TIPO DE USO APLICABLE":80.99,"TARIFA ANUAL":164697.54655900001,"IMPORTE BIMESTRAL":27449.591093166699,"DEBE DESDE":null,"DEBE HASTA":null,"OBSERVACIONES":"Actualización ZF 2024"},"geometry":{"type":"MultiPolygon","coordinates":[[[[602390.424942237907089,2664362.732143290806562],[602390.597028840798885,2664353.618260125163943],[602393.316440413356759,2664308.750838756561279],[602372.965865032747388,2664313.929418851155788],[602348.958736864151433,2664320.03847639542073],[602347.737965008011088,2664360.264087264891714],[602370.443191401078366,2664361.576847606804222],[602390.424942237907089,2664362.732143290806562]]]]}},
{"type":"Feature","properties":{"fid":293,"Clave":"ZFMT-174-117-23","ID":61,"NOMBRE DEL OCUPANTE IRREGULAR":"STEPHEN EDWARD BOWKER","ID-OCUPACION":"7-slv-zf-2024 y 55-slv-tgm-2024","ID - Actualizado":117,"ZONA":"SLV","X":602386.7539,"Y":2664212.054,"TIPO DE USO":"General","ZF":320.8178,"TGM":261.9184,"TOTAL":582.7362,"TIPO DE USO APLICABLE":80.99,"TARIFA ANUAL":47195.804837999996,"IMPORTE BIMESTRAL":7865.967473,"DEBE DESDE":null,"DEBE HASTA":null,"OBSERVACIONES":"Actualización ZF 2024"},"geometry":{"type":"MultiPolygon","coordinates":[[[[602397.093701951438561,2664220.251451572403312],[602397.191235146019608,2664213.817922847811133],[602397.334274433203973,2664204.382700653281063],[602377.32896588940639,2664204.581272534094751],[602377.310223719920032,2664205.817552001215518],[602360.607599825365469,2664204.765587257221341],[602360.607599825365469,2664217.364334966987371],[602359.905288233421743,2664221.221217462327331],[602377.08349310036283,2664220.773259739391506],[602397.093701951438561,2664220.251451572403312]]]]}},
{"type":"Feature","properties":{"fid":294,"Clave":"ZFMT-174-118-23","ID":62,"NOMBRE DEL OCUPANTE IRREGULAR":"MARK JEROME DIX Y COP","ID-OCUPACION":"8-slv-zf-2024 y 56-slv-tgm-2024","ID - Actualizado":118,"ZONA":"SLV","X":602386.3552,"Y":2664195.555,"TIPO DE USO":"General","ZF":336.2197,"TGM":316.6935,"TOTAL":652.9132,"TIPO DE USO APLICABLE":80.99,"TARIFA ANUAL":52879.440068000004,"IMPORTE BIMESTRAL":8813.2400113333297,"DEBE DESDE":null,"DEBE HASTA":null,"OBSERVACIONES":"Actualización ZF 2024"},"geometry":{"type":"MultiPolygon","coordinates":[[[[602397.334274433203973,2664204.382700653281063],[602397.577856422751211,2664188.315435237251222],[602377.594763452652842,2664187.048613392747939],[602360.607599825365469,2664185.971717539709061],[602360.607599825365469,2664204.765587257221341],[602377.310223719920032,2664205.817552001215518],[602377.32896588940639,2664204.581272534094751],[602397.334274433203973,2664204.382700653281063]]]]}},
{"type":"Feature","properties":{"fid":295,"Clave":"ZFMT-174-119-23","ID":63,"NOMBRE DEL OCUPANTE IRREGULAR":"JOHN CHRISTIAN  K NIBBE","ID-OCUPACION":"9-slv-zf-2024 y 57-slv-tgm-2024","ID - Actualizado":119,"ZONA":"SLV","X":602386.8093,"Y":2664178.026,"TIPO DE USO":"General","ZF":368.0276,"TGM":784.0474,"TOTAL":1152.075,"TIPO DE USO APLICABLE":80.99,"TARIFA ANUAL":93306.55425,"IMPORTE BIMESTRAL":15551.092375,"DEBE DESDE":null,"DEBE HASTA":null,"OBSERVACIONES":"Actualización ZF 2024"},"geometry":{"type":"MultiPolygon","coordinates":[[[[602360.607599825365469,2664185.971717539709061],[602377.594763452652842,2664187.048613392747939],[602397.577856422751211,2664188.315435237251222],[602397.818018263205886,2664172.473771234974265],[602398.055446407524869,2664169.573157521430403],[602378.033047336968593,2664169.029624639078975],[602380.117936546099372,2664143.558936447836459],[602360.607599825365469,2664142.162449690978974],[602360.607599825365469,2664185.971717539709061]]]]}},
{"type":"Feature","properties":{"fid":296,"Clave":"ZFMT-174-71-23","ID":15,"NOMBRE DEL OCUPANTE IRREGULAR":"JOSE IGARTUA SANCHEZ","ID-OCUPACION":"3-slv-zf y 11-slv-tgm","ID - Actualizado":71,"ZONA":"SLV","X":602250.3884000001,"Y":2666032.406,"TIPO DE USO":"Protección y General","ZF":573.2481,"TGM":1707.7801,"TOTAL":2281.0282,"TIPO DE USO APLICABLE":null,"TARIFA ANUAL":0.0,"IMPORTE BIMESTRAL":0.0,"DEBE DESDE":null,"DEBE HASTA":null,"OBSERVACIONES":null},"geometry":{"type":"MultiPolygon","coordinates":[[[[602206.50193478318397,2666008.624276358634233],[602202.167885301169008,2666008.583827422466129],[602202.135870929574594,2666009.881422756705433],[602182.387386872433126,2666009.585462450515479],[602174.931855242000893,2666023.646962407045066],[602176.098281446960755,2666033.926753767766058],[602202.745901992660947,2666034.773860688321292],[602238.387589434394613,2666035.90688192890957],[602259.560448206495494,2666036.310174477752298],[602265.798547332407907,2666019.429319868795574],[602269.523300013737753,2666009.349805709905922],[602248.284290782641619,2666009.125521418638527],[602206.50193478318397,2666008.624276358634233]]]]}},
{"type":"Feature","properties":{"fid":297,"Clave":"ZFMT-174-122-23","ID":66,"NOMBRE DEL OCUPANTE IRREGULAR":"ROBERT PERRY KUNDIG","ID-OCUPACION":"89-slv-zf-2024 y 60-slv-tgm-2024","ID - Actualizado":122,"ZONA":"SLV","X":602373.1057,"Y":2664026.083,"TIPO DE USO":"General","ZF":369.1319,"TGM":471.2667,"TOTAL":840.3986,"TIPO DE USO APLICABLE":80.99,"TARIFA ANUAL":68063.882614000002,"IMPORTE BIMESTRAL":11343.980435666699,"DEBE DESDE":null,"DEBE HASTA":null,"OBSERVACIONES":"Actualización ZF 2024"},"geometry":{"type":"MultiPolygon","coordinates":[[[[602385.90175147773698,2664035.556642434094101],[602405.920585316373035,2664036.155950834508985],[602407.455110275419429,2664017.626293553505093],[602387.412098122178577,2664017.318942530546337],[602360.607599825365469,2664016.907907008193433],[602360.607599825365469,2664034.799405639059842],[602385.90175147773698,2664035.556642434094101]]]]}},
{"type":"Feature","properties":{"fid":298,"Clave":"ZFMT-174-123-23","ID":67,"NOMBRE DEL OCUPANTE IRREGULAR":"CHRISTOPHER ANTHONY MILWARD","ID-OCUPACION":"168-slv-zf-2024 y 61-slv-tgm-2024","ID - Actualizado":123,"ZONA":"SLV","X":602375.8806,"Y":2664004.494,"TIPO DE USO":"General","ZF":532.386,"TGM":688.2282,"TOTAL":1220.6142,"TIPO DE USO APLICABLE":80.99,"TARIFA ANUAL":98857.544058,"IMPORTE BIMESTRAL":16476.257343000001,"DEBE DESDE":null,"DEBE HASTA":null,"OBSERVACIONES":"Actualización ZF 2024"},"geometry":{"type":"MultiPolygon","coordinates":[[[[602407.455110275419429,2664017.626293553505093],[602409.451518004760146,2663993.519321034196764],[602409.712923230952583,2663990.362807207275182],[602389.545797091210261,2663991.554154451005161],[602360.607599825365469,2663993.263641529716551],[602360.607599825365469,2664016.907907008193433],[602387.412098122178577,2664017.318942530546337],[602407.455110275419429,2664017.626293553505093]]]]}},
{"type":"Feature","properties":{"fid":299,"Clave":"ZFMT-174-124-23","ID":68,"NOMBRE DEL OCUPANTE IRREGULAR":"SCOTT ROBERT SIBBALD Y COP","ID-OCUPACION":"169-slv-zf-2024 y 62-slv-tgm-2024","ID - Actualizado":124,"ZONA":"SLV","X":602376.5954,"Y":2663984.606,"TIPO DE USO":"General","ZF":153.3302,"TGM":447.042,"TOTAL":600.3722,"TIPO DE USO APLICABLE":80.99,"TARIFA ANUAL":48624.144478000002,"IMPORTE BIMESTRAL":8104.0240796666703,"DEBE DESDE":null,"DEBE HASTA":null,"OBSERVACIONES":"Actualización ZF 2024"},"geometry":{"type":"MultiPolygon","coordinates":[[[[602389.545797091210261,2663991.554154451005161],[602409.712923230952583,2663990.362807207275182],[602410.015122237033211,2663986.713701351545751],[602390.508379515609704,2663979.930809657555073],[602370.479493749211542,2663972.966358193196356],[602360.607599825365469,2663984.794862023089081],[602360.607599825365469,2663993.263641529716551],[602389.545797091210261,2663991.554154451005161]]]]}},
{"type":"Feature","properties":{"fid":300,"Clave":"ZFMT-174-125-23","ID":69,"NOMBRE DEL OCUPANTE IRREGULAR":"KARISSA LORING TUTHILL AKIN Y COP","ID-OCUPACION":"11-slv-zf-2024 y 63-slv-tgm-2024","ID - Actualizado":125,"ZONA":"SLV","X":602403.9762,"Y":2663957.944,"TIPO DE USO":"General","ZF":801.9175,"TGM":259.8612,"TOTAL":1061.7787,"TIPO DE USO APLICABLE":80.99,"TARIFA ANUAL":85993.456913000002,"IMPORTE BIMESTRAL":14332.2428188333,"DEBE DESDE":null,"DEBE HASTA":null,"OBSERVACIONES":"Actualización ZF 2024"},"geometry":{"type":"MultiPolygon","coordinates":[[[[602386.644775829743594,2663953.597116336226463],[602380.179532105103135,2663961.343771714251488],[602391.670923398225568,2663965.892896597739309],[602411.102347873034887,2663973.585261633619666],[602413.197927493951283,2663948.280771180056036],[602414.671075094724074,2663930.394117943011224],[602394.70106470247265,2663929.207780692260712],[602387.488259773585014,2663928.779297231230885],[602386.644775829743594,2663953.597116336226463]]]]}},
{"type":"Feature","properties":{"fid":301,"Clave":"ZFMT-174-126-23","ID":70,"NOMBRE DEL OCUPANTE IRREGULAR":"ROXANA POOL","ID-OCUPACION":"12-slv-zf-2024 y 64-slv-tgm-2024","ID - Actualizado":126,"ZONA":"SLV","X":602406.2681,"Y":2663921.215,"TIPO DE USO":"General","ZF":321.2261,"TGM":114.4672,"TOTAL":435.6933,"TIPO DE USO APLICABLE":80.99,"TARIFA ANUAL":35286.800367000003,"IMPORTE BIMESTRAL":5881.1333944999997,"DEBE DESDE":null,"DEBE HASTA":null,"OBSERVACIONES":"Actualización ZF 2024"},"geometry":{"type":"MultiPolygon","coordinates":[[[[602387.488259773585014,2663928.779297231230885],[602394.70106470247265,2663929.207780692260712],[602414.671075094724074,2663930.394117943011224],[602416.045894160284661,2663913.701349425595254],[602395.961515354691073,2663913.903649776242673],[602387.991110289352946,2663913.983931857626885],[602387.488259773585014,2663928.779297231230885]]]]}},
{"type":"Feature","properties":{"fid":302,"Clave":"ZFMT-174-127-23","ID":71,"NOMBRE DEL OCUPANTE IRREGULAR":"GARY GEORGE LAIDLAW Y COP","ID-OCUPACION":"13-slv-zf-2024 y 65-slv-tgm-2024","ID - Actualizado":127,"ZONA":"SLV","X":602407.5784,"Y":2663903.554,"TIPO DE USO":"General","ZF":391.6905,"TGM":166.4482,"TOTAL":558.1387,"TIPO DE USO APLICABLE":80.99,"TARIFA ANUAL":45203.653313000003,"IMPORTE BIMESTRAL":7533.9422188333301,"DEBE DESDE":null,"DEBE HASTA":null,"OBSERVACIONES":"Actualización ZF 2024"},"geometry":{"type":"MultiPolygon","coordinates":[[[[602416.045894160284661,2663913.701349425595254],[602416.843975015450269,2663904.011216879822314],[602417.641039943671785,2663894.333419505972415],[602397.579714325256646,2663894.255812830291688],[602388.662782826926559,2663894.221317931078374],[602387.991110289352946,2663913.983931857626885],[602395.961515354691073,2663913.903649776242673],[602416.045894160284661,2663913.701349425595254]]]]}},
{"type":"Feature","properties":{"fid":303,"Clave":"ZFMT-174-128-23","ID":72,"NOMBRE DEL OCUPANTE IRREGULAR":"MANUEL SALVADOR Y COP COSIO LUCERO","ID-OCUPACION":"14-slv-zf-2024 y 66-slv-tgm-2024","ID - Actualizado":128,"ZONA":"SLV","X":602409.9565,"Y":2663857.165,"TIPO DE USO":"General","ZF":499.3256,"TGM":275.0967,"TOTAL":774.4223,"TIPO DE USO APLICABLE":80.99,"TARIFA ANUAL":62720.462076999996,"IMPORTE BIMESTRAL":10453.4103461667,"DEBE DESDE":null,"DEBE HASTA":null,"OBSERVACIONES":"Actualización ZF 2024"},"geometry":{"type":"MultiPolygon","coordinates":[[[[602419.724557652254589,2663869.035778757650405],[602420.490022536250763,2663859.741662580985576],[602422.515616759774275,2663844.515597613994032],[602402.366975882439874,2663844.308395279105753],[602390.363370193401352,2663844.184953944757581],[602389.501619838410988,2663869.540225469507277],[602399.629216041765176,2663869.371187216602266],[602419.724557652254589,2663869.035778757650405]]]]}},
{"type":"Feature","properties":{"fid":304,"Clave":"ZFMT-174-130-23","ID":74,"NOMBRE DEL OCUPANTE IRREGULAR":"CALDERON LUCERO HERMINIA","ID-OCUPACION":"15-slv-zf-2024 y 68-slv-tgm-2024","ID - Actualizado":130,"ZONA":"SLV","X":602412.7828,"Y":2663804.789,"TIPO DE USO":"General","ZF":800.5505,"TGM":618.5157,"TOTAL":1419.0662,"TIPO DE USO APLICABLE":80.99,"TARIFA ANUAL":114930.171538,"IMPORTE BIMESTRAL":19155.028589666701,"DEBE DESDE":null,"DEBE HASTA":null,"OBSERVACIONES":"Actualización ZF 2024"},"geometry":{"type":"MultiPolygon","coordinates":[[[[602391.588881128234789,2663808.126758750062436],[602391.07221176114399,2663823.328716041054577],[602405.116455857409164,2663823.640997910872102],[602425.233154574176297,2663824.088304312899709],[602426.507381217554212,2663814.51014821883291],[602431.061146626947448,2663784.39694020524621],[602410.868742848979309,2663784.165603336878121],[602395.652788696228527,2663783.991279802750796],[602395.727663808618672,2663783.092778454534709],[602394.290178147261031,2663783.177336434368044],[602391.588881128234789,2663808.126758750062436]]]]}},
{"type":"Feature","properties":{"fid":305,"Clave":"ZFMT-174-131-23","ID":75,"NOMBRE DEL OCUPANTE IRREGULAR":"MARJORIE MORAIMA ROMERO USUNA","ID-OCUPACION":"16-slv-zf-2024 y 69-slv-tgm-2024","ID - Actualizado":131,"ZONA":"SLV","X":602416.9934,"Y":2663769.32,"TIPO DE USO":"General","ZF":546.9472,"TGM":594.6863,"TOTAL":1141.6335,"TIPO DE USO APLICABLE":80.99,"TARIFA ANUAL":92460.897165000002,"IMPORTE BIMESTRAL":15410.1495275,"DEBE DESDE":null,"DEBE HASTA":null,"OBSERVACIONES":"Actualización ZF 2024"},"geometry":{"type":"MultiPolygon","coordinates":[[[[602394.290178147261031,2663783.177336434368044],[602395.727663808618672,2663783.092778454534709],[602395.652788696228527,2663783.991279802750796],[602410.868742848979309,2663784.165603336878121],[602431.061146626947448,2663784.39694020524621],[602431.615640608593822,2663780.730174109805375],[602434.91747427766677,2663758.895759036298841],[602415.186032193130814,2663755.61616778653115],[602398.523216122877784,2663744.080616827122867],[602394.290178147261031,2663783.177336434368044]]]]}},
{"type":"Feature","properties":{"fid":306,"Clave":"ZFMT-174-133-23","ID":77,"NOMBRE DEL OCUPANTE IRREGULAR":"RAMON GERALDO HIRALES","ID-OCUPACION":"170-slv-zf-2024 y 70-slv-tgm-2024","ID - Actualizado":133,"ZONA":"SLV","X":602440.6832,"Y":2663568.211,"TIPO DE USO":"Protección y General","ZF":854.1648,"TGM":834.142,"TOTAL":1688.3068,"TIPO DE USO APLICABLE":null,"TARIFA ANUAL":0.0,"IMPORTE BIMESTRAL":0.0,"DEBE DESDE":null,"DEBE HASTA":null,"OBSERVACIONES":"Actualización ZF 2024"},"geometry":{"type":"MultiPolygon","coordinates":[[[[602448.846058541443199,2663592.804448698181659],[602468.55921453027986,2663596.314405923243612],[602472.464012159500271,2663579.201867185067385],[602479.872364272829145,2663554.703012641984969],[602459.78092877950985,2663552.047563495114446],[602438.929369799909182,2663549.291650183964521],[602429.36402963520959,2663588.85993783082813],[602429.048863333649933,2663589.27952816337347],[602448.846058541443199,2663592.804448698181659]]]]}},
{"type":"Feature","properties":{"fid":307,"Clave":"ZFMT-174-136-23","ID":80,"NOMBRE DEL OCUPANTE IRREGULAR":"RICARDO RODRIGUEZ ESTRELLA","ID-OCUPACION":"17-slv-zf y 73-slv-tgm","ID - Actualizado":136,"ZONA":"SLV","X":602458.5825,"Y":2663240.579,"TIPO DE USO":"General","ZF":376.9167,"TGM":49.1983,"TOTAL":426.115,"TIPO DE USO APLICABLE":80.99,"TARIFA ANUAL":34511.05385,"IMPORTE BIMESTRAL":5751.84230833333,"DEBE DESDE":null,"DEBE HASTA":null,"OBSERVACIONES":null},"geometry":{"type":"MultiPolygon","coordinates":[[[[602449.985084754414856,2663229.586159741971642],[602447.788520166068338,2663229.043927269056439],[602445.136395823792554,2663249.56698106136173],[602448.302225128980353,2663249.805997853167355],[602468.30942318146117,2663249.22293030936271],[602468.103999999933876,2663246.239],[602469.837339400895871,2663232.012691303621978],[602449.985084756859578,2663229.586159742437303],[602449.985084754414856,2663229.586159741971642]]]]}},
{"type":"Feature","properties":{"fid":308,"Clave":"ZFMT-174-137-23","ID":81,"NOMBRE DEL OCUPANTE IRREGULAR":"VALENZUELA ARROYO JAIME","ID-OCUPACION":"18-slv-zf y 74-slv-tgm","ID - Actualizado":137,"ZONA":"SLV","X":602465.52,"Y":2663206.67,"TIPO DE USO":"General","ZF":258.8559,"TGM":59.0573,"TOTAL":317.9132,"TIPO DE USO APLICABLE":80.99,"TARIFA ANUAL":25747.790067999998,"IMPORTE BIMESTRAL":4291.2983446666703,"DEBE DESDE":null,"DEBE HASTA":null,"OBSERVACIONES":null},"geometry":{"type":"MultiPolygon","coordinates":[[[[602451.789174029952846,2663198.085486466065049],[602450.189096237765625,2663210.467440840788186],[602454.02127900114283,2663211.230120457708836],[602473.566895179799758,2663215.545012358110398],[602476.947360685677268,2663202.710822670254856],[602457.230519540724345,2663199.046013261657208],[602451.789174029952846,2663198.085486466065049]]]]}},
{"type":"Feature","properties":{"fid":309,"Clave":"ZFMT-174-138-23","ID":82,"NOMBRE DEL OCUPANTE IRREGULAR":"GUILLERMO FRANCISCO Y COP BERAZA FIGUEROA","ID-OCUPACION":"19-slv-zf y 75-slv-tgm","ID - Actualizado":138,"ZONA":"SLV","X":602529.2693,"Y":2663046.08,"TIPO DE USO":"General","ZF":749.1953,"TGM":182.624,"TOTAL":931.8193,"TIPO DE USO APLICABLE":80.99,"TARIFA ANUAL":75468.045106999998,"IMPORTE BIMESTRAL":12578.007517833301,"DEBE DESDE":null,"DEBE HASTA":null,"OBSERVACIONES":null},"geometry":{"type":"MultiPolygon","coordinates":[[[[602512.378863000078127,2663060.078972000163049],[602512.378863000194542,2663060.078972000163049],[602531.105452727293596,2663067.259708269964904],[602540.271631000097841,2663046.794778999872506],[602547.840599232469685,2663034.207457053940743],[602529.214920343598351,2663026.371838062535971],[602526.612802518764511,2663025.462197864893824],[602513.09745822136756,2663043.680497533176094],[602506.869054581155069,2663058.172351359389722],[602512.378863000078127,2663060.078972000163049]]]]}},
{"type":"Feature","properties":{"fid":310,"Clave":"ZFMT-174-139-23","ID":83,"NOMBRE DEL OCUPANTE IRREGULAR":"AGUILAR LUCERO GUILLERMO","ID-OCUPACION":"20-slv-zf y 76-slv-tgm","ID - Actualizado":139,"ZONA":"SLV","X":602542.0538,"Y":2663023.552,"TIPO DE USO":"General","ZF":257.2768,"TGM":36.7336,"TOTAL":294.0104,"TIPO DE USO APLICABLE":80.99,"TARIFA ANUAL":23811.902296,"IMPORTE BIMESTRAL":3968.6503826666699,"DEBE DESDE":null,"DEBE HASTA":null,"OBSERVACIONES":null},"geometry":{"type":"MultiPolygon","coordinates":[[[[602543.23582687007729,2663003.054833882022649],[602534.156210750341415,2663015.293898141477257],[602526.612802518764511,2663025.462197864893824],[602529.214920343598351,2663026.371838062535971],[602547.840599232469685,2663034.207457053940743],[602554.733700541779399,2663022.744113168679178],[602535.57278100005351,2663015.798608500044793],[602543.23582687007729,2663003.054833882022649]]]]}},
{"type":"Feature","properties":{"fid":311,"Clave":"ZFMT-174-142-23","ID":86,"NOMBRE DEL OCUPANTE IRREGULAR":"FLORES GONZALEZ ARTURO JAIME","ID-OCUPACION":"21-slv-zf y 79-slv-tgm","ID - Actualizado":142,"ZONA":"SLV","X":602674.793,"Y":2662697.536,"TIPO DE USO":"General","ZF":358.8983,"TGM":103.5484,"TOTAL":462.4467,"TIPO DE USO APLICABLE":80.99,"TARIFA ANUAL":37453.558233000003,"IMPORTE BIMESTRAL":6242.2597054999997,"DEBE DESDE":null,"DEBE HASTA":null,"OBSERVACIONES":null},"geometry":{"type":"MultiPolygon","coordinates":[[[[602668.537315997644328,2662683.948406773153692],[602663.328646463574842,2662683.617427345365286],[602660.166090047452599,2662694.98553258785978],[602658.852896234369837,2662701.541626976802945],[602664.836863293196075,2662701.846366040408611],[602664.262734961579554,2662704.719176908023655],[602683.991303956136107,2662708.056303238030523],[602687.38736599998083,2662691.063140000216663],[602667.896336999954656,2662686.537438],[602668.537315997644328,2662683.948406773153692]]]]}},
{"type":"Feature","properties":{"fid":312,"Clave":"ZFMT-174-143-23","ID":87,"NOMBRE DEL OCUPANTE IRREGULAR":"PLAYITA DEL VIENTO S.A. DE C.V.","ID-OCUPACION":"22-slv-zf y 80-slv-tgm","ID - Actualizado":143,"ZONA":"SLV","X":602681.2876,"Y":2662670.987,"TIPO DE USO":"General","ZF":360.3993,"TGM":146.9054,"TOTAL":507.3047,"TIPO DE USO APLICABLE":80.99,"TARIFA ANUAL":41086.607653,"IMPORTE BIMESTRAL":6847.7679421666699,"DEBE DESDE":null,"DEBE HASTA":null,"OBSERVACIONES":null},"geometry":{"type":"MultiPolygon","coordinates":[[[[602669.903687779442407,2662678.962732742540538],[602689.644723697449081,2662682.545039033517241],[602694.02430505969096,2662666.018763111438602],[602674.751283216755837,2662660.670414488296956],[602676.124535482609645,2662655.488470298238099],[602671.267458443646319,2662655.08062413521111],[602663.328646463574842,2662683.617427345365286],[602668.537315997644328,2662683.948406773153692],[602669.903687779442407,2662678.962732742540538]]]]}},
{"type":"Feature","properties":{"fid":313,"Clave":"ZFMT-174-145-23","ID":89,"NOMBRE DEL OCUPANTE IRREGULAR":"MICHAEL MATHEWS CHMEL Y COP","ID-OCUPACION":"24-slv-zf y 81-slv-tgm","ID - Actualizado":145,"ZONA":"SLV","X":602721.0455,"Y":2662517.876,"TIPO DE USO":"General","ZF":622.5176,"TGM":49.9585,"TOTAL":672.4761,"TIPO DE USO APLICABLE":80.99,"TARIFA ANUAL":54463.839338999998,"IMPORTE BIMESTRAL":9077.3065564999997,"DEBE DESDE":null,"DEBE HASTA":null,"OBSERVACIONES":null},"geometry":{"type":"MultiPolygon","coordinates":[[[[602725.993984810309485,2662535.155706380028278],[602736.002569902339019,2662505.694286019075662],[602716.551363677717745,2662500.774401674512774],[602717.096893195528537,2662499.168572805821896],[602714.727754965657368,2662498.858517802320421],[602703.538622924475931,2662539.078900896944106],[602706.559531305683777,2662530.271527092438191],[602725.993984810309485,2662535.155706380028278]]]]}},
{"type":"Feature","properties":{"fid":314,"Clave":"ZFMT-174-146-23","ID":90,"NOMBRE DEL OCUPANTE IRREGULAR":"25. STEVEN RAY ANDERSON Y COP","ID-OCUPACION":"25-slv-zf y 82-slv-tgm","ID - Actualizado":146,"ZONA":"SLV","X":602730.0182,"Y":2662488.522,"TIPO DE USO":"General","ZF":570.7112,"TGM":85.4867,"TOTAL":656.1979,"TIPO DE USO APLICABLE":80.99,"TARIFA ANUAL":53145.467921000003,"IMPORTE BIMESTRAL":8857.5779868333302,"DEBE DESDE":null,"DEBE HASTA":null,"OBSERVACIONES":null},"geometry":{"type":"MultiPolygon","coordinates":[[[[602725.873150593484752,2662473.698531933128834],[602721.966682580648921,2662472.837514493614435],[602714.727754965657368,2662498.858517802320421],[602717.10390062246006,2662499.169489885214716],[602716.551363677717745,2662500.774401674512774],[602736.002569902339019,2662505.694286019075662],[602736.642318000085652,2662503.811114000156522],[602745.33615017333068,2662478.607846017926931],[602725.800205854233354,2662473.909997425507754],[602725.873150593484752,2662473.698531933128834]]]]}},
{"type":"Feature","properties":{"fid":315,"Clave":"ZFMT-174-151-23","ID":95,"NOMBRE DEL OCUPANTE IRREGULAR":"MIGUEL ANGEL HERNANDEZ VICENT","ID-OCUPACION":"27-slv-zf y 86-slv-tgm","ID - Actualizado":151,"ZONA":"SLV","X":602772.0586,"Y":2662302.726,"TIPO DE USO":"General","ZF":680.2951,"TGM":131.9418,"TOTAL":812.2369,"TIPO DE USO APLICABLE":80.99,"TARIFA ANUAL":65783.066531000004,"IMPORTE BIMESTRAL":10963.844421833301,"DEBE DESDE":null,"DEBE HASTA":null,"OBSERVACIONES":null},"geometry":{"type":"MultiPolygon","coordinates":[[[[602758.40030878467951,2662276.980602887459099],[602756.553247899515554,2662284.357736237812787],[602758.254782586474903,2662289.879410419147462],[602761.751192260999233,2662301.225658704061061],[602761.531617,2662302.34746399987489],[602763.243417369201779,2662311.510225190315396],[602783.403332724003121,2662310.514012382365763],[602781.893999999971129,2662302.435],[602783.376320427167229,2662294.861856094095856],[602786.679565,2662277.985649],[602766.460773007944226,2662277.266963113564998],[602758.40030878467951,2662276.980602887459099]]]]}},
{"type":"Feature","properties":{"fid":316,"Clave":"ZFMT-174-152-23","ID":96,"NOMBRE DEL OCUPANTE IRREGULAR":"JOYCE ANN LOUDER MORGAN Y RAUL VILLAFAN MACIAS","ID-OCUPACION":"30-slv-zf y 87-slv-tgm","ID - Actualizado":152,"ZONA":"SLV","X":602777.0666,"Y":2662262.54,"TIPO DE USO":"Protección y General","ZF":1168.5187,"TGM":110.5215,"TOTAL":1279.0402,"TIPO DE USO APLICABLE":null,"TARIFA ANUAL":0.0,"IMPORTE BIMESTRAL":0.0,"DEBE DESDE":null,"DEBE HASTA":null,"OBSERVACIONES":null},"geometry":{"type":"MultiPolygon","coordinates":[[[[602786.947276252671145,2662271.123751363251358],[602787.560963859432377,2662255.393888242542744],[602788.576067000045441,2662229.375058],[602787.501999999862164,2662213.205999999772757],[602767.36054476571735,2662211.740068273153156],[602768.55017299996689,2662229.648784],[602768.22899777861312,2662237.881054425612092],[602760.255447177332826,2662269.571208094246686],[602766.957438534940593,2662270.473290772177279],[602786.947276252671145,2662271.123751363251358]]]]}},
{"type":"Feature","properties":{"fid":317,"Clave":"ZFMT-174-154-23","ID":98,"NOMBRE DEL OCUPANTE IRREGULAR":"ELSA MARGARITA CALDERO MOSCALENCO","ID-OCUPACION":"32-slv-zf y 88-slv-tgm","ID - Actualizado":154,"ZONA":"SLV","X":602800.9829,"Y":2662153.61,"TIPO DE USO":"General","ZF":782.4085,"TGM":32.6854,"TOTAL":815.0939,"TIPO DE USO APLICABLE":80.99,"TARIFA ANUAL":66014.454960999996,"IMPORTE BIMESTRAL":11002.409160166701,"DEBE DESDE":null,"DEBE HASTA":null,"OBSERVACIONES":null},"geometry":{"type":"MultiPolygon","coordinates":[[[[602805.415798561647534,2662172.933650714345276],[602810.444999999948777,2662157.9685],[602814.22011,2662137.682149999774992],[602814.500503486371599,2662132.702727085445076],[602794.435675694141537,2662133.290377531200647],[602794.452704713563435,2662132.987876656930894],[602785.47329546965193,2662168.851501906756312],[602785.673576711909845,2662168.895860213320702],[602805.415798561647534,2662172.933650714345276]]]]}},
{"type":"Feature","properties":{"fid":318,"Clave":"ZFMT-174-155-23","ID":99,"NOMBRE DEL OCUPANTE IRREGULAR":"LA VENTANA DEL TESO S. DE R.L. DE C.V.","ID-OCUPACION":"33-slv-zf y 89-slv-tgm","ID - Actualizado":155,"ZONA":"SLV","X":602804.7995,"Y":2662120.415,"TIPO DE USO":"General","ZF":544.5704,"TGM":25.0328,"TOTAL":569.6032,"TIPO DE USO APLICABLE":80.99,"TARIFA ANUAL":46132.163168,"IMPORTE BIMESTRAL":7688.6938613333296,"DEBE DESDE":null,"DEBE HASTA":null,"OBSERVACIONES":null},"geometry":{"type":"MultiPolygon","coordinates":[[[[602795.328445975435898,2662116.687735278625041],[602795.153587866341695,2662120.537496516015381],[602794.435675694141537,2662133.290377531200647],[602814.500503486371599,2662132.702727085445076],[602816.015000000130385,2662105.798],[602794.337386114755645,2662106.14935406902805],[602790.731295351288281,2662106.26563117839396],[602795.328445975435898,2662116.687735278625041]]]]}},
{"type":"Feature","properties":{"fid":319,"Clave":"ZFMT-174-156-23","ID":100,"NOMBRE DEL OCUPANTE IRREGULAR":"MEREDITH PAIGE WARSHAW","ID-OCUPACION":"34-slv-zf y 90-slv-tgm","ID - Actualizado":156,"ZONA":"SLV","X":602795.1226,"Y":2662086.424,"TIPO DE USO":"General","ZF":955.1179,"TGM":54.3182,"TOTAL":1009.4361,"TIPO DE USO APLICABLE":80.99,"TARIFA ANUAL":81754.229739000002,"IMPORTE BIMESTRAL":13625.7049565,"DEBE DESDE":null,"DEBE HASTA":null,"OBSERVACIONES":null},"geometry":{"type":"MultiPolygon","coordinates":[[[[602816.015000000130385,2662105.798],[602809.311982000013813,2662090.481472999788821],[602797.947264999966137,2662073.294683001004159],[602793.258031632984057,2662062.759771203156561],[602772.446490417351015,2662065.186676368117332],[602780.349949000054039,2662082.942721],[602790.731295351288281,2662106.26563117839396],[602794.337386114755645,2662106.14935406902805],[602816.015000000130385,2662105.798]]]]}},
{"type":"Feature","properties":{"fid":320,"Clave":"ZFMT-174-164-23","ID":108,"NOMBRE DEL OCUPANTE IRREGULAR":"JAMES ANTHONY DEMARCO","ID-OCUPACION":"42-slv-zf y 92-slv-tgm","ID - Actualizado":164,"ZONA":"SLV","X":602722.4855,"Y":2661516.401,"TIPO DE USO":"General","ZF":601.2369,"TGM":58.4311,"TOTAL":659.668,"TIPO DE USO APLICABLE":80.99,"TARIFA ANUAL":53426.51132,"IMPORTE BIMESTRAL":8904.4185533333293,"DEBE DESDE":null,"DEBE HASTA":null,"OBSERVACIONES":null},"geometry":{"type":"MultiPolygon","coordinates":[[[[602712.368259580573067,2661531.485945931170136],[602712.340062582399696,2661531.899984397925436],[602732.346849300549366,2661532.480568039231002],[602733.488194999983534,2661515.721299001015723],[602733.89860868640244,2661502.738070614635944],[602713.923239985713735,2661501.642838537227362],[602711.404714337550104,2661501.492061792407185],[602710.458077647257596,2661506.690765464212745],[602712.368259580573067,2661531.485945931170136]]]]}},
{"type":"Feature","properties":{"fid":321,"Clave":"ZFMT-174-165-23","ID":109,"NOMBRE DEL OCUPANTE IRREGULAR":"NULL","ID-OCUPACION":"43-slv-zf y 93-slv-tgm","ID - Actualizado":165,"ZONA":"SLV","X":602724.6279,"Y":2661477.338,"TIPO DE USO":"General","ZF":409.7589,"TGM":48.5387,"TOTAL":458.2976,"TIPO DE USO APLICABLE":80.99,"TARIFA ANUAL":37117.522623999997,"IMPORTE BIMESTRAL":6186.2537706666699,"DEBE DESDE":null,"DEBE HASTA":null,"OBSERVACIONES":null},"geometry":{"type":"MultiPolygon","coordinates":[[[[602734.379865091643296,2661487.532820620108396],[602735.027303999988362,2661467.0323680001311],[602715.014965149341151,2661467.106667480897158],[602714.102815946331248,2661472.530150974169374],[602711.539342737873085,2661500.752714620903134],[602711.404714337550104,2661501.492061792407185],[602713.923239985713735,2661501.642838537227362],[602714.369078966323286,2661487.538948831148446],[602734.379865091643296,2661487.532820620108396]]]]}},
{"type":"Feature","properties":{"fid":322,"Clave":"ZFMT-189-177-23","ID":119,"NOMBRE DEL OCUPANTE IRREGULAR":"JOHN ERIC PERRY","ID-OCUPACION":"49-slv-zf y 100-slv-tgm","ID - Actualizado":177,"ZONA":"SLV","X":602805.2417,"Y":2660413.226,"TIPO DE USO":"General","ZF":491.5582,"TGM":429.8741,"TOTAL":921.4323,"TIPO DE USO APLICABLE":80.99,"TARIFA ANUAL":74626.801976999996,"IMPORTE BIMESTRAL":12437.8003295,"DEBE DESDE":null,"DEBE HASTA":null,"OBSERVACIONES":null},"geometry":{"type":"MultiPolygon","coordinates":[[[[602792.322991793043911,2660402.195575227960944],[602776.532291629817337,2660401.266580829862505],[602777.897151846904308,2660426.478374617639929],[602797.011475617997348,2660426.181629998143762],[602817.107884930446744,2660424.816233551129699],[602813.403839000151493,2660405.235435000155121],[602812.421652884338982,2660400.577673676423728],[602792.322991793043911,2660402.195575227960944]]]]}},
{"type":"Feature","properties":{"fid":323,"Clave":"ZFMT-189-178-23","ID":120,"NOMBRE DEL OCUPANTE IRREGULAR":"FRANK MICHAEL CLEMENT Y COP","ID-OCUPACION":"50-slv-zf y 101-slv-tgm","ID - Actualizado":178,"ZONA":"SLV","X":602799.8298,"Y":2660388.446,"TIPO DE USO":"General","ZF":528.9849,"TGM":352.0138,"TOTAL":880.9987,"TIPO DE USO APLICABLE":80.99,"TARIFA ANUAL":71352.084713000004,"IMPORTE BIMESTRAL":11892.0141188333,"DEBE DESDE":null,"DEBE HASTA":null,"OBSERVACIONES":null},"geometry":{"type":"MultiPolygon","coordinates":[[[[602812.421652884338982,2660400.577673676423728],[602806.973970394348726,2660374.743461261037737],[602786.861837229924276,2660376.297474655322731],[602775.143023194978014,2660375.603916729800403],[602776.532291629817337,2660401.266580829862505],[602792.322991793043911,2660402.195575227960944],[602812.421652884338982,2660400.577673676423728]]]]}},
{"type":"Feature","properties":{"fid":324,"Clave":"ZFMT-189-179-23","ID":121,"NOMBRE DEL OCUPANTE IRREGULAR":"RAFAEL LEON AVILES","ID-OCUPACION":"51-slv-zf y 102-slv-tgm","ID - Actualizado":179,"ZONA":"SLV","X":602792.6556000001,"Y":2660354.606,"TIPO DE USO":"General","ZF":416.027,"TGM":187.7813,"TOTAL":603.8083,"TIPO DE USO APLICABLE":80.99,"TARIFA ANUAL":48902.434217000002,"IMPORTE BIMESTRAL":8150.40570283333,"DEBE DESDE":null,"DEBE HASTA":null,"OBSERVACIONES":null},"geometry":{"type":"MultiPolygon","coordinates":[[[[602781.436305730720051,2660343.829990562051535],[602773.403060227632523,2660343.463198594748974],[602774.554748939001001,2660364.737273356411606],[602784.509321058285423,2660365.141280518379062],[602804.97667527012527,2660365.27181034302339],[602803.352407000027597,2660357.569141999818385],[602801.812009437126108,2660345.501857150346041],[602781.436305730836466,2660343.829990562051535],[602781.436305730720051,2660343.829990562051535]]]]}},
{"type":"Feature","properties":{"fid":325,"Clave":"ZFMT-189-180-23","ID":122,"NOMBRE DEL OCUPANTE IRREGULAR":"JOAQUIN ESTEBAN LEON AVILES","ID-OCUPACION":"52-slv-zf y 103-slv-tgm","ID - Actualizado":180,"ZONA":"SLV","X":602790.0929,"Y":2660334.279,"TIPO DE USO":"General","ZF":435.5802,"TGM":145.928,"TOTAL":581.5082,"TIPO DE USO APLICABLE":80.99,"TARIFA ANUAL":47096.349117999998,"IMPORTE BIMESTRAL":7849.3915196666703,"DEBE DESDE":null,"DEBE HASTA":null,"OBSERVACIONES":null},"geometry":{"type":"MultiPolygon","coordinates":[[[[602772.467513654730283,2660323.56731592072174],[602772.406645096838474,2660325.057348317932338],[602773.403060227632523,2660343.463198594748974],[602781.436305730720051,2660343.829990562051535],[602801.812009437126108,2660345.501857150346041],[602798.891806713771075,2660322.625348476227373],[602778.844023723504506,2660323.522370710968971],[602772.467513654730283,2660323.56731592072174]]]]}},
{"type":"Feature","properties":{"fid":326,"Clave":"ZFMT-189-181-23","ID":123,"NOMBRE DEL OCUPANTE IRREGULAR":"LEON ZAZUETA SALOME RUBEN","ID-OCUPACION":"53-slv-zf y 104-slv-tgm","ID - Actualizado":181,"ZONA":"SLV","X":602787.1633,"Y":2660303.75,"TIPO DE USO":"General","ZF":233.4683,"TGM":112.8424,"TOTAL":346.3107,"TIPO DE USO APLICABLE":80.99,"TARIFA ANUAL":28047.703592999998,"IMPORTE BIMESTRAL":4674.6172655,"DEBE DESDE":null,"DEBE HASTA":null,"OBSERVACIONES":null},"geometry":{"type":"MultiPolygon","coordinates":[[[[602797.199271,2660309.366231999825686],[602797.329191534896381,2660297.252150666434318],[602777.305899344733916,2660299.311940360348672],[602773.436697795172222,2660299.842164251487702],[602772.467513654730283,2660323.56731592072174],[602778.844023723504506,2660323.522370710968971],[602777.185632000095211,2660310.530733],[602797.199271,2660309.366231999825686]]]]}},
{"type":"Feature","properties":{"fid":327,"Clave":"ZFMT-174-77-23","ID":21,"NOMBRE DEL OCUPANTE IRREGULAR":"WILLIAM JAMES STAPLES","ID-OCUPACION":"6-slv-zf  y 17-slv-tgm","ID - Actualizado":77,"ZONA":"SLV","X":602360.2974,"Y":2665578.458,"TIPO DE USO":"Protección y General","ZF":1168.9362,"TGM":4212.0753,"TOTAL":5381.0115,"TIPO DE USO APLICABLE":null,"TARIFA ANUAL":0.0,"IMPORTE BIMESTRAL":0.0,"DEBE DESDE":null,"DEBE HASTA":null,"OBSERVACIONES":"Pendiente por subdivisiones"},"geometry":{"type":"MultiPolygon","coordinates":[[[[602345.242289000074379,2665624.366382],[602347.142875269404612,2665607.337294688913971],[602367.112373996991664,2665608.429585955571383],[602370.496613000053912,2665578.400721],[602373.125002497341484,2665550.548371126875281],[602353.079399059526622,2665549.197788849473],[602354.964837,2665528.544638],[602355.732116860686801,2665509.922109235078096],[602319.472422675113194,2665509.429228477645665],[602319.57246976159513,2665563.663884799927473],[602307.714737043250352,2665629.967418934218585],[602344.116797830909491,2665632.598246336914599],[602345.242289000074379,2665624.366382]]]]}},
{"type":"Feature","properties":{"fid":328,"Clave":"ZFMT-189-182-23","ID":124,"NOMBRE DEL OCUPANTE IRREGULAR":"LEON AVILES TOMAS","ID-OCUPACION":"54-slv-zf y 105-slv-tgm","ID - Actualizado":182,"ZONA":"SLV","X":602787.8243,"Y":2660281.083,"TIPO DE USO":"General","ZF":436.8039,"TGM":71.694,"TOTAL":508.4979,"TIPO DE USO APLICABLE":80.99,"TARIFA ANUAL":41183.244920999998,"IMPORTE BIMESTRAL":6863.8741535,"DEBE DESDE":null,"DEBE HASTA":null,"OBSERVACIONES":null},"geometry":{"type":"MultiPolygon","coordinates":[[[[602797.394982070778497,2660291.117710902821273],[602797.630926084821112,2660269.117781858891249],[602777.612612003227696,2660270.718158903997391],[602774.611790857976303,2660271.076463308185339],[602773.731436120229773,2660292.627114837057889],[602777.380373789696023,2660292.372571330051869],[602797.394982070778497,2660291.117710902821273]]]]}},
{"type":"Feature","properties":{"fid":329,"Clave":"ZFMT-189-183-23","ID":125,"NOMBRE DEL OCUPANTE IRREGULAR":"BOGARIN NUNEZ JOSE DE JESUS","ID-OCUPACION":"55-slv-zf y 106-slv-tgm","ID - Actualizado":183,"ZONA":"SLV","X":602787.8435,"Y":2660259.836,"TIPO DE USO":"General","ZF":382.8514,"TGM":61.8757,"TOTAL":444.7271,"TIPO DE USO APLICABLE":80.99,"TARIFA ANUAL":36018.447828999997,"IMPORTE BIMESTRAL":6003.0746381666704,"DEBE DESDE":null,"DEBE HASTA":null,"OBSERVACIONES":null},"geometry":{"type":"MultiPolygon","coordinates":[[[[602797.630926084821112,2660269.117781858891249],[602797.721613000030629,2660260.661938999779522],[602799.39794781326782,2660251.478937642648816],[602779.267394125112332,2660250.383596161846071],[602775.130592361092567,2660250.253453196492046],[602775.308958687004633,2660254.176386380102485],[602774.611790857976303,2660271.076463308185339],[602777.612612003227696,2660270.718158903997391],[602797.630926084821112,2660269.117781858891249]]]]}},
{"type":"Feature","properties":{"fid":330,"Clave":"ZFMT-189-184-23","ID":126,"NOMBRE DEL OCUPANTE IRREGULAR":"EMILY HOLMES HERZSTEIN Y COP","ID-OCUPACION":"56-slv-zf y 107-slv-tg","ID - Actualizado":184,"ZONA":"SLV","X":602790.8366,"Y":2660241.089,"TIPO DE USO":"General","ZF":372.171,"TGM":112.7398,"TOTAL":484.9108,"TIPO DE USO APLICABLE":80.99,"TARIFA ANUAL":39272.925691999997,"IMPORTE BIMESTRAL":6545.4876153333298,"DEBE DESDE":null,"DEBE HASTA":null,"OBSERVACIONES":null},"geometry":{"type":"MultiPolygon","coordinates":[[[[602774.304863741272129,2660232.092636196408421],[602775.130592361092567,2660250.253453196492046],[602779.267394125112332,2660250.383596161846071],[602799.39794781326782,2660251.478937642648816],[602802.771907582762651,2660232.996306864079088],[602782.573279163683765,2660232.27388121560216],[602774.304863741272129,2660232.092636196408421]]]]}},
{"type":"Feature","properties":{"fid":331,"Clave":"ZFMT-189-188-23","ID":130,"NOMBRE DEL OCUPANTE IRREGULAR":"JOSE EDGAR LOPEZ AVILA","ID-OCUPACION":"57-slv-zf y 111-slv-tgm","ID - Actualizado":188,"ZONA":"SLV","X":602837.059,"Y":2660103.195,"TIPO DE USO":"General","ZF":637.6641,"TGM":1173.302,"TOTAL":1810.9661,"TIPO DE USO APLICABLE":80.99,"TARIFA ANUAL":146670.144439,"IMPORTE BIMESTRAL":24445.0240731667,"DEBE DESDE":null,"DEBE HASTA":null,"OBSERVACIONES":null},"geometry":{"type":"MultiPolygon","coordinates":[[[[602831.243724716128781,2660087.518322626128793],[602814.002255222178064,2660083.81765584461391],[602789.510121536906809,2660080.394966159481555],[602785.674348535714671,2660106.438972],[602822.259854633244686,2660116.573989432770759],[602841.572088492917828,2660122.264085728209466],[602847.187000000034459,2660109.041000000201166],[602851.025022437679581,2660090.629901187494397],[602831.243724718457088,2660087.518322626594454],[602831.243724716128781,2660087.518322626128793]]]]}},
{"type":"Feature","properties":{"fid":332,"Clave":"ZFMT-189-198-23","ID":140,"NOMBRE DEL OCUPANTE IRREGULAR":"SERVICIOS TURISTICOS LA VENTANA SA DE CV","ID-OCUPACION":"60-slv-zf y 119-slv-tgm","ID - Actualizado":198,"ZONA":"SLV","X":602890.3509,"Y":2659907.483,"TIPO DE USO":"General","ZF":171.0183,"TGM":1466.8242,"TOTAL":1637.8425,"TIPO DE USO APLICABLE":80.99,"TARIFA ANUAL":132648.86407499999,"IMPORTE BIMESTRAL":22108.144012500001,"DEBE DESDE":null,"DEBE HASTA":null,"OBSERVACIONES":null},"geometry":{"type":"MultiPolygon","coordinates":[[[[602898.43290416279342,2659914.758365928661078],[602900.787194791715592,2659906.289788829628378],[602881.46737690968439,2659901.11509541189298],[602884.260413000243716,2659891.068122],[602884.846127152908593,2659889.634102746844292],[602871.919264729018323,2659886.074351746123284],[602835.901775702484883,2659949.010239465627819],[602867.170341060147621,2659951.804416952654719],[602873.449014000012539,2659929.95836],[602879.243514294154011,2659909.114665717352182],[602898.43290416279342,2659914.758365928661078]]]]}},
{"type":"Feature","properties":{"fid":333,"Clave":"ZFMT-189-199-23","ID":141,"NOMBRE DEL OCUPANTE IRREGULAR":"ELEVATION KITEBOARDING S DE R L DE C V","ID-OCUPACION":"61-slv-zf y 120-slv-tgm","ID - Actualizado":199,"ZONA":"SLV","X":602913.7894,"Y":2659846.023,"TIPO DE USO":"General","ZF":759.4502,"TGM":580.8028,"TOTAL":1340.253,"TIPO DE USO APLICABLE":80.99,"TARIFA ANUAL":108547.09047,"IMPORTE BIMESTRAL":18091.181745000002,"DEBE DESDE":null,"DEBE HASTA":null,"OBSERVACIONES":null},"geometry":{"type":"MultiPolygon","coordinates":[[[[602925.415954999858513,2659800.309673000127077],[602911.816019942401908,2659797.04858437133953],[602904.470455160480924,2659826.386777363717556],[602903.220319338492118,2659831.379821070935577],[602887.636952589731663,2659858.609732053242624],[602896.371340962243266,2659861.416620846837759],[602915.031839192146435,2659868.556230959482491],[602921.535436999984086,2659852.700189],[602931.484341205563396,2659832.844378763344139],[602911.475956853129901,2659828.130822787992656],[602925.415954999858513,2659800.309673000127077]]]]}},
{"type":"Feature","properties":{"fid":334,"Clave":"ZFMT-189-200-23","ID":142,"NOMBRE DEL OCUPANTE IRREGULAR":"DALANEY JAMES OVERSTREET OEDA","ID-OCUPACION":"62-slv-zf y 121-slv-tgm","ID - Actualizado":200,"ZONA":"SLV","X":602939.9196,"Y":2659793.025,"TIPO DE USO":"General","ZF":409.0724,"TGM":343.8147,"TOTAL":752.8871,"TIPO DE USO APLICABLE":80.99,"TARIFA ANUAL":60976.326228999998,"IMPORTE BIMESTRAL":10162.721038166699,"DEBE DESDE":null,"DEBE HASTA":null,"OBSERVACIONES":null},"geometry":{"type":"MultiPolygon","coordinates":[[[[602917.147863760706969,2659775.753194896504283],[602911.816019942401908,2659797.04858437133953],[602925.415954999858513,2659800.309673000127077],[602944.969497803365812,2659805.917202604468912],[602953.978216483606957,2659787.863193708471954],[602934.662019869545475,2659781.780008474364877],[602917.147863760706969,2659775.753194896504283]]]]}},
{"type":"Feature","properties":{"fid":335,"Clave":"ZFMT-189-206-23","ID":148,"NOMBRE DEL OCUPANTE IRREGULAR":"STUART ANTHONY WILD","ID-OCUPACION":"63-slv-zf y 127-slv-tgm","ID - Actualizado":206,"ZONA":"SLV","X":602998.5418,"Y":2659685.78,"TIPO DE USO":"General","ZF":203.0473,"TGM":215.9028,"TOTAL":418.9501,"TIPO DE USO APLICABLE":80.99,"TARIFA ANUAL":33930.768599000003,"IMPORTE BIMESTRAL":5655.1280998333305,"DEBE DESDE":null,"DEBE HASTA":null,"OBSERVACIONES":null},"geometry":{"type":"MultiPolygon","coordinates":[[[[602976.279972728108987,2659663.96132638072595],[602970.110576951177791,2659672.233497674111277],[602987.195990762207657,2659685.445586218964309],[603004.429266217863187,2659695.664642755873501],[603009.677396262879483,2659687.02629328193143],[602992.504615994170308,2659676.772336200810969],[602976.279972728108987,2659663.96132638072595]]]]}},
{"type":"Feature","properties":{"fid":336,"Clave":"ZFMT-189-217-23","ID":159,"NOMBRE DEL OCUPANTE IRREGULAR":"RICHAR BLACKMORE","ID-OCUPACION":"64-slv-zf y 138-slv-tgm","ID - Actualizado":217,"ZONA":"SLV","X":603212.4469,"Y":2659451.558,"TIPO DE USO":"General","ZF":413.2317,"TGM":519.7954,"TOTAL":933.0271,"TIPO DE USO APLICABLE":80.99,"TARIFA ANUAL":75565.864828999998,"IMPORTE BIMESTRAL":12594.3108048333,"DEBE DESDE":null,"DEBE HASTA":null,"OBSERVACIONES":null},"geometry":{"type":"MultiPolygon","coordinates":[[[[603198.155274773947895,2659418.705552485305816],[603181.730481378734112,2659430.322299036197364],[603197.696344622410834,2659451.032776008360088],[603210.452127660624683,2659466.43938209163025],[603226.528757325257175,2659453.492135759908706],[603213.772137843887322,2659438.086202970705926],[603198.155274773947895,2659418.705552485305816]]]]}},
{"type":"Feature","properties":{"fid":337,"Clave":"ZFMT-189-218-23","ID":160,"NOMBRE DEL OCUPANTE IRREGULAR":"CONTRERAS GUTIERREZ LUCIO","ID-OCUPACION":"65-slv-zf y 139-slv-tgm","ID - Actualizado":218,"ZONA":"SLV","X":603227.6449,"Y":2659439.197,"TIPO DE USO":"General","ZF":389.7228,"TGM":478.4555,"TOTAL":868.1783,"TIPO DE USO APLICABLE":80.99,"TARIFA ANUAL":70313.760517000002,"IMPORTE BIMESTRAL":11718.9600861667,"DEBE DESDE":null,"DEBE HASTA":null,"OBSERVACIONES":null},"geometry":{"type":"MultiPolygon","coordinates":[[[[603214.355616787681356,2659407.247553429566324],[603198.155274773947895,2659418.705552485305816],[603213.772137843887322,2659438.086202970705926],[603226.528757325257175,2659453.492135759908706],[603241.612524207681417,2659441.344486984889954],[603229.034358514589258,2659425.803464481141418],[603214.355616787681356,2659407.247553429566324]]]]}},
{"type":"Feature","properties":{"fid":338,"Clave":"ZFMT-189-219-23","ID":161,"NOMBRE DEL OCUPANTE IRREGULAR":"VINCENT STANLEY ALLEN","ID-OCUPACION":"66-slv-zf y 140-slv-tgm","ID - Actualizado":219,"ZONA":"SLV","X":603244.2516,"Y":2659426.918,"TIPO DE USO":"General","ZF":437.9498,"TGM":531.3834,"TOTAL":969.3332,"TIPO DE USO APLICABLE":80.99,"TARIFA ANUAL":78506.295868000001,"IMPORTE BIMESTRAL":13084.382644666701,"DEBE DESDE":null,"DEBE HASTA":null,"OBSERVACIONES":null},"geometry":{"type":"MultiPolygon","coordinates":[[[[603229.03018969821278,2659425.798194534610957],[603229.034358514589258,2659425.803464481141418],[603241.612524207681417,2659441.344486984889954],[603246.454978000139818,2659437.444637],[603259.178702174220234,2659429.493087641429156],[603247.6387876564404,2659413.120523814111948],[603232.863429465680383,2659394.157551995944232],[603214.355616787681356,2659407.247553429566324],[603229.03018969821278,2659425.798194534610957]]]]}},
{"type":"Feature","properties":{"fid":339,"Clave":"ZFMT-189-223-23","ID":165,"NOMBRE DEL OCUPANTE IRREGULAR":"ALEXANDER SALTER ARKIN","ID-OCUPACION":"67-slv-zf y 144-slv-tgm","ID - Actualizado":223,"ZONA":"SLV","X":603355.4414,"Y":2659359.785,"TIPO DE USO":"General","ZF":605.3235,"TGM":762.6602,"TOTAL":1367.9837,"TIPO DE USO APLICABLE":80.99,"TARIFA ANUAL":110792.999863,"IMPORTE BIMESTRAL":18465.499977166699,"DEBE DESDE":null,"DEBE HASTA":null,"OBSERVACIONES":null},"geometry":{"type":"MultiPolygon","coordinates":[[[[603351.613892774214037,2659321.829714523628354],[603325.846594558213837,2659337.266867680009454],[603337.378707688767463,2659358.281204279046506],[603347.167257920489646,2659375.764142471831292],[603372.08732700010296,2659363.730002999771386],[603374.427463429514319,2659362.592153548263013],[603364.593909575021826,2659345.134643665980548],[603351.613892774214037,2659321.829714523628354]]]]}},
{"type":"Feature","properties":{"fid":340,"Clave":"ZFMT-190-231-23","ID":173,"NOMBRE DEL OCUPANTE IRREGULAR":"ROSA ICELA AVILES COTA","ID-OCUPACION":"73-slv-zf y 147-slv-tgm","ID - Actualizado":231,"ZONA":"SLV","X":609359.5263,"Y":2657911.42,"TIPO DE USO":"Pesca","ZF":732.4832,"TGM":1224.1878,"TOTAL":1956.671,"TIPO DE USO APLICABLE":0.199,"TARIFA ANUAL":389.377529,"IMPORTE BIMESTRAL":64.896254833333302,"DEBE DESDE":null,"DEBE HASTA":null,"OBSERVACIONES":null},"geometry":{"type":"MultiPolygon","coordinates":[[[[609387.554247139836662,2657874.133456702809781],[609372.035167428897694,2657870.841530703008175],[609355.43704335601069,2657867.047673772089183],[609349.446153143770061,2657865.678327437955886],[609344.801475048065186,2657898.386230600997806],[609341.700494360877201,2657918.149431804195046],[609372.148564000031911,2657923.62737900018692],[609377.217714381637052,2657924.640585897956043],[609381.30032180075068,2657905.061009767465293],[609381.300321801099926,2657905.061009765602648],[609387.554247139836662,2657874.133456702809781]]]]}},
{"type":"Feature","properties":{"fid":341,"Clave":"ZFMT-190-234-23","ID":176,"NOMBRE DEL OCUPANTE IRREGULAR":"AVILA LEDEZMA JOSE EDUARDO Y COPS","ID-OCUPACION":"74-slv-zf y 150-slv-tgm","ID - Actualizado":234,"ZONA":"SLV","X":610024.3681,"Y":2658059.55,"TIPO DE USO":"General","ZF":422.2598,"TGM":392.5061,"TOTAL":814.7659,"TIPO DE USO APLICABLE":80.99,"TARIFA ANUAL":65987.890241000001,"IMPORTE BIMESTRAL":10997.9817068333,"DEBE DESDE":null,"DEBE HASTA":null,"OBSERVACIONES":null},"geometry":{"type":"MultiPolygon","coordinates":[[[[610041.624661095207557,2658033.762520431540906],[610021.11685770121403,2658029.917307295836508],[610017.443154515232891,2658047.874838998075575],[610012.651340980664827,2658067.293484723661095],[610033.414896966773085,2658072.183134735096246],[610035.694283735589124,2658061.966093346942216],[610037.750413297442719,2658052.65703683020547],[610041.624661095207557,2658033.762520431540906]]]]}},
{"type":"Feature","properties":{"fid":342,"Clave":"ZFMT-190-235-23","ID":177,"NOMBRE DEL OCUPANTE IRREGULAR":"GAIZCA RAMIREZ DEL VALLE","ID-OCUPACION":"75-slv-zf y 151-slv-tgm","ID - Actualizado":235,"ZONA":"SLV","X":610085.485,"Y":2658074.065,"TIPO DE USO":"General","ZF":432.8114,"TGM":404.6994,"TOTAL":837.5108,"TIPO DE USO APLICABLE":80.99,"TARIFA ANUAL":67829.999691999998,"IMPORTE BIMESTRAL":11304.9999486667,"DEBE DESDE":null,"DEBE HASTA":null,"OBSERVACIONES":null},"geometry":{"type":"MultiPolygon","coordinates":[[[[610076.923501358018257,2658061.854254143778235],[610076.923501357669011,2658061.85425414564088],[610073.301327977096662,2658081.547623541671783],[610083.008900000015274,2658083.826359],[610094.1985828402685,2658087.098178559914231],[610097.841699903132394,2658067.325988665223122],[610101.646765190991573,2658049.055401647463441],[610096.713173849857412,2658047.52833766117692],[610080.67559169291053,2658043.404387963470072],[610076.923501358018257,2658061.854254143778235]]]]}},
{"type":"Feature","properties":{"fid":343,"Clave":"ZFMT-190-236-23","ID":178,"NOMBRE DEL OCUPANTE IRREGULAR":"DORING ABURTO LUIS ADOLFO","ID-OCUPACION":"76-slv-zf y 152-slv-tgm","ID - Actualizado":236,"ZONA":"SLV","X":610183.9279,"Y":2658102.317,"TIPO DE USO":"General","ZF":429.7448,"TGM":368.4955,"TOTAL":798.2403,"TIPO DE USO APLICABLE":80.99,"TARIFA ANUAL":64649.481896999998,"IMPORTE BIMESTRAL":10774.9136495,"DEBE DESDE":null,"DEBE HASTA":null,"OBSERVACIONES":null},"geometry":{"type":"MultiPolygon","coordinates":[[[[610199.40836183691863,2658077.136239575687796],[610179.389091005083174,2658071.913821097929031],[610176.078477989765815,2658089.240741801913828],[610172.223945074132644,2658108.914702313486487],[610176.836069999961182,2658110.15487200114876],[610193.115824849577621,2658113.83579099457711],[610196.980036049732007,2658094.204646706115454],[610199.40836183691863,2658077.136239575687796]]]]}},
{"type":"Feature","properties":{"fid":344,"Clave":"ZFMT-190-237-23","ID":179,"NOMBRE DEL OCUPANTE IRREGULAR":"LA VENTANA WIND RESORT S.A. DE C.V.","ID-OCUPACION":"78-slv-zf y 153-slv-tgm","ID - Actualizado":237,"ZONA":"SLV","X":610341.5804,"Y":2658135.859,"TIPO DE USO":"General","ZF":1652.4193,"TGM":1453.381,"TOTAL":3105.8003,"TIPO DE USO APLICABLE":80.99,"TARIFA ANUAL":251538.76629699999,"IMPORTE BIMESTRAL":41923.127716166702,"DEBE DESDE":null,"DEBE HASTA":null,"OBSERVACIONES":null},"geometry":{"type":"MultiPolygon","coordinates":[[[[610292.675924534327351,2658113.953328793868423],[610292.675924532581121,2658113.953328804112971],[610289.186101870960556,2658133.696214654482901],[610312.35018986731302,2658139.484054692089558],[610319.600718999980018,2658141.295690999832004],[610366.9728429998504,2658152.75855700019747],[610368.586314435931854,2658153.172480671666563],[610373.676793335122056,2658133.830762353725731],[610373.676794573781081,2658133.830757010728121],[610376.376670047175139,2658122.183966581244022],[610338.796707843313925,2658105.604571491945535],[610318.130870718392543,2658100.798562857788056],[610295.824785680742934,2658095.611101220361888],[610292.675924534327351,2658113.953328793868423]]]]}},
{"type":"Feature","properties":{"fid":345,"Clave":"ZFMT-190-238-23","ID":180,"NOMBRE DEL OCUPANTE IRREGULAR":"AGUAYO ANAYA JOSE","ID-OCUPACION":"79-slv-zf y 154-slv-tgm","ID - Actualizado":238,"ZONA":"SLV","X":610392.0438,"Y":2658149.07,"TIPO DE USO":"General y Protección","ZF":872.9813,"TGM":452.5447,"TOTAL":1325.526,"TIPO DE USO APLICABLE":null,"TARIFA ANUAL":0.0,"IMPORTE BIMESTRAL":0.0,"DEBE DESDE":null,"DEBE HASTA":null,"OBSERVACIONES":null},"geometry":{"type":"MultiPolygon","coordinates":[[[[610415.830756954965182,2658132.962973902001977],[610385.56321229157038,2658126.23685286520049],[610376.376670047175139,2658122.183966581244022],[610373.676794573781081,2658133.830757010728121],[610368.586314435931854,2658153.172480671666563],[610412.280862222076394,2658164.382138655055314],[610414.499864722252823,2658144.303744209464639],[610415.830756954965182,2658132.962973902001977]]]]}},
{"type":"Feature","properties":{"fid":346,"Clave":"ZFMT-190-239-23","ID":181,"NOMBRE DEL OCUPANTE IRREGULAR":"FERNANDO Y COP SANCHEZ DUARTE","ID-OCUPACION":"80-slv-zf y 155-slv-tgm","ID - Actualizado":239,"ZONA":"SLV","X":610423.6503,"Y":2658157.432,"TIPO DE USO":"General","ZF":435.5107,"TGM":254.0935,"TOTAL":689.6042,"TIPO DE USO APLICABLE":80.99,"TARIFA ANUAL":55851.044157999997,"IMPORTE BIMESTRAL":9308.5073596666698,"DEBE DESDE":null,"DEBE HASTA":null,"OBSERVACIONES":null},"geometry":{"type":"MultiPolygon","coordinates":[[[[610414.499864722252823,2658144.303744209464639],[610414.499864721903577,2658144.303744212258607],[610412.280862222076394,2658164.382138655055314],[610414.185927000246011,2658164.870875],[610433.292522860807367,2658169.81806748919189],[610435.631680742371827,2658149.764185071457177],[610436.89343094616197,2658137.643568122759461],[610415.830756954965182,2658132.962973902001977],[610414.499864722252823,2658144.303744209464639]]]]}},
{"type":"Feature","properties":{"fid":347,"Clave":"ZFMT-190-240-23","ID":182,"NOMBRE DEL OCUPANTE IRREGULAR":"OROZCO HERNANDEZ FRANCISCO","ID-OCUPACION":"81-slv-zf y 156-slv-tgm","ID - Actualizado":240,"ZONA":"SLV","X":610593.677,"Y":2658201.65,"TIPO DE USO":"Protección","ZF":835.9368,"TGM":689.8338,"TOTAL":1525.7706,"TIPO DE USO APLICABLE":28.19,"TARIFA ANUAL":43011.473213999998,"IMPORTE BIMESTRAL":7168.578869,"DEBE DESDE":null,"DEBE HASTA":null,"OBSERVACIONES":null},"geometry":{"type":"MultiPolygon","coordinates":[[[[610616.275537334964611,2658178.904666784219444],[610602.892031440045685,2658175.443415259942412],[610576.526443149778061,2658170.170297601725906],[610574.73877012275625,2658186.70299311215058],[610572.964362808037549,2658206.794459079392254],[610602.694667999981903,2658213.376798000186682],[610614.184731473680586,2658216.400946049485356],[610614.912466750363819,2658195.911356704309583],[610616.275537334964611,2658178.904666784219444]]]]}},
{"type":"Feature","properties":{"fid":348,"Clave":"ZFMT-190-241-23","ID":183,"NOMBRE DEL OCUPANTE IRREGULAR":"SILVIA PERAL FELIX Y COP","ID-OCUPACION":"82-slv-zf y 157-slv-tgm","ID - Actualizado":241,"ZONA":"SLV","X":610633.1547,"Y":2658210.496,"TIPO DE USO":"Protección","ZF":785.5378,"TGM":705.9196,"TOTAL":1491.4574,"TIPO DE USO APLICABLE":28.19,"TARIFA ANUAL":42044.184106000001,"IMPORTE BIMESTRAL":7007.3640176666704,"DEBE DESDE":null,"DEBE HASTA":null,"OBSERVACIONES":null},"geometry":{"type":"MultiPolygon","coordinates":[[[[610656.842256179428659,2658189.396059588063508],[610616.275537334964611,2658178.904666784219444],[610614.912466750363819,2658195.911356704309583],[610614.184731473680586,2658216.400946049485356],[610649.83511800004635,2658225.784014],[610655.190918999956921,2658206.512517001014203],[610656.842256179428659,2658189.396059588063508]]]]}},
{"type":"Feature","properties":{"fid":349,"Clave":"ZFMT-190-242-23","ID":184,"NOMBRE DEL OCUPANTE IRREGULAR":"RAUL Y COP BARRIGUETE ORTIZ","ID-OCUPACION":"83-slv-zf y 158-slv-tgm","ID - Actualizado":242,"ZONA":"SLV","X":610663.883,"Y":2658219.585,"TIPO DE USO":"General y Protección","ZF":466.3692,"TGM":366.8128,"TOTAL":833.182,"TIPO DE USO APLICABLE":null,"TARIFA ANUAL":0.0,"IMPORTE BIMESTRAL":0.0,"DEBE DESDE":null,"DEBE HASTA":null,"OBSERVACIONES":null},"geometry":{"type":"MultiPolygon","coordinates":[[[[610677.277761232573539,2658194.68110399832949],[610656.842256179428659,2658189.396059588063508],[610655.190918999956921,2658206.512517001014203],[610649.83511800004635,2658225.784014],[610674.090027761994861,2658232.884443834424019],[610675.672234548837878,2658212.508257327135652],[610677.277761232573539,2658194.68110399832949]]]]}},
{"type":"Feature","properties":{"fid":350,"Clave":"ZFMT-190-243-23","ID":185,"NOMBRE DEL OCUPANTE IRREGULAR":"OLIVARES CORDOVA JOSE TIRSO","ID-OCUPACION":"84-slv-zf y 159-slv-tgm","ID - Actualizado":243,"ZONA":"SLV","X":610684.166,"Y":2658225.59,"TIPO DE USO":"Protección","ZF":411.13,"TGM":344.5187,"TOTAL":755.6487,"TIPO DE USO APLICABLE":28.19,"TARIFA ANUAL":21301.736853,"IMPORTE BIMESTRAL":3550.2894755000002,"DEBE DESDE":null,"DEBE HASTA":null,"OBSERVACIONES":null},"geometry":{"type":"MultiPolygon","coordinates":[[[[610695.746088244370185,2658200.546482738107443],[610684.199421044322662,2658196.471188432071358],[610677.277761232573539,2658194.68110399832949],[610675.672234548837878,2658212.508257327135652],[610674.090027761994861,2658232.884443834424019],[610694.327031079679728,2658238.808663861360401],[610694.872667853720486,2658218.129029685631394],[610695.746088244370185,2658200.546482738107443]]]]}},
{"type":"Feature","properties":{"fid":351,"Clave":"ZFMT-190-244-23","ID":186,"NOMBRE DEL OCUPANTE IRREGULAR":"THOMPSON BEACH DEVELOPMENTS, S.A.DE C.V.","ID-OCUPACION":"85-slv-zf y 160-slv-tgm","ID - Actualizado":244,"ZONA":"SLV","X":610714.5463,"Y":2658233.552,"TIPO DE USO":"Protección","ZF":855.0317,"TGM":685.6739,"TOTAL":1540.7056,"TIPO DE USO APLICABLE":28.19,"TARIFA ANUAL":43432.490864,"IMPORTE BIMESTRAL":7238.7484773333299,"DEBE DESDE":null,"DEBE HASTA":null,"OBSERVACIONES":null},"geometry":{"type":"MultiPolygon","coordinates":[[[[610694.872667853836901,2658218.129029683303088],[610694.872667853720486,2658218.129029685631394],[610694.327031079679728,2658238.808663861360401],[610735.1023688436253,2658250.606969309505075],[610736.200675354688428,2658230.105247947853059],[610737.148837689775974,2658215.159217836800963],[610695.746088244370185,2658200.546482738107443],[610694.872667853836901,2658218.129029683303088]]]]}},
{"type":"Feature","properties":{"fid":352,"Clave":"ZFMT-190-245-23","ID":187,"NOMBRE DEL OCUPANTE IRREGULAR":"NULL","ID-OCUPACION":"86-slv-zf y 161-slv-tgm","ID - Actualizado":245,"ZONA":"SLV","X":611471.8876,"Y":2658474.121,"TIPO DE USO":"Protección","ZF":1649.2605,"TGM":161.171,"TOTAL":1810.4315,"TIPO DE USO APLICABLE":28.19,"TARIFA ANUAL":51036.063985000001,"IMPORTE BIMESTRAL":8506.0106641666698,"DEBE DESDE":null,"DEBE HASTA":null,"OBSERVACIONES":null},"geometry":{"type":"MultiPolygon","coordinates":[[[[611512.155053992988542,2658475.56536563532427],[611473.7799874934135,2658462.421640335116535],[611440.650050658616237,2658454.139156125951558],[611432.697733132285066,2658451.40554697625339],[611432.750152423977852,2658452.631151708308607],[611432.382327716215514,2658474.482728197705001],[611442.773999999975786,2658479.271000000182539],[611484.50702999997884,2658487.903957],[611510.877671477850527,2658496.48090362874791],[611512.138304883730598,2658475.859657166525722],[611512.155053992988542,2658475.56536563532427]]]]}},
{"type":"Feature","properties":{"fid":353,"Clave":"ZFMT-190-246-23","ID":188,"NOMBRE DEL OCUPANTE IRREGULAR":"NULL","ID-OCUPACION":"87-slv-zf y 162-slv-tgm","ID - Actualizado":246,"ZONA":"SLV","X":611668.3852,"Y":2658537.174,"TIPO DE USO":"General","ZF":4623.2897,"TGM":53.941,"TOTAL":4677.2307,"TIPO DE USO APLICABLE":80.99,"TARIFA ANUAL":378808.91439300001,"IMPORTE BIMESTRAL":63134.8190655,"DEBE DESDE":null,"DEBE HASTA":null,"OBSERVACIONES":null},"geometry":{"type":"MultiPolygon","coordinates":[[[[611597.601089324103668,2658502.766456331126392],[611559.142598225967959,2658490.760533619206399],[611559.115236166515388,2658491.455745042767376],[611558.095013814629056,2658512.231332479044795],[611576.926240999950096,2658518.62723599979654],[611623.364135000039823,2658533.328474999871105],[611669.827662999974564,2658547.839586],[611716.267368,2658562.35361299989745],[611762.378831000067294,2658577.814656999893486],[611779.364711514208466,2658583.237818536348641],[611777.794015321298502,2658561.741703688632697],[611768.599675999954343,2658558.806183999869972],[611722.430105000152253,2658543.325656999833882],[611675.793768999981694,2658528.750176],[611629.363424999988638,2658514.249427999835461],[611610.074871984776109,2658508.143086787778884],[611597.601089324103668,2658502.766456331126392]]]]}},
{"type":"Feature","properties":{"fid":354,"Clave":"ZFMT-174-68-23","ID":12,"NOMBRE DEL OCUPANTE IRREGULAR":"JESUS CARLOS SALMON ROUX","ID-OCUPACION":"2-slv-zf y 8-slv-tgm","ID - Actualizado":68,"ZONA":"SLV","X":602218.3136,"Y":2666121.809,"TIPO DE USO":"General","ZF":504.9817,"TGM":917.0065,"TOTAL":1421.9882,"TIPO DE USO APLICABLE":80.99,"TARIFA ANUAL":115166.824318,"IMPORTE BIMESTRAL":19194.4707196667,"DEBE DESDE":null,"DEBE HASTA":null,"OBSERVACIONES":null},"geometry":{"type":"MultiPolygon","coordinates":[[[[602210.286785500007682,2666112.994791499804705],[602211.128060816088691,2666109.291384493932128],[602174.559053127304651,2666108.595778369344771],[602160.657703008386306,2666130.187618581112474],[602205.990119521389715,2666131.900176538154483],[602204.634838000056334,2666137.875424],[602204.262305695447139,2666140.099413350690156],[602224.265160000068136,2666141.745848],[602226.987989513785578,2666129.881756472866982],[602229.761577504454181,2666117.962199376430362],[602209.889036432257853,2666114.745736352633685],[602210.286785500007682,2666112.994791499804705]]]]}},
{"type":"Feature","properties":{"fid":355,"Clave":"ZFMT-174-132-24","ID":76,"NOMBRE DEL OCUPANTE IRREGULAR":"ABBAS MOHAMMADZAD Y COP","ID-OCUPACION":"165-slv-tgm-2024","ID - Actualizado":132,"ZONA":"SLV","X":602423.7488,"Y":2663703.763,"TIPO DE USO":"General","ZF":null,"TGM":703.9315,"TOTAL":703.9315,"TIPO DE USO APLICABLE":80.99,"TARIFA ANUAL":57011.412185000001,"IMPORTE BIMESTRAL":9501.9020308333293,"DEBE DESDE":null,"DEBE HASTA":null,"OBSERVACIONES":"Actualización ZF 2024"},"geometry":{"type":"MultiPolygon","coordinates":[[[[602417.278194456128404,2663676.85630325274542],[602404.225022935774177,2663726.006298913154751],[602418.950935978093185,2663732.448242505080998],[602425.392078892909922,2663695.510680973995477],[602429.080686444649473,2663681.884176161605865],[602417.278194456128404,2663676.85630325274542]]]]}},
{"type":"Feature","properties":{"fid":356,"Clave":"ZFMT-174-129-23","ID":73,"NOMBRE DEL OCUPANTE IRREGULAR":"HEREDIA LERMA MARIA DEL LOS DOLORES","ID-OCUPACION":"67-slv-tgm-2024","ID - Actualizado":129,"ZONA":"SLV","X":602395.5439,"Y":2663832.999,"TIPO DE USO":"General","ZF":null,"TGM":270.9236,"TOTAL":270.9236,"TIPO DE USO APLICABLE":80.99,"TARIFA ANUAL":21942.102363999998,"IMPORTE BIMESTRAL":3657.0170606666702,"DEBE DESDE":null,"DEBE HASTA":null,"OBSERVACIONES":"Actualización ZF 2024"},"geometry":{"type":"MultiPolygon","coordinates":[[[[602391.07221176114399,2663823.328716041054577],[602390.363370193401352,2663844.184953944757581],[602402.366975882439874,2663844.308395279105753],[602405.116455857409164,2663823.640997910872102],[602391.07221176114399,2663823.328716041054577]]]]}},
{"type":"Feature","properties":{"fid":357,"Clave":"ZFMT-174-147-23","ID":91,"NOMBRE DEL OCUPANTE IRREGULAR":"DAVID GARTH PURDY","ID-OCUPACION":"83-slv-tgm","ID - Actualizado":147,"ZONA":"SLV","X":602729.9271,"Y":2662452.892,"TIPO DE USO":"Protección","ZF":null,"TGM":211.0999,"TOTAL":211.0999,"TIPO DE USO APLICABLE":28.19,"TARIFA ANUAL":5950.906181,"IMPORTE BIMESTRAL":991.817696833333,"DEBE DESDE":null,"DEBE HASTA":null,"OBSERVACIONES":null},"geometry":{"type":"MultiPolygon","coordinates":[[[[602725.873150593484752,2662473.698531933128834],[602733.651639000046998,2662451.148829999845475],[602739.40702088305261,2662434.936520206741989],[602732.558544012485072,2662434.764076544437557],[602721.966682580648921,2662472.837514493614435],[602725.873150593484752,2662473.698531933128834]]]]}},
{"type":"Feature","properties":{"fid":358,"Clave":"ZFMT-174-61-23","ID":5,"NOMBRE DEL OCUPANTE IRREGULAR":"GUILLERMO ORNERLAS TREVIÑO","ID-OCUPACION":"1-slv-tgm","ID - Actualizado":61,"ZONA":"SLV","X":602201.6074,"Y":2666392.785,"TIPO DE USO":"General","ZF":null,"TGM":721.3702,"TOTAL":721.3702,"TIPO DE USO APLICABLE":80.99,"TARIFA ANUAL":58423.772497999998,"IMPORTE BIMESTRAL":9737.2954163333306,"DEBE DESDE":null,"DEBE HASTA":null,"OBSERVACIONES":null},"geometry":{"type":"MultiPolygon","coordinates":[[[[602215.050680647953413,2666406.175058040302247],[602213.104283,2666384.065279],[602212.317752328352071,2666378.5077661764808],[602183.361513574724086,2666378.03597409883514],[602193.997329178033397,2666407.535533094778657],[602215.050680647953413,2666406.175058040302247]]]]}},
{"type":"Feature","properties":{"fid":359,"Clave":"ZFMT-189-185-23","ID":127,"NOMBRE DEL OCUPANTE IRREGULAR":"GUY PYCK Y COPS","ID-OCUPACION":"108-slv-tgm","ID - Actualizado":185,"ZONA":"SLV","X":602778.9992,"Y":2660217.165,"TIPO DE USO":"General","ZF":null,"TGM":173.7607,"TOTAL":173.7607,"TIPO DE USO APLICABLE":80.99,"TARIFA ANUAL":14072.879093,"IMPORTE BIMESTRAL":2345.4798488333299,"DEBE DESDE":null,"DEBE HASTA":null,"OBSERVACIONES":null},"geometry":{"type":"MultiPolygon","coordinates":[[[[602783.980583916185424,2660224.564633237197995],[602786.649106903932989,2660209.946402455680072],[602773.281669851741754,2660209.588829819113016],[602773.966868454008363,2660224.658873564563692],[602783.980583916185424,2660224.564633237197995]]]]}},
{"type":"Feature","properties":{"fid":360,"Clave":"ZFMT-189-186-23","ID":128,"NOMBRE DEL OCUPANTE IRREGULAR":"NULL","ID-OCUPACION":"109-slv-tgm","ID - Actualizado":186,"ZONA":"SLV","X":602778.7356,"Y":2660203.466,"TIPO DE USO":"General","ZF":null,"TGM":186.9511,"TOTAL":186.9511,"TIPO DE USO APLICABLE":80.99,"TARIFA ANUAL":15141.169589,"IMPORTE BIMESTRAL":2523.52826483333,"DEBE DESDE":null,"DEBE HASTA":null,"OBSERVACIONES":null},"geometry":{"type":"MultiPolygon","coordinates":[[[[602786.649106903932989,2660209.946402455680072],[602787.051466000033543,2660207.742270001210272],[602790.530999776907265,2660198.031896851025522],[602772.727077872375958,2660197.391307284589857],[602773.281669851741754,2660209.588829819113016],[602786.649106903932989,2660209.946402455680072]]]]}},
{"type":"Feature","properties":{"fid":361,"Clave":"ZFMT-189-187-23","ID":129,"NOMBRE DEL OCUPANTE IRREGULAR":"CHIVO DE CERRALVO S DE R L DE C V","ID-OCUPACION":"110-slv-tgm","ID - Actualizado":187,"ZONA":"SLV","X":602785.7369,"Y":2660176.586,"TIPO DE USO":"General","ZF":null,"TGM":1010.3788,"TOTAL":1010.3788,"TIPO DE USO APLICABLE":80.99,"TARIFA ANUAL":81830.579012000002,"IMPORTE BIMESTRAL":13638.4298353333,"DEBE DESDE":null,"DEBE HASTA":null,"OBSERVACIONES":null},"geometry":{"type":"MultiPolygon","coordinates":[[[[602790.530999776907265,2660198.031896851025522],[602795.626211500144564,2660183.812633499968797],[602804.200957000022754,2660159.882997001055628],[602779.620822185650468,2660147.541006862185895],[602772.621344171464443,2660195.065833338070661],[602772.727077872375958,2660197.391307284589857],[602790.530999776907265,2660198.031896851025522]]]]}},
{"type":"Feature","properties":{"fid":362,"Clave":"ZFMT-189-189-23","ID":131,"NOMBRE DEL OCUPANTE IRREGULAR":"CRAZY BAJA VENTURES S. DE R.L. DE C.V.","ID-OCUPACION":"112-slv-tgm","ID - Actualizado":189,"ZONA":"SLV","X":602813.6064,"Y":2660068.215,"TIPO DE USO":"General","ZF":null,"TGM":1342.6011,"TOTAL":1342.6011,"TIPO DE USO APLICABLE":80.99,"TARIFA ANUAL":108737.263089,"IMPORTE BIMESTRAL":18122.8771815,"DEBE DESDE":null,"DEBE HASTA":null,"OBSERVACIONES":null},"geometry":{"type":"MultiPolygon","coordinates":[[[[602831.243724716128781,2660087.518322626128793],[602832.990395999979228,2660079.139492],[602837.011961551732384,2660059.847932136617601],[602794.542348889866844,2660046.227313763927668],[602789.510121536906809,2660080.394966159481555],[602814.004007941810414,2660083.815008093137294],[602831.243724716128781,2660087.518322626128793]]]]}},
{"type":"Feature","properties":{"fid":363,"Clave":"ZFMT-189-190-23","ID":132,"NOMBRE DEL OCUPANTE IRREGULAR":"QUICKFISH SA DE CV","ID-OCUPACION":"113-slv-tgm","ID - Actualizado":190,"ZONA":"SLV","X":602817.8054,"Y":2660045.591,"TIPO DE USO":"General","ZF":null,"TGM":695.9227,"TOTAL":695.9227,"TIPO DE USO APLICABLE":80.99,"TARIFA ANUAL":56362.779473000002,"IMPORTE BIMESTRAL":9393.7965788333295,"DEBE DESDE":null,"DEBE HASTA":null,"OBSERVACIONES":null},"geometry":{"type":"MultiPolygon","coordinates":[[[[602837.011961551732384,2660059.847932136617601],[602838.190436,2660054.1947579998523],[602839.216092120041139,2660045.405622007325292],[602817.045088362996466,2660037.771426956169307],[602797.202105608768761,2660028.168184743262827],[602794.542348889866844,2660046.227313763927668],[602837.011961551732384,2660059.847932136617601]]]]}},
{"type":"Feature","properties":{"fid":364,"Clave":"ZFMT-189-191-23","ID":133,"NOMBRE DEL OCUPANTE IRREGULAR":"NULL","ID-OCUPACION":"114-slv-tgm","ID - Actualizado":191,"ZONA":"SLV","X":602832.4435000001,"Y":2660028.049,"TIPO DE USO":"General","ZF":null,"TGM":840.8178,"TOTAL":840.8178,"TIPO DE USO APLICABLE":80.99,"TARIFA ANUAL":68097.833622000006,"IMPORTE BIMESTRAL":11349.638937,"DEBE DESDE":null,"DEBE HASTA":null,"OBSERVACIONES":null},"geometry":{"type":"MultiPolygon","coordinates":[[[[602839.216092120041139,2660045.405622007325292],[602842.352760323090479,2660018.526629301253706],[602843.609302000142634,2660007.758969999849796],[602806.865206146030687,2659999.747876395471394],[602805.240907429833896,2660002.586127600166947],[602825.07642411312554,2660009.052873999811709],[602823.348066987120546,2660011.763346739113331],[602817.045088362996466,2660037.771426956169307],[602839.216092120041139,2660045.405622007325292]]]]}},
{"type":"Feature","properties":{"fid":365,"Clave":"ZFMT-189-192-23","ID":134,"NOMBRE DEL OCUPANTE IRREGULAR":"AVILES AVILES GILBERTO","ID-OCUPACION":"115-slv-tgm","ID - Actualizado":192,"ZONA":"SLV","X":602811.4335,"Y":2660018.642,"TIPO DE USO":"General","ZF":null,"TGM":622.7759,"TOTAL":622.7759,"TIPO DE USO APLICABLE":80.99,"TARIFA ANUAL":50438.620141,"IMPORTE BIMESTRAL":8406.4366901666708,"DEBE DESDE":null,"DEBE HASTA":null,"OBSERVACIONES":null},"geometry":{"type":"MultiPolygon","coordinates":[[[[602797.202105608768761,2660028.168184743262827],[602817.045088362996466,2660037.771426956169307],[602823.348066987120546,2660011.763346739113331],[602825.07642411312554,2660009.052873999811709],[602805.240907429833896,2660002.586127600166947],[602799.489766458398663,2660012.635500064119697],[602797.202105608768761,2660028.168184743262827],[602817.045088362996466,2660037.771426956169307],[602797.202105608768761,2660028.168184743262827]]]]}},
{"type":"Feature","properties":{"fid":366,"Clave":"ZFMT-189-195-23","ID":137,"NOMBRE DEL OCUPANTE IRREGULAR":"DAVID GERALD MITCHEL LAMAS","ID-OCUPACION":"116-slv-tgm","ID - Actualizado":195,"ZONA":"SLV","X":602839.9794,"Y":2659986.593,"TIPO DE USO":"General","ZF":null,"TGM":1291.7493,"TOTAL":1291.7493,"TIPO DE USO APLICABLE":80.99,"TARIFA ANUAL":104618.775807,"IMPORTE BIMESTRAL":17436.4626345,"DEBE DESDE":null,"DEBE HASTA":null,"OBSERVACIONES":null},"geometry":{"type":"MultiPolygon","coordinates":[[[[602843.609302000142634,2660007.758969999849796],[602856.518307406804524,2659981.49663765495643],[602861.63272,2659971.072052999865264],[602862.042039574822411,2659969.647863711696118],[602832.991778576630168,2659963.709017252083868],[602830.300964740221389,2659984.435556262265891],[602817.22516792116221,2659981.645187710411847],[602806.865206146030687,2659999.747876395471394],[602843.609302000142634,2660007.758969999849796]]]]}},
{"type":"Feature","properties":{"fid":367,"Clave":"ZFMT-189-196-23","ID":138,"NOMBRE DEL OCUPANTE IRREGULAR":"LEON AMADOR ADELAIDA","ID-OCUPACION":"117-slv-tgm","ID - Actualizado":196,"ZONA":"SLV","X":602828.651,"Y":2659970.508,"TIPO DE USO":"Protección","ZF":null,"TGM":465.7495,"TOTAL":465.7495,"TIPO DE USO APLICABLE":28.19,"TARIFA ANUAL":13129.478405,"IMPORTE BIMESTRAL":2188.24640083333,"DEBE DESDE":null,"DEBE HASTA":null,"OBSERVACIONES":null},"geometry":{"type":"MultiPolygon","coordinates":[[[[602817.22516792116221,2659981.645187710411847],[602830.300964740221389,2659984.435556262265891],[602832.991778576630168,2659963.709017252083868],[602862.042039574822411,2659969.647863711696118],[602864.864366077119485,2659959.827841854188591],[602831.240680659888312,2659957.154898134991527],[602817.22516792116221,2659981.645187710411847]]]]}},
{"type":"Feature","properties":{"fid":368,"Clave":"ZFMT-189-197-23","ID":139,"NOMBRE DEL OCUPANTE IRREGULAR":"ALVAREZ LEON RAQUEL ESTHER","ID-OCUPACION":"118-slv-tgm","ID - Actualizado":197,"ZONA":"SLV","X":602851.0077,"Y":2659954.587,"TIPO DE USO":"Protección","ZF":null,"TGM":271.9648,"TOTAL":271.9648,"TIPO DE USO APLICABLE":28.19,"TARIFA ANUAL":7666.687712,"IMPORTE BIMESTRAL":1277.7812853333301,"DEBE DESDE":null,"DEBE HASTA":null,"OBSERVACIONES":null},"geometry":{"type":"MultiPolygon","coordinates":[[[[602864.864366077119485,2659959.827841854188591],[602867.170341060147621,2659951.804416952654719],[602835.901775702484883,2659949.010239465627819],[602831.240680659888312,2659957.154898134991527],[602864.864366077119485,2659959.827841854188591]]]]}},
{"type":"Feature","properties":{"fid":369,"Clave":"ZFMT-174-72-23","ID":16,"NOMBRE DEL OCUPANTE IRREGULAR":"NULL","ID-OCUPACION":"12-slv-tgm","ID - Actualizado":72,"ZONA":"SLV","X":602243.0017,"Y":2665944.999,"TIPO DE USO":"Protección","ZF":null,"TGM":1402.0609,"TOTAL":1402.0609,"TIPO DE USO APLICABLE":28.19,"TARIFA ANUAL":39524.096770999997,"IMPORTE BIMESTRAL":6587.3494618333298,"DEBE DESDE":null,"DEBE HASTA":null,"OBSERVACIONES":null},"geometry":{"type":"MultiPolygon","coordinates":[[[[602262.657273185555823,2665958.951543345116079],[602264.594266999978572,2665951.587179999798536],[602270.886317989556119,2665930.76410494511947],[602224.763509874464944,2665929.662006782833487],[602209.881941561587155,2665957.729377770796418],[602262.657273185555823,2665958.951543345116079]]]]}},
{"type":"Feature","properties":{"fid":370,"Clave":"ZFMT-189-201-23","ID":143,"NOMBRE DEL OCUPANTE IRREGULAR":"DEBBIE PEARCE ZITELLI","ID-OCUPACION":"122-slv-tgm","ID - Actualizado":201,"ZONA":"SLV","X":602929.1704,"Y":2659769.853,"TIPO DE USO":"Protección","ZF":null,"TGM":413.3853,"TOTAL":413.3853,"TIPO DE USO APLICABLE":28.19,"TARIFA ANUAL":11653.331607,"IMPORTE BIMESTRAL":1942.2219345000001,"DEBE DESDE":null,"DEBE HASTA":null,"OBSERVACIONES":null},"geometry":{"type":"MultiPolygon","coordinates":[[[[602934.662019869545475,2659781.780008474364877],[602943.290084242238663,2659764.488853741902858],[602922.209564620512538,2659755.53675666404888],[602917.147863760706969,2659775.753194896504283],[602934.662019869545475,2659781.780008474364877]]]]}},
{"type":"Feature","properties":{"fid":371,"Clave":"ZFMT-189-202-23","ID":144,"NOMBRE DEL OCUPANTE IRREGULAR":"KEITH EDWARD CASEY Y COP","ID-OCUPACION":"123-slv-tgm","ID - Actualizado":202,"ZONA":"SLV","X":602938.5307,"Y":2659746.124,"TIPO DE USO":"General","ZF":null,"TGM":776.3905,"TOTAL":776.3905,"TIPO DE USO APLICABLE":80.99,"TARIFA ANUAL":62879.866595,"IMPORTE BIMESTRAL":10479.977765833301,"DEBE DESDE":null,"DEBE HASTA":null,"OBSERVACIONES":null},"geometry":{"type":"MultiPolygon","coordinates":[[[[602943.290084242238663,2659764.488853741902858],[602947.065443000057712,2659756.92281],[602957.749204793479294,2659736.72465153131634],[602929.046065040980466,2659728.231767234392464],[602922.209564620512538,2659755.53675666404888],[602943.290084242238663,2659764.488853741902858]]]]}},
{"type":"Feature","properties":{"fid":372,"Clave":"ZFMT-189-203-23","ID":145,"NOMBRE DEL OCUPANTE IRREGULAR":"WINDWARD DEVELOPMENT S DE RL CV","ID-OCUPACION":"124-slv-tgm","ID - Actualizado":203,"ZONA":"SLV","X":602948.6758,"Y":2659726.266,"TIPO DE USO":"General","ZF":null,"TGM":430.3508,"TOTAL":430.3508,"TIPO DE USO APLICABLE":80.99,"TARIFA ANUAL":34854.111292000001,"IMPORTE BIMESTRAL":5809.0185486666696,"DEBE DESDE":null,"DEBE HASTA":null,"OBSERVACIONES":null},"geometry":{"type":"MultiPolygon","coordinates":[[[[602957.749204793479294,2659736.72465153131634],[602965.165160971344449,2659722.704434591345489],[602937.287560177617706,2659716.243904354516417],[602929.399356175330468,2659726.820722095202655],[602929.046065040980466,2659728.231767234392464],[602957.749204793479294,2659736.72465153131634]]]]}},
{"type":"Feature","properties":{"fid":373,"Clave":"ZFMT-189-204-23","ID":146,"NOMBRE DEL OCUPANTE IRREGULAR":"EDWARD KENT FORREST","ID-OCUPACION":"125-slv-tgm","ID - Actualizado":204,"ZONA":"SLV","X":602959.2874,"Y":2659707.435,"TIPO DE USO":"General","ZF":null,"TGM":621.5295,"TOTAL":621.5295,"TIPO DE USO APLICABLE":80.99,"TARIFA ANUAL":50337.674205000003,"IMPORTE BIMESTRAL":8389.6123675,"DEBE DESDE":null,"DEBE HASTA":null,"OBSERVACIONES":null},"geometry":{"type":"MultiPolygon","coordinates":[[[[602966.200752485077828,2659720.746599709615111],[602970.091481999959797,2659713.390991],[602978.424543858156539,2659699.776406101882458],[602953.745171322720125,2659694.176884601823986],[602938.382900585536845,2659714.775228359736502],[602966.200752485077828,2659720.746599709615111]]]]}},
{"type":"Feature","properties":{"fid":374,"Clave":"ZFMT-189-205-23","ID":147,"NOMBRE DEL OCUPANTE IRREGULAR":"EDWARD KENT FORREST","ID-OCUPACION":"126-slv-tgm","ID - Actualizado":205,"ZONA":"SLV","X":602972.4924,"Y":2659687.822,"TIPO DE USO":"Protección","ZF":497.2298,"TGM":null,"TOTAL":497.2298,"TIPO DE USO APLICABLE":28.19,"TARIFA ANUAL":14016.908062,"IMPORTE BIMESTRAL":2336.1513436666701,"DEBE DESDE":null,"DEBE HASTA":null,"OBSERVACIONES":null},"geometry":{"type":"MultiPolygon","coordinates":[[[[602978.424543858156539,2659699.776406101882458],[602987.195990762207657,2659685.445586218964309],[602970.110576951177791,2659672.233497674111277],[602953.745171322720125,2659694.176884601823986],[602978.424543858156539,2659699.776406101882458]]]]}},
{"type":"Feature","properties":{"fid":375,"Clave":"ZFMT-189-207-23","ID":149,"NOMBRE DEL OCUPANTE IRREGULAR":"VIZCAINO DAVALOS JOSE AMADOR Y COP.","ID-OCUPACION":"128-slv-tgm","ID - Actualizado":207,"ZONA":"SLV","X":602992.8045,"Y":2659657.735,"TIPO DE USO":"Protección","ZF":null,"TGM":617.6746,"TOTAL":617.6746,"TIPO DE USO APLICABLE":28.19,"TARIFA ANUAL":17412.246974000002,"IMPORTE BIMESTRAL":2902.0411623333298,"DEBE DESDE":null,"DEBE HASTA":null,"OBSERVACIONES":null},"geometry":{"type":"MultiPolygon","coordinates":[[[[602992.504615994170308,2659676.772336200810969],[602995.947564000147395,2659671.14723600121215],[603010.100207417039201,2659651.316767163109034],[602994.859174120472744,2659639.049594021867961],[602976.279972728108987,2659663.96132638072595],[602992.504615994170308,2659676.772336200810969]]]]}},
{"type":"Feature","properties":{"fid":376,"Clave":"ZFMT-189-208-23","ID":150,"NOMBRE DEL OCUPANTE IRREGULAR":"VIZCAINO ESTRADA JOSE AMADOR","ID-OCUPACION":"129-slv-tgm","ID - Actualizado":208,"ZONA":"SLV","X":603008.0354000001,"Y":2659637.699,"TIPO DE USO":"General","ZF":null,"TGM":357.3864,"TOTAL":357.3864,"TIPO DE USO APLICABLE":80.99,"TARIFA ANUAL":28944.724536000002,"IMPORTE BIMESTRAL":4824.120756,"DEBE DESDE":null,"DEBE HASTA":null,"OBSERVACIONES":null},"geometry":{"type":"MultiPolygon","coordinates":[[[[603010.100207417039201,2659651.316767163109034],[603020.442474575247616,2659636.825339621398598],[603006.288938576471992,2659623.724111131858081],[602994.859174120472744,2659639.049594021867961],[603010.100207417039201,2659651.316767163109034]]]]}},
{"type":"Feature","properties":{"fid":377,"Clave":"ZFMT-174-73-23","ID":17,"NOMBRE DEL OCUPANTE IRREGULAR":"NULL","ID-OCUPACION":"13-slv-tgm","ID - Actualizado":73,"ZONA":"SLV","X":602253.9515,"Y":2665915.861,"TIPO DE USO":"General","ZF":null,"TGM":1227.2491,"TOTAL":1227.2491,"TIPO DE USO APLICABLE":80.99,"TARIFA ANUAL":99394.904609000005,"IMPORTE BIMESTRAL":16565.817434833301,"DEBE DESDE":null,"DEBE HASTA":null,"OBSERVACIONES":null},"geometry":{"type":"MultiPolygon","coordinates":[[[[602270.886317989556119,2665930.76410494511947],[602278.968695000046864,2665904.016079001128674],[602279.544422467122786,2665902.478052264079452],[602239.762590713216923,2665901.373001382220536],[602224.763509874464944,2665929.662006782833487],[602270.886317989556119,2665930.76410494511947]]]]}},
{"type":"Feature","properties":{"fid":378,"Clave":"ZFMT-189-209-23","ID":151,"NOMBRE DEL OCUPANTE IRREGULAR":"ALONSO ZARZOZA ERNESTO","ID-OCUPACION":"130-slv-tgm","ID - Actualizado":209,"ZONA":"SLV","X":603019.5274,"Y":2659622.091,"TIPO DE USO":"General","ZF":null,"TGM":378.8571,"TOTAL":378.8571,"TIPO DE USO APLICABLE":80.99,"TARIFA ANUAL":30683.636529,"IMPORTE BIMESTRAL":5113.9394215000002,"DEBE DESDE":null,"DEBE HASTA":null,"OBSERVACIONES":null},"geometry":{"type":"MultiPolygon","coordinates":[[[[603020.442474575247616,2659636.825339621398598],[603024.475751000107266,2659631.173974],[603032.392883947235532,2659620.131168954540044],[603017.899387467536144,2659608.156359362881631],[603006.288938576471992,2659623.724111131858081],[603020.442474575247616,2659636.825339621398598]]]]}},
{"type":"Feature","properties":{"fid":379,"Clave":"ZFMT-189-210-23","ID":152,"NOMBRE DEL OCUPANTE IRREGULAR":"GRANT ALLEN BARBOUR","ID-OCUPACION":"131-slv-tgm","ID - Actualizado":210,"ZONA":"SLV","X":603038.4563,"Y":2659597.578,"TIPO DE USO":"Protección","ZF":null,"TGM":785.2537,"TOTAL":785.2537,"TIPO DE USO APLICABLE":28.19,"TARIFA ANUAL":22136.301802999998,"IMPORTE BIMESTRAL":3689.3836338333299,"DEBE DESDE":null,"DEBE HASTA":null,"OBSERVACIONES":null},"geometry":{"type":"MultiPolygon","coordinates":[[[[603032.392883947235532,2659620.131168954540044],[603039.128964500152506,2659610.735694],[603053.782177999964915,2659590.297414000146091],[603055.262711740797386,2659588.818585638422519],[603045.678922177059576,2659570.908454077783972],[603017.899387467536144,2659608.156359362881631],[603032.392883947235532,2659620.131168954540044]]]]}},
{"type":"Feature","properties":{"fid":380,"Clave":"ZFMT-189-211-23","ID":153,"NOMBRE DEL OCUPANTE IRREGULAR":"NULL","ID-OCUPACION":"132-slv-tgm","ID - Actualizado":211,"ZONA":"SLV","X":603062.9723,"Y":2659567.68,"TIPO DE USO":"Protección","ZF":null,"TGM":772.3823,"TOTAL":772.3823,"TIPO DE USO APLICABLE":28.19,"TARIFA ANUAL":21773.457037,"IMPORTE BIMESTRAL":3628.9095061666699,"DEBE DESDE":null,"DEBE HASTA":null,"OBSERVACIONES":null},"geometry":{"type":"MultiPolygon","coordinates":[[[[603055.262711740797386,2659588.818585638422519],[603089.024071000050753,2659555.096115],[603076.599365636124276,2659555.337387782055885],[603063.684294023318216,2659549.395472705364227],[603062.885153542039916,2659547.837654551956803],[603045.678922177059576,2659570.908454077783972],[603055.262711740797386,2659588.818585638422519]]]]}},
{"type":"Feature","properties":{"fid":381,"Clave":"ZFMT-189-212-23","ID":154,"NOMBRE DEL OCUPANTE IRREGULAR":"NULL","ID-OCUPACION":"133-slv-tgm","ID - Actualizado":212,"ZONA":"SLV","X":603092.7354,"Y":2659530.946,"TIPO DE USO":"Protección","ZF":null,"TGM":1522.0263,"TOTAL":1522.0263,"TIPO DE USO APLICABLE":28.19,"TARIFA ANUAL":42905.921396999998,"IMPORTE BIMESTRAL":7150.9868994999997,"DEBE DESDE":null,"DEBE HASTA":null,"OBSERVACIONES":null},"geometry":{"type":"MultiPolygon","coordinates":[[[[603089.024071000050753,2659555.096115],[603122.794981000013649,2659519.839979],[603124.201931400690228,2659518.456685064826161],[603095.446735996752977,2659504.177789406850934],[603062.885153542039916,2659547.837654551956803],[603063.684294023318216,2659549.395472705364227],[603076.599365636124276,2659555.337387782055885],[603089.024071000050753,2659555.096115]]]]}},
{"type":"Feature","properties":{"fid":382,"Clave":"ZFMT-189-213-23","ID":155,"NOMBRE DEL OCUPANTE IRREGULAR":"NULL","ID-OCUPACION":"134-slv-tgm","ID - Actualizado":213,"ZONA":"SLV","X":603123.4266,"Y":2659496.967,"TIPO DE USO":"General","ZF":null,"TGM":1332.1292,"TOTAL":1332.1292,"TIPO DE USO APLICABLE":80.99,"TARIFA ANUAL":107889.143908,"IMPORTE BIMESTRAL":17981.523984666699,"DEBE DESDE":null,"DEBE HASTA":null,"OBSERVACIONES":null},"geometry":{"type":"MultiPolygon","coordinates":[[[[603124.201931400690228,2659518.456685064826161],[603152.486995643354021,2659490.64720592694357],[603120.351467756321654,2659473.7337701972574],[603115.696524996077642,2659477.026066724210978],[603095.446735996752977,2659504.177789406850934],[603124.201931400690228,2659518.456685064826161]]]]}},
{"type":"Feature","properties":{"fid":383,"Clave":"ZFMT-189-214-23","ID":156,"NOMBRE DEL OCUPANTE IRREGULAR":"NULL","ID-OCUPACION":"135-slv-tgm","ID - Actualizado":214,"ZONA":"SLV","X":603154.1187,"Y":2659468.56,"TIPO DE USO":"General","ZF":null,"TGM":1334.4655,"TOTAL":1334.4655,"TIPO DE USO APLICABLE":80.99,"TARIFA ANUAL":108078.360845,"IMPORTE BIMESTRAL":18013.060140833299,"DEBE DESDE":null,"DEBE HASTA":null,"OBSERVACIONES":null},"geometry":{"type":"MultiPolygon","coordinates":[[[[603152.486995643354021,2659490.64720592694357],[603158.171272000065073,2659485.058505],[603179.502488003810868,2659466.634297776035964],[603162.192265533376485,2659444.141072647180408],[603120.351467756321654,2659473.7337701972574],[603152.486995643354021,2659490.64720592694357]]]]}},
{"type":"Feature","properties":{"fid":384,"Clave":"ZFMT-189-215-23","ID":157,"NOMBRE DEL OCUPANTE IRREGULAR":"BARBARA DIANE SHIRLEY","ID-OCUPACION":"136-slv-tgm","ID - Actualizado":215,"ZONA":"SLV","X":603173.2777,"Y":2659455.193,"TIPO DE USO":"General","ZF":null,"TGM":114.2419,"TOTAL":114.2419,"TIPO DE USO APLICABLE":80.99,"TARIFA ANUAL":9252.451481,"IMPORTE BIMESTRAL":1542.0752468333301,"DEBE DESDE":null,"DEBE HASTA":null,"OBSERVACIONES":null},"geometry":{"type":"MultiPolygon","coordinates":[[[[603179.502488003810868,2659466.634297776035964],[603182.660031856154092,2659463.907062617596239],[603165.408433425240219,2659441.866376925259829],[603162.192265533376485,2659444.141072647180408],[603179.502488003810868,2659466.634297776035964]]]]}},
{"type":"Feature","properties":{"fid":385,"Clave":"ZFMT-189-216-23","ID":158,"NOMBRE DEL OCUPANTE IRREGULAR":"MICHELLE SUSAN HAUSWIRTH Y COP","ID-OCUPACION":"137-slv-tgm","ID - Actualizado":216,"ZONA":"SLV","X":603181.4531,"Y":2659447.27,"TIPO DE USO":"General","ZF":null,"TGM":537.4497,"TOTAL":537.4497,"TIPO DE USO APLICABLE":80.99,"TARIFA ANUAL":43528.051203000003,"IMPORTE BIMESTRAL":7254.6752004999998,"DEBE DESDE":null,"DEBE HASTA":null,"OBSERVACIONES":null},"geometry":{"type":"MultiPolygon","coordinates":[[[[603182.660031856154092,2659463.907062617596239],[603195.762558000045829,2659452.590143001172692],[603197.685091063147411,2659451.019183808472008],[603181.730481378734112,2659430.322299036197364],[603165.408433425240219,2659441.866376925259829],[603182.660031856154092,2659463.907062617596239]]]]}},
{"type":"Feature","properties":{"fid":386,"Clave":"ZFMT-174-74-23","ID":18,"NOMBRE DEL OCUPANTE IRREGULAR":"ALVAREZ AMADOR MARCOS","ID-OCUPACION":"14-slv-tgm","ID - Actualizado":74,"ZONA":"SLV","X":602289.1468,"Y":2665826.052,"TIPO DE USO":"General","ZF":null,"TGM":964.9353,"TOTAL":964.9353,"TIPO DE USO APLICABLE":80.99,"TARIFA ANUAL":78150.109947000004,"IMPORTE BIMESTRAL":13025.018324500001,"DEBE DESDE":null,"DEBE HASTA":null,"OBSERVACIONES":null},"geometry":{"type":"MultiPolygon","coordinates":[[[[602299.981167712016031,2665842.37840857449919],[602307.454303,2665812.452391],[602307.664126804564148,2665811.721439473796636],[602275.379090490750968,2665810.774972611106932],[602269.866175266099162,2665841.600913072004914],[602299.981167712016031,2665842.37840857449919]]]]}},
{"type":"Feature","properties":{"fid":387,"Clave":"ZFMT-189-220-23","ID":162,"NOMBRE DEL OCUPANTE IRREGULAR":"COLIN LANE O BYRNE Y COP","ID-OCUPACION":"141-slv-tgm","ID - Actualizado":220,"ZONA":"SLV","X":603267.1896,"Y":2659387.06,"TIPO DE USO":"General","ZF":null,"TGM":736.3326,"TOTAL":736.3326,"TIPO DE USO APLICABLE":80.99,"TARIFA ANUAL":59635.577274000003,"IMPORTE BIMESTRAL":9939.262879,"DEBE DESDE":null,"DEBE HASTA":null,"OBSERVACIONES":null},"geometry":{"type":"MultiPolygon","coordinates":[[[[603260.229477107059211,2659405.252113134134561],[603276.981629000045359,2659394.783043],[603285.903104736702517,2659388.906458223704249],[603274.364114516531117,2659368.109951134771109],[603248.407077897689305,2659383.660776309669018],[603260.229477107059211,2659405.252113134134561]]]]}},
{"type":"Feature","properties":{"fid":388,"Clave":"ZFMT-189-221-23","ID":163,"NOMBRE DEL OCUPANTE IRREGULAR":"GAIL CHESNUT","ID-OCUPACION":"142-slv-tgm","ID - Actualizado":221,"ZONA":"SLV","X":603293.6492,"Y":2659370.352,"TIPO DE USO":"General","ZF":null,"TGM":689.583,"TOTAL":689.583,"TIPO DE USO APLICABLE":80.99,"TARIFA ANUAL":55849.32717,"IMPORTE BIMESTRAL":9308.221195,"DEBE DESDE":null,"DEBE HASTA":null,"OBSERVACIONES":null},"geometry":{"type":"MultiPolygon","coordinates":[[[[603285.903104736702517,2659388.906458223704249],[603310.854465226759203,2659372.470972713083029],[603299.910129085299559,2659352.805368709377944],[603274.364114516531117,2659368.109951134771109],[603285.903104736702517,2659388.906458223704249]]]]}},
{"type":"Feature","properties":{"fid":389,"Clave":"ZFMT-189-222-23","ID":164,"NOMBRE DEL OCUPANTE IRREGULAR":"INMOBILIARIA BECKGUZ S.A. PROMOTORA DE INVERSION DE C.V.","ID-OCUPACION":"143-slv-tgm","ID - Actualizado":222,"ZONA":"SLV","X":603318.6771,"Y":2659354.836,"TIPO DE USO":"Protección","ZF":null,"TGM":688.0498,"TOTAL":688.0498,"TIPO DE USO APLICABLE":28.19,"TARIFA ANUAL":19396.123862,"IMPORTE BIMESTRAL":3232.6873103333301,"DEBE DESDE":null,"DEBE HASTA":null,"OBSERVACIONES":null},"geometry":{"type":"MultiPolygon","coordinates":[[[[603310.854465226759203,2659372.470972713083029],[603318.710131000145338,2659367.296438000164926],[603337.378707688767463,2659358.281204279046506],[603325.846594558213837,2659337.266867680009454],[603299.910129085299559,2659352.805368709377944],[603310.854465226759203,2659372.470972713083029]]]]}},
{"type":"Feature","properties":{"fid":390,"Clave":"ZFMT-189-224-23","ID":166,"NOMBRE DEL OCUPANTE IRREGULAR":"PICTONARDI. S. DE R.L. DE C.V.","ID-OCUPACION":"145-slv-tgm","ID - Actualizado":224,"ZONA":"SLV","X":603387.7368,"Y":2659318.449,"TIPO DE USO":"General","ZF":null,"TGM":1751.2804,"TOTAL":1751.2804,"TIPO DE USO APLICABLE":80.99,"TARIFA ANUAL":141836.19959599999,"IMPORTE BIMESTRAL":23639.366599333302,"DEBE DESDE":null,"DEBE HASTA":null,"OBSERVACIONES":null},"geometry":{"type":"MultiPolygon","coordinates":[[[[603364.593909575021826,2659345.134643665980548],[603406.911521999980323,2659324.558462],[603418.332727284287103,2659318.658375925850123],[603402.972002327791415,2659291.061141258105636],[603351.613892774214037,2659321.829714523628354],[603364.593909575021826,2659345.134643665980548]]]]}},
{"type":"Feature","properties":{"fid":391,"Clave":"ZFMT-189-225-23","ID":167,"NOMBRE DEL OCUPANTE IRREGULAR":"VARIAL INMOBILIARIA S.A. DE R.L. DE C.V.","ID-OCUPACION":"146-slv-tgm","ID - Actualizado":225,"ZONA":"SLV","X":603423.6562,"Y":2659297.091,"TIPO DE USO":"General","ZF":null,"TGM":973.238,"TOTAL":973.238,"TIPO DE USO APLICABLE":80.99,"TARIFA ANUAL":78822.54562,"IMPORTE BIMESTRAL":13137.0909366667,"DEBE DESDE":null,"DEBE HASTA":null,"OBSERVACIONES":null},"geometry":{"type":"MultiPolygon","coordinates":[[[[603418.332727284287103,2659318.658375925850123],[603444.896301307133399,2659304.93588611157611],[603428.824773193686269,2659275.921419293154031],[603426.325293822446838,2659277.070216230116785],[603402.972002327791415,2659291.061141258105636],[603418.332727284287103,2659318.658375925850123]]]]}},
{"type":"Feature","properties":{"fid":392,"Clave":"ZFMT-190-232-23","ID":174,"NOMBRE DEL OCUPANTE IRREGULAR":"DE LA PENA VERDUGO GUADALUPE","ID-OCUPACION":"148-slv-tgm","ID - Actualizado":232,"ZONA":"SLV","X":609899.3168,"Y":2658008.731,"TIPO DE USO":"Protección","ZF":null,"TGM":881.3735,"TOTAL":881.3735,"TIPO DE USO APLICABLE":28.19,"TARIFA ANUAL":24845.918965000001,"IMPORTE BIMESTRAL":4140.9864941666701,"DEBE DESDE":null,"DEBE HASTA":null,"OBSERVACIONES":null},"geometry":{"type":"MultiPolygon","coordinates":[[[[609917.412650011479855,2658024.676262081600726],[609921.910561079275794,2658003.686667991802096],[609882.389793753740378,2657993.201566456817091],[609877.611795090953819,2658014.10131227876991],[609898.593852999969386,2658019.747080000117421],[609917.412650011479855,2658024.676262081600726]]]]}},
{"type":"Feature","properties":{"fid":393,"Clave":"ZFMT-190-233-23","ID":175,"NOMBRE DEL OCUPANTE IRREGULAR":"CRISTINA AVALOS CERVATES Y COP","ID-OCUPACION":"149-slv-tgm","ID - Actualizado":233,"ZONA":"SLV","X":610009.0182,"Y":2658036.84,"TIPO DE USO":"Protección","ZF":null,"TGM":363.055,"TOTAL":363.055,"TIPO DE USO APLICABLE":28.19,"TARIFA ANUAL":10234.52045,"IMPORTE BIMESTRAL":1705.7534083333301,"DEBE DESDE":null,"DEBE HASTA":null,"OBSERVACIONES":null},"geometry":{"type":"MultiPolygon","coordinates":[[[[609997.685960891889408,2658043.222177133429796],[610017.443154515232891,2658047.874838998075575],[610021.11685770121403,2658029.917307295836508],[610001.122510678251274,2658026.168367229402065],[609997.685960891889408,2658043.222177133429796]]]]}},
{"type":"Feature","properties":{"fid":394,"Clave":"ZFMT-174-75-23","ID":19,"NOMBRE DEL OCUPANTE IRREGULAR":"COURTNEY MEGAN FELDT Y COP","ID-OCUPACION":"15-slv-tgm","ID - Actualizado":75,"ZONA":"SLV","X":602303.1455,"Y":2665766.658,"TIPO DE USO":"General","ZF":null,"TGM":1067.5351,"TOTAL":1067.5351,"TIPO DE USO APLICABLE":80.99,"TARIFA ANUAL":86459.667749,"IMPORTE BIMESTRAL":14409.944624833301,"DEBE DESDE":null,"DEBE HASTA":null,"OBSERVACIONES":null},"geometry":{"type":"MultiPolygon","coordinates":[[[[602316.1527729423251,2665782.150014725048095],[602320.792503,2665765.986845000181347],[602323.458776907529682,2665753.35857002530247],[602285.826791165280156,2665752.355754135176539],[602280.672355436603539,2665781.177225608378649],[602316.1527729423251,2665782.150014725048095]]]]}},
{"type":"Feature","properties":{"fid":395,"Clave":"ZFMT-174-76-23","ID":20,"NOMBRE DEL OCUPANTE IRREGULAR":"NULL","ID-OCUPACION":"16-slv-tgm","ID - Actualizado":76,"ZONA":"SLV","X":602321.3276,"Y":2665674.703,"TIPO DE USO":"General","ZF":null,"TGM":1185.7503,"TOTAL":1185.7503,"TIPO DE USO APLICABLE":80.99,"TARIFA ANUAL":96033.916796999998,"IMPORTE BIMESTRAL":16005.6527995,"DEBE DESDE":null,"DEBE HASTA":null,"OBSERVACIONES":null},"geometry":{"type":"MultiPolygon","coordinates":[[[[602335.292989899870008,2665692.118822542950511],[602338.718146000057459,2665672.084090999793261],[602340.192994527169503,2665661.29702014150098],[602302.260083655361086,2665660.467583314981312],[602296.761811666074209,2665691.211644863709807],[602335.292989899870008,2665692.118822542950511]]]]}},
{"type":"Feature","properties":{"fid":396,"Clave":"ZFMT-174-109-23","ID":53,"NOMBRE DEL OCUPANTE IRREGULAR":"NULL","ID-OCUPACION":"163-slv-tgm-2024","ID - Actualizado":109,"ZONA":"SLV","X":602360.4158,"Y":2664530.166,"TIPO DE USO":"General","ZF":null,"TGM":438.3068,"TOTAL":438.3068,"TIPO DE USO APLICABLE":80.99,"TARIFA ANUAL":35498.467731999997,"IMPORTE BIMESTRAL":5916.4112886666699,"DEBE DESDE":null,"DEBE HASTA":null,"OBSERVACIONES":"Actualización ZF 2024"},"geometry":{"type":"MultiPolygon","coordinates":[[[[602348.818968921084888,2664541.336618524976075],[602372.052909485413693,2664540.099308080971241],[602370.357310483581387,2664532.163904752582312],[602368.09685029881075,2664526.64909431245178],[602366.240480523207225,2664523.324897272046655],[602362.310686764656566,2664519.216476525180042],[602347.969173282384872,2664519.274765336420387],[602348.818968921084888,2664541.336618524976075]]]]}},
{"type":"Feature","properties":{"fid":397,"Clave":"ZFMT-174-78-23","ID":22,"NOMBRE DEL OCUPANTE IRREGULAR":"WILLIAM J. EDSELL","ID-OCUPACION":"18-slv-tgm","ID - Actualizado":78,"ZONA":"SLV","X":602339.0076,"Y":2665495.539,"TIPO DE USO":"General","ZF":null,"TGM":1002.3121,"TOTAL":1002.3121,"TIPO DE USO APLICABLE":80.99,"TARIFA ANUAL":81177.256978999998,"IMPORTE BIMESTRAL":13529.542829833301,"DEBE DESDE":null,"DEBE HASTA":null,"OBSERVACIONES":null},"geometry":{"type":"MultiPolygon","coordinates":[[[[602355.732116860686801,2665509.922109235078096],[602356.948738,2665480.393689],[602357.06310732557904,2665477.263331240043044],[602319.432331317453645,2665487.696051832288504],[602319.472422675113194,2665509.429228477645665],[602355.732116860686801,2665509.922109235078096]]]]}},
{"type":"Feature","properties":{"fid":398,"Clave":"ZFMT-174-79-23","ID":23,"NOMBRE DEL OCUPANTE IRREGULAR":"VENTANA BAY RESORTS SA DE CV","ID-OCUPACION":"19-slv-tgm","ID - Actualizado":79,"ZONA":"SLV","X":602335.0707,"Y":2665451.249,"TIPO DE USO":"General","ZF":null,"TGM":2701.0679,"TOTAL":2701.0679,"TIPO DE USO APLICABLE":80.99,"TARIFA ANUAL":218759.489221,"IMPORTE BIMESTRAL":36459.9148701667,"DEBE DESDE":null,"DEBE HASTA":null,"OBSERVACIONES":null},"geometry":{"type":"MultiPolygon","coordinates":[[[[602357.06310732557904,2665477.263331240043044],[602358.740681000053883,2665431.347122999839485],[602359.584760219557211,2665420.561586511321366],[602302.991016707848758,2665426.81560526881367],[602319.405689966166392,2665473.25400680815801],[602319.432331317453645,2665487.696051832288504],[602357.06310732557904,2665477.263331240043044]]]]}},
{"type":"Feature","properties":{"fid":399,"Clave":"ZFMT-174-62-23","ID":6,"NOMBRE DEL OCUPANTE IRREGULAR":"MARVIENTO S. DE R.L. DE C.V.","ID-OCUPACION":"2-slv-tgm","ID - Actualizado":62,"ZONA":"SLV","X":602195.4885,"Y":2666362.335,"TIPO DE USO":"General","ZF":null,"TGM":1046.9325,"TOTAL":1046.9325,"TIPO DE USO APLICABLE":80.99,"TARIFA ANUAL":84791.063175000003,"IMPORTE BIMESTRAL":14131.8438625,"DEBE DESDE":null,"DEBE HASTA":null,"OBSERVACIONES":null},"geometry":{"type":"MultiPolygon","coordinates":[[[[602212.317752328352071,2666378.5077661764808],[602207.753319148672745,2666346.256136526353657],[602171.685341627919115,2666345.650876798201352],[602183.361513574724086,2666378.03597409883514],[602212.317752328352071,2666378.5077661764808]]]]}},
{"type":"Feature","properties":{"fid":400,"Clave":"ZFMT-174-80-23","ID":24,"NOMBRE DEL OCUPANTE IRREGULAR":"NULL","ID-OCUPACION":"20-slv-tgm","ID - Actualizado":80,"ZONA":"SLV","X":602329.8179,"Y":2665400.391,"TIPO DE USO":"Protección","ZF":null,"TGM":2203.7068,"TOTAL":2203.7068,"TIPO DE USO APLICABLE":28.19,"TARIFA ANUAL":62122.494692,"IMPORTE BIMESTRAL":10353.749115333299,"DEBE DESDE":null,"DEBE HASTA":null,"OBSERVACIONES":null},"geometry":{"type":"MultiPolygon","coordinates":[[[[602359.932825063006021,2665416.114058384206146],[602362.567614999949001,2665382.447048999834806],[602362.582559602567926,2665382.223173763137311],[602288.019641407765448,2665384.460407157894224],[602298.985459313727915,2665415.483568393625319],[602359.932825063006021,2665416.114058384206146]]]]}},
{"type":"Feature","properties":{"fid":401,"Clave":"ZFMT-174-81-23","ID":25,"NOMBRE DEL OCUPANTE IRREGULAR":"NULL","ID-OCUPACION":"21-slv-tgm","ID - Actualizado":81,"ZONA":"SLV","X":602326.8947,"Y":2665367.673,"TIPO DE USO":"General","ZF":null,"TGM":2307.27,"TOTAL":2307.27,"TIPO DE USO APLICABLE":80.99,"TARIFA ANUAL":186865.7973,"IMPORTE BIMESTRAL":31144.29955,"DEBE DESDE":null,"DEBE HASTA":null,"OBSERVACIONES":null},"geometry":{"type":"MultiPolygon","coordinates":[[[[602362.582559602567926,2665382.223173763137311],[602364.609884334728122,2665351.853158914949745],[602291.863139019231312,2665352.113899937365204],[602288.019641407765448,2665384.460407157894224],[602362.582559602567926,2665382.223173763137311]]]]}},
{"type":"Feature","properties":{"fid":402,"Clave":"ZFMT-174-82-23","ID":26,"NOMBRE DEL OCUPANTE IRREGULAR":"NULL","ID-OCUPACION":"22-slv-tgm","ID - Actualizado":82,"ZONA":"SLV","X":602330.3184,"Y":2665339.418,"TIPO DE USO":"General","ZF":null,"TGM":1704.7027,"TOTAL":1704.7027,"TIPO DE USO APLICABLE":80.99,"TARIFA ANUAL":138063.87167299999,"IMPORTE BIMESTRAL":23010.645278833301,"DEBE DESDE":null,"DEBE HASTA":null,"OBSERVACIONES":null},"geometry":{"type":"MultiPolygon","coordinates":[[[[602364.609884334728122,2665351.853158914949745],[602365.805698000011034,2665333.939463001210243],[602366.148609739728272,2665328.673938033170998],[602294.724169129272923,2665328.035744967404753],[602291.863139019231312,2665352.113899937365204],[602364.609884334728122,2665351.853158914949745]]]]}},
{"type":"Feature","properties":{"fid":403,"Clave":"ZFMT-174-83-23","ID":27,"NOMBRE DEL OCUPANTE IRREGULAR":"NULL","ID-OCUPACION":"23-slv-tgm","ID - Actualizado":83,"ZONA":"SLV","X":602326.9124,"Y":2665312.86,"TIPO DE USO":"General","ZF":null,"TGM":1888.1137,"TOTAL":1888.1137,"TIPO DE USO APLICABLE":80.99,"TARIFA ANUAL":152918.32856299999,"IMPORTE BIMESTRAL":25486.388093833299,"DEBE DESDE":null,"DEBE HASTA":null,"OBSERVACIONES":null},"geometry":{"type":"MultiPolygon","coordinates":[[[[602366.148609739728272,2665328.673938033170998],[602367.874355369131081,2665302.174534115940332],[602297.912525684107095,2665301.202842036727816],[602294.724169129272923,2665328.035744967404753],[602366.148609739728272,2665328.673938033170998]]]]}},
{"type":"Feature","properties":{"fid":404,"Clave":"ZFMT-174-84-23","ID":28,"NOMBRE DEL OCUPANTE IRREGULAR":"NULL","ID-OCUPACION":"24-slv-tgm","ID - Actualizado":84,"ZONA":"SLV","X":602334.625,"Y":2665296.783,"TIPO DE USO":"General","ZF":null,"TGM":690.9778,"TOTAL":690.9778,"TIPO DE USO APLICABLE":80.99,"TARIFA ANUAL":55962.292022000001,"IMPORTE BIMESTRAL":9327.0486703333299,"DEBE DESDE":null,"DEBE HASTA":null,"OBSERVACIONES":null},"geometry":{"type":"MultiPolygon","coordinates":[[[[602367.874355369131081,2665302.174534115940332],[602368.514775794115849,2665292.340663335751742],[602299.095793435699306,2665291.244574140757322],[602297.912525684107095,2665301.202842036727816],[602367.874355369131081,2665302.174534115940332]]]]}},
{"type":"Feature","properties":{"fid":405,"Clave":"ZFMT-174-85-23","ID":29,"NOMBRE DEL OCUPANTE IRREGULAR":"ROBERT JOSEPH MAC DOUGAL Y COP","ID-OCUPACION":"25-slv-tgm","ID - Actualizado":85,"ZONA":"SLV","X":602335.5931000001,"Y":2665282.365,"TIPO DE USO":"General","ZF":null,"TGM":1380.6392,"TOTAL":1380.6392,"TIPO DE USO APLICABLE":80.99,"TARIFA ANUAL":111817.96880800001,"IMPORTE BIMESTRAL":18636.328134666699,"DEBE DESDE":null,"DEBE HASTA":null,"OBSERVACIONES":null},"geometry":{"type":"MultiPolygon","coordinates":[[[[602368.514775794115849,2665292.340663335751742],[602368.959246000042185,2665285.51567400014028],[602369.569445755565539,2665271.873323709238321],[602301.424260092782788,2665271.648422106634825],[602299.095793435699306,2665291.244574140757322],[602368.514775794115849,2665292.340663335751742]]]]}},
{"type":"Feature","properties":{"fid":406,"Clave":"ZFMT-174-86-23","ID":30,"NOMBRE DEL OCUPANTE IRREGULAR":"SOC MERC VENTANA VENTURES CORP S.A. DE C.V.","ID-OCUPACION":"26-slv-tgm","ID - Actualizado":86,"ZONA":"SLV","X":602335.8516000001,"Y":2665262.536,"TIPO DE USO":"General","ZF":null,"TGM":1277.8345,"TOTAL":1277.8345,"TIPO DE USO APLICABLE":80.99,"TARIFA ANUAL":103491.81615499999,"IMPORTE BIMESTRAL":17248.636025833301,"DEBE DESDE":null,"DEBE HASTA":null,"OBSERVACIONES":null},"geometry":{"type":"MultiPolygon","coordinates":[[[[602369.569445755565539,2665271.873323709238321],[602370.42413784598466,2665252.764812464825809],[602303.652654820587486,2665252.894465830177069],[602301.424260092782788,2665271.648422106634825],[602369.569445755565539,2665271.873323709238321]]]]}},
{"type":"Feature","properties":{"fid":407,"Clave":"ZFMT-174-87-23","ID":31,"NOMBRE DEL OCUPANTE IRREGULAR":"ELLEM M.REGONINI","ID-OCUPACION":"27-slv-tgm","ID - Actualizado":87,"ZONA":"SLV","X":602339.0097000001,"Y":2665242.843,"TIPO DE USO":"General","ZF":null,"TGM":1342.9591,"TOTAL":1342.9591,"TIPO DE USO APLICABLE":80.99,"TARIFA ANUAL":108766.257509,"IMPORTE BIMESTRAL":18127.709584833301,"DEBE DESDE":null,"DEBE HASTA":null,"OBSERVACIONES":null},"geometry":{"type":"MultiPolygon","coordinates":[[[[602370.42413784598466,2665252.764812464825809],[602371.133200000156648,2665236.912177000194788],[602371.374250011984259,2665232.628192656673491],[602306.091962394304574,2665232.365487274248153],[602303.652654820587486,2665252.894465830177069],[602370.42413784598466,2665252.764812464825809]]]]}},
{"type":"Feature","properties":{"fid":408,"Clave":"ZFMT-174-88-23","ID":32,"NOMBRE DEL OCUPANTE IRREGULAR":"RICHARD DOUGLAS COUILLARD","ID-OCUPACION":"28-slv-tgm","ID - Actualizado":88,"ZONA":"SLV","X":602340.2206,"Y":2665217.19,"TIPO DE USO":"General","ZF":null,"TGM":1948.4359,"TOTAL":1948.4359,"TIPO DE USO APLICABLE":80.99,"TARIFA ANUAL":157803.82354099999,"IMPORTE BIMESTRAL":26300.637256833299,"DEBE DESDE":null,"DEBE HASTA":null,"OBSERVACIONES":null},"geometry":{"type":"MultiPolygon","coordinates":[[[[602371.374250011984259,2665232.628192656673491],[602373.080680558341555,2665202.301200807094574],[602309.679139545653015,2665202.176148457918316],[602306.091962394304574,2665232.365487274248153],[602371.374250011984259,2665232.628192656673491]]]]}},
{"type":"Feature","properties":{"fid":409,"Clave":"ZFMT-174-89-23","ID":33,"NOMBRE DEL OCUPANTE IRREGULAR":"MICHAEL JAMES JABLONSKI Y COP","ID-OCUPACION":"29-slv-tgm","ID - Actualizado":89,"ZONA":"SLV","X":602347.2603,"Y":2665158.36,"TIPO DE USO":"General","ZF":null,"TGM":1999.2849,"TOTAL":1999.2849,"TIPO DE USO APLICABLE":80.99,"TARIFA ANUAL":161922.08405100001,"IMPORTE BIMESTRAL":26987.014008499998,"DEBE DESDE":null,"DEBE HASTA":null,"OBSERVACIONES":null},"geometry":{"type":"MultiPolygon","coordinates":[[[[602375.528303817030974,2665174.410724681802094],[602379.466022979700938,2665142.536637440789491],[602316.750617147423327,2665142.663271274417639],[602312.955305574228987,2665174.604249419178814],[602375.528303817030974,2665174.410724681802094]]]]}},
{"type":"Feature","properties":{"fid":410,"Clave":"ZFMT-174-63-23","ID":7,"NOMBRE DEL OCUPANTE IRREGULAR":"MONTALVO DELGADO GUDELIA","ID-OCUPACION":"3-slv-tgm","ID - Actualizado":63,"ZONA":"SLV","X":602182.035,"Y":2666312.709,"TIPO DE USO":"General","ZF":null,"TGM":1449.1567,"TOTAL":1449.1567,"TIPO DE USO APLICABLE":80.99,"TARIFA ANUAL":117367.201133,"IMPORTE BIMESTRAL":19561.2001888333,"DEBE DESDE":null,"DEBE HASTA":null,"OBSERVACIONES":null},"geometry":{"type":"MultiPolygon","coordinates":[[[[602205.564447023672983,2666334.080646777525544],[602194.414658253313974,2666293.219483813736588],[602160.111680807778612,2666293.059189526829869],[602167.848834650823846,2666332.974462615791708],[602205.564447023672983,2666334.080646777525544]]]]}},
{"type":"Feature","properties":{"fid":411,"Clave":"ZFMT-174-90-23","ID":34,"NOMBRE DEL OCUPANTE IRREGULAR":"DAVID JOHN PAGANO Y COP","ID-OCUPACION":"30-slv-tgm","ID - Actualizado":90,"ZONA":"SLV","X":602351.0955000001,"Y":2665124.393,"TIPO DE USO":"General","ZF":null,"TGM":1745.4133,"TOTAL":1745.4133,"TIPO DE USO APLICABLE":80.99,"TARIFA ANUAL":141361.02316700001,"IMPORTE BIMESTRAL":23560.170527833299,"DEBE DESDE":null,"DEBE HASTA":null,"OBSERVACIONES":null},"geometry":{"type":"MultiPolygon","coordinates":[[[[602379.920469098025933,2665138.858098006807268],[602380.024744000053033,2665138.014039],[602384.533831250504591,2665111.203947919886559],[602320.488697223481722,2665111.203947918955237],[602317.232258023228496,2665138.609827863518149],[602379.920469098025933,2665138.858098006807268]]]]}},
{"type":"Feature","properties":{"fid":412,"Clave":"ZFMT-174-91-23","ID":35,"NOMBRE DEL OCUPANTE IRREGULAR":"CORTAND GRAHAM ZOFF","ID-OCUPACION":"31-slv-tgm","ID - Actualizado":91,"ZONA":"SLV","X":602355.2984,"Y":2665097.035,"TIPO DE USO":"General","ZF":null,"TGM":1809.6247,"TOTAL":1809.6247,"TIPO DE USO APLICABLE":80.99,"TARIFA ANUAL":146561.504453,"IMPORTE BIMESTRAL":24426.917408833298,"DEBE DESDE":null,"DEBE HASTA":null,"OBSERVACIONES":null},"geometry":{"type":"MultiPolygon","coordinates":[[[[602384.533831250504591,2665111.203947919886559],[602388.196233000024222,2665089.428072],[602389.383299129782245,2665082.721550594549626],[602323.74341941869352,2665083.812518124934286],[602320.488697223481722,2665111.203947918955237],[602384.533831250504591,2665111.203947919886559]]]]}},
{"type":"Feature","properties":{"fid":413,"Clave":"ZFMT-174-92-23","ID":36,"NOMBRE DEL OCUPANTE IRREGULAR":"HENRY HOGILL KIM","ID-OCUPACION":"32-slv-tgm","ID - Actualizado":92,"ZONA":"SLV","X":602359.7503,"Y":2665068.737,"TIPO DE USO":"General","ZF":null,"TGM":1938.8039,"TOTAL":1938.8039,"TIPO DE USO APLICABLE":80.99,"TARIFA ANUAL":157023.72786099999,"IMPORTE BIMESTRAL":26170.621310166702,"DEBE DESDE":null,"DEBE HASTA":null,"OBSERVACIONES":null},"geometry":{"type":"MultiPolygon","coordinates":[[[[602389.383299129782245,2665082.721550594549626],[602394.711769059649669,2665052.617500998545438],[602336.227096698130481,2665053.128842396195978],[602325.318558867555112,2665070.556295614223927],[602323.74341941869352,2665083.812518124934286],[602389.383299129782245,2665082.721550594549626]]]]}},
{"type":"Feature","properties":{"fid":414,"Clave":"ZFMT-174-93-23","ID":37,"NOMBRE DEL OCUPANTE IRREGULAR":"FUENTES JOSE DE JESUS","ID-OCUPACION":"33-slv-tgm","ID - Actualizado":93,"ZONA":"SLV","X":602371.1497,"Y":2665038.321,"TIPO DE USO":"General","ZF":null,"TGM":1553.3775,"TOTAL":1553.3775,"TIPO DE USO APLICABLE":80.99,"TARIFA ANUAL":125808.043725,"IMPORTE BIMESTRAL":20968.007287500001,"DEBE DESDE":null,"DEBE HASTA":null,"OBSERVACIONES":null},"geometry":{"type":"MultiPolygon","coordinates":[[[[602394.711769059649669,2665052.617500998545438],[602396.776786,2665040.950855],[602400.775301846675575,2665022.83568315114826],[602355.115697852801532,2665022.952459631953388],[602336.227096698130481,2665053.128842396195978],[602394.711769059649669,2665052.617500998545438]]]]}},
{"type":"Feature","properties":{"fid":415,"Clave":"ZFMT-174-94-23","ID":38,"NOMBRE DEL OCUPANTE IRREGULAR":"SEAS THE DAY BAJA LLC","ID-OCUPACION":"34-slv-tgm","ID - Actualizado":94,"ZONA":"SLV","X":602387.8078,"Y":2664994.871,"TIPO DE USO":"General","ZF":null,"TGM":1953.8075,"TOTAL":1953.8075,"TIPO DE USO APLICABLE":80.99,"TARIFA ANUAL":158238.86942500001,"IMPORTE BIMESTRAL":26373.1449041667,"DEBE DESDE":null,"DEBE HASTA":null,"OBSERVACIONES":null},"geometry":{"type":"MultiPolygon","coordinates":[[[[602400.775301846675575,2665022.83568315114826],[602407.530006000073627,2664992.233672],[602415.307124965940602,2664966.869363261852413],[602390.507804798544385,2664966.410116591956466],[602355.115697852801532,2665022.952459631953388],[602400.775301846675575,2665022.83568315114826]]]]}},
{"type":"Feature","properties":{"fid":416,"Clave":"ZFMT-174-95-23","ID":39,"NOMBRE DEL OCUPANTE IRREGULAR":"NULL","ID-OCUPACION":"35-slv-tgm","ID - Actualizado":95,"ZONA":"SLV","X":602409.798,"Y":2664949.756,"TIPO DE USO":"General","ZF":null,"TGM":564.9254,"TOTAL":564.9254,"TIPO DE USO APLICABLE":80.99,"TARIFA ANUAL":45753.308146000003,"IMPORTE BIMESTRAL":7625.5513576666699,"DEBE DESDE":null,"DEBE HASTA":null,"OBSERVACIONES":null},"geometry":{"type":"MultiPolygon","coordinates":[[[[602416.166487791691907,2664964.066635911352932],[602421.868461000034586,2664945.470211000181735],[602424.166659562964924,2664935.97738729743287],[602406.671839493908919,2664935.919553181622177],[602403.750594855751842,2664945.253467755857855],[602391.974682795000263,2664964.066635911352932],[602416.166487791691907,2664964.066635911352932]]]]}},
{"type":"Feature","properties":{"fid":417,"Clave":"ZFMT-174-96-23","ID":40,"NOMBRE DEL OCUPANTE IRREGULAR":"NULL","ID-OCUPACION":"36-slv-tgm","ID - Actualizado":96,"ZONA":"SLV","X":602420.078,"Y":2664917.759,"TIPO DE USO":"General","ZF":null,"TGM":471.4238,"TOTAL":471.4238,"TIPO DE USO APLICABLE":80.99,"TARIFA ANUAL":38180.613562,"IMPORTE BIMESTRAL":6363.4355936666698,"DEBE DESDE":null,"DEBE HASTA":null,"OBSERVACIONES":null},"geometry":{"type":"MultiPolygon","coordinates":[[[[602425.068002391257323,2664932.25434582401067],[602432.095879088155925,2664903.225350869819522],[602416.883476717979647,2664903.291491749696434],[602407.789553708280437,2664932.348250436596572],[602425.068002391257323,2664932.25434582401067]]]]}},
{"type":"Feature","properties":{"fid":418,"Clave":"ZFMT-174-97-23","ID":41,"NOMBRE DEL OCUPANTE IRREGULAR":"SIMON HIRALES GERALDO","ID-OCUPACION":"37-slv-tgm","ID - Actualizado":97,"ZONA":"SLV","X":602426.697,"Y":2664892.195,"TIPO DE USO":"Protección","ZF":null,"TGM":325.0747,"TOTAL":325.0747,"TIPO DE USO APLICABLE":28.19,"TARIFA ANUAL":9163.855793000001,"IMPORTE BIMESTRAL":1527.3092988333301,"DEBE DESDE":null,"DEBE HASTA":null,"OBSERVACIONES":null},"geometry":{"type":"MultiPolygon","coordinates":[[[[602432.095879088155925,2664903.225350869819522],[602432.824973999988288,2664900.213788],[602434.649690085207112,2664877.669469194486737],[602424.918933379231021,2664877.616727965418249],[602416.883476717979647,2664903.291491749696434],[602432.095879088155925,2664903.225350869819522]]]]}},
{"type":"Feature","properties":{"fid":419,"Clave":"ZFMT-174-98-23","ID":42,"NOMBRE DEL OCUPANTE IRREGULAR":"NULL","ID-OCUPACION":"38-slv-tgm-2024","ID - Actualizado":98,"ZONA":"SLV","X":602431.4785,"Y":2664857.03,"TIPO DE USO":"General","ZF":null,"TGM":448.6117,"TOTAL":448.6117,"TIPO DE USO APLICABLE":80.99,"TARIFA ANUAL":36333.061583000002,"IMPORTE BIMESTRAL":6055.5102638333301,"DEBE DESDE":null,"DEBE HASTA":null,"OBSERVACIONES":"Actualización ZF 2024"},"geometry":{"type":"MultiPolygon","coordinates":[[[[602424.886769116972573,2664842.814483223948628],[602427.264848362538032,2664870.121097587049007],[602426.703672719071619,2664871.914157110266387],[602439.394393779686652,2664871.918415639083833],[602443.705346797243692,2664844.683902118820697],[602443.692929709446616,2664843.276388922706246],[602424.886769116972573,2664842.814483223948628]]]]}},
{"type":"Feature","properties":{"fid":420,"Clave":"ZFMT-174-99-23","ID":43,"NOMBRE DEL OCUPANTE IRREGULAR":"DAVID GEORGE NIXON Y COP","ID-OCUPACION":"39-slv-tgm-2024","ID - Actualizado":99,"ZONA":"SLV","X":602432.1318,"Y":2664828.166,"TIPO DE USO":"General","ZF":null,"TGM":567.712,"TOTAL":567.712,"TIPO DE USO APLICABLE":80.99,"TARIFA ANUAL":45978.99488,"IMPORTE BIMESTRAL":7663.1658133333303,"DEBE DESDE":null,"DEBE HASTA":null,"OBSERVACIONES":"Actualización ZF 2024"},"geometry":{"type":"MultiPolygon","coordinates":[[[[602424.886769116972573,2664842.814483223948628],[602443.692929709446616,2664843.276388922706246],[602443.441978166229092,2664814.830297983251512],[602422.397775074117817,2664814.234274802263826],[602424.886769116972573,2664842.814483223948628]]]]}},
{"type":"Feature","properties":{"fid":421,"Clave":"ZFMT-174-64-23","ID":8,"NOMBRE DEL OCUPANTE IRREGULAR":"NEIL PALMER HANSCOMB","ID-OCUPACION":"4-slv-tgm","ID - Actualizado":64,"ZONA":"SLV","X":602175.3463,"Y":2666278.434,"TIPO DE USO":"General","ZF":null,"TGM":1126.6084,"TOTAL":1126.6084,"TIPO DE USO APLICABLE":80.99,"TARIFA ANUAL":91244.014316000001,"IMPORTE BIMESTRAL":15207.335719333299,"DEBE DESDE":null,"DEBE HASTA":null,"OBSERVACIONES":null},"geometry":{"type":"MultiPolygon","coordinates":[[[[602194.414658253313974,2666293.219483813736588],[602193.489960000151768,2666289.830697999801487],[602192.910499,2666263.740199999883771],[602192.877939160796814,2666262.274178267456591],[602154.035642941715196,2666261.713462706655264],[602160.111680807778612,2666293.059189526829869],[602194.414658253313974,2666293.219483813736588]]]]}},
{"type":"Feature","properties":{"fid":422,"Clave":"ZFMT-174-100-23","ID":44,"NOMBRE DEL OCUPANTE IRREGULAR":"STUARD DONALD ROSS","ID-OCUPACION":"40-slv-tgm-2024","ID - Actualizado":100,"ZONA":"SLV","X":602432.8652,"Y":2664799.271,"TIPO DE USO":"General","ZF":null,"TGM":596.1966,"TOTAL":596.1966,"TIPO DE USO APLICABLE":80.99,"TARIFA ANUAL":48285.962634000003,"IMPORTE BIMESTRAL":8047.660439,"DEBE DESDE":null,"DEBE HASTA":null,"OBSERVACIONES":"Actualización ZF 2024"},"geometry":{"type":"MultiPolygon","coordinates":[[[[602422.195355390547775,2664811.909963596612215],[602443.418229310424067,2664812.138295762240887],[602443.294781487202272,2664798.145124164875597],[602442.637683933600783,2664784.916249150875956],[602419.877527226111852,2664785.295190365519375],[602422.195355390547775,2664811.909963596612215]]]]}},
{"type":"Feature","properties":{"fid":423,"Clave":"ZFMT-174-101-23","ID":45,"NOMBRE DEL OCUPANTE IRREGULAR":"NULL","ID-OCUPACION":"41-slv-tgm-2024","ID - Actualizado":101,"ZONA":"SLV","X":602428.6179,"Y":2664764.407,"TIPO DE USO":"Protección","ZF":null,"TGM":680.1866,"TOTAL":680.1866,"TIPO DE USO APLICABLE":28.19,"TARIFA ANUAL":19174.460254000001,"IMPORTE BIMESTRAL":3195.7433756666701,"DEBE DESDE":null,"DEBE HASTA":null,"OBSERVACIONES":"Actualización ZF 2024"},"geometry":{"type":"MultiPolygon","coordinates":[[[[602419.39258537965361,2664779.726780475117266],[602442.370443708146922,2664779.536092854104936],[602441.638313206611201,2664764.79663317091763],[602440.952540974365547,2664750.990471365861595],[602414.493723339517601,2664751.357954944018275],[602417.636824927059934,2664759.566025242209435],[602419.39258537965361,2664779.726780475117266]]]]}},
{"type":"Feature","properties":{"fid":424,"Clave":"ZFMT-174-102-23","ID":46,"NOMBRE DEL OCUPANTE IRREGULAR":"JED WESLEY SELBY Y COP","ID-OCUPACION":"42-slv-tgm-2024","ID - Actualizado":102,"ZONA":"SLV","X":602424.2531,"Y":2664738.521,"TIPO DE USO":"Protección","ZF":null,"TGM":775.5135,"TOTAL":775.5135,"TIPO DE USO APLICABLE":28.19,"TARIFA ANUAL":21861.725565000001,"IMPORTE BIMESTRAL":3643.6209275000001,"DEBE DESDE":null,"DEBE HASTA":null,"OBSERVACIONES":"Actualización ZF 2024"},"geometry":{"type":"MultiPolygon","coordinates":[[[[602414.493723339517601,2664751.357954944018275],[602440.952540974365547,2664750.990471365861595],[602440.050645051058382,2664732.833245885092765],[602438.335771088604815,2664725.464301923289895],[602404.859187404857948,2664726.197791952639818],[602414.493723339517601,2664751.357954944018275]]]]}},
{"type":"Feature","properties":{"fid":425,"Clave":"ZFMT-174-103-23","ID":47,"NOMBRE DEL OCUPANTE IRREGULAR":"LISA  MICHELLE WILSON-NICHOLSON","ID-OCUPACION":"43-slv-tgm-2024","ID - Actualizado":103,"ZONA":"SLV","X":602416.1118,"Y":2664704.737,"TIPO DE USO":"General","ZF":null,"TGM":579.2357,"TOTAL":579.2357,"TIPO DE USO APLICABLE":80.99,"TARIFA ANUAL":46912.299343,"IMPORTE BIMESTRAL":7818.7165571666701,"DEBE DESDE":null,"DEBE HASTA":null,"OBSERVACIONES":"Actualización ZF 2024"},"geometry":{"type":"MultiPolygon","coordinates":[[[[602401.42798548063729,2664717.237360411789268],[602424.772796269855462,2664716.820654150564224],[602422.343851942219771,2664707.992357986979187],[602416.351059731561691,2664692.907053456641734],[602392.268416696460918,2664693.317553054075688],[602401.42798548063729,2664717.237360411789268]]]]}},
{"type":"Feature","properties":{"fid":426,"Clave":"ZFMT-174-104-23","ID":48,"NOMBRE DEL OCUPANTE IRREGULAR":"NORMAN EVERETT APPLEGATE Y COP","ID-OCUPACION":"44-slv-tgm-2024","ID - Actualizado":104,"ZONA":"SLV","X":602408.114,"Y":2664677.485,"TIPO DE USO":"General","ZF":null,"TGM":757.0292,"TOTAL":757.0292,"TIPO DE USO APLICABLE":80.99,"TARIFA ANUAL":61311.794908000003,"IMPORTE BIMESTRAL":10218.632484666699,"DEBE DESDE":null,"DEBE HASTA":null,"OBSERVACIONES":"Actualización ZF 2024"},"geometry":{"type":"MultiPolygon","coordinates":[[[[602392.268416696460918,2664693.317553054075688],[602416.351059731561691,2664692.907053456641734],[602416.148195631452836,2664692.396395549643785],[602410.878327045240439,2664678.082293037790805],[602405.333326801308431,2664662.008990227244794],[602380.490649599116296,2664662.560437002684921],[602392.268416696460918,2664693.317553054075688]]]]}},
{"type":"Feature","properties":{"fid":427,"Clave":"ZFMT-174-105-23","ID":49,"NOMBRE DEL OCUPANTE IRREGULAR":"KIRBY BRYAN MOORE","ID-OCUPACION":"45-slv-tgm-2024","ID - Actualizado":105,"ZONA":"SLV","X":602401.8255,"Y":2664647.172,"TIPO DE USO":"General","ZF":null,"TGM":707.1621,"TOTAL":707.1621,"TIPO DE USO APLICABLE":80.99,"TARIFA ANUAL":57273.058479,"IMPORTE BIMESTRAL":9545.5097465,"DEBE DESDE":null,"DEBE HASTA":null,"OBSERVACIONES":"Actualización ZF 2024"},"geometry":{"type":"MultiPolygon","coordinates":[[[[602380.490649599116296,2664662.560437002684921],[602405.333326801308431,2664662.008990227244794],[602402.918939310009591,2664655.010400589555502],[602396.564224534085952,2664637.418847595807165],[602395.68801486142911,2664634.506376008037478],[602369.7587314437842,2664634.534509046003222],[602380.490649599116296,2664662.560437002684921]]]]}},
{"type":"Feature","properties":{"fid":428,"Clave":"ZFMT-174-106-23","ID":50,"NOMBRE DEL OCUPANTE IRREGULAR":"TERRY CHRISTIAN YUNG","ID-OCUPACION":"46-slv-tgm-2024","ID - Actualizado":106,"ZONA":"SLV","X":602392.3784,"Y":2664620.012,"TIPO DE USO":"General","ZF":null,"TGM":740.2174,"TOTAL":740.2174,"TIPO DE USO APLICABLE":80.99,"TARIFA ANUAL":59950.207226,"IMPORTE BIMESTRAL":9991.7012043333307,"DEBE DESDE":null,"DEBE HASTA":null,"OBSERVACIONES":"Actualización ZF 2024"},"geometry":{"type":"MultiPolygon","coordinates":[[[[602369.7587314437842,2664634.534509046003222],[602395.68801486142911,2664634.506376008037478],[602391.507999268826097,2664620.612239672336727],[602387.648520305287093,2664607.275595698039979],[602359.276375156012364,2664607.16030083084479],[602369.7587314437842,2664634.534509046003222]]]]}},
{"type":"Feature","properties":{"fid":429,"Clave":"ZFMT-174-107-23","ID":51,"NOMBRE DEL OCUPANTE IRREGULAR":"CASA TERRY S. DE R.L. DE C.V.","ID-OCUPACION":"47-slv-tgm-2024","ID - Actualizado":107,"ZONA":"SLV","X":602385.2595,"Y":2664592.283,"TIPO DE USO":"General","ZF":null,"TGM":887.2425,"TOTAL":887.2425,"TIPO DE USO APLICABLE":80.99,"TARIFA ANUAL":71857.770074999993,"IMPORTE BIMESTRAL":11976.295012500001,"DEBE DESDE":null,"DEBE HASTA":null,"OBSERVACIONES":"Actualización ZF 2024"},"geometry":{"type":"MultiPolygon","coordinates":[[[[602359.276375156012364,2664607.16030083084479],[602387.648520305287093,2664607.275595698039979],[602385.098699636990204,2664598.464548721909523],[602380.22045850881841,2664577.880750790704042],[602350.198417414678261,2664577.148981833830476],[602350.468424276332371,2664584.158728024922311],[602359.276375156012364,2664607.16030083084479]]]]}},
{"type":"Feature","properties":{"fid":430,"Clave":"ZFMT-174-108-23","ID":52,"NOMBRE DEL OCUPANTE IRREGULAR":"ERIC DANIEL VIGOUROUX","ID-OCUPACION":"48-slv-tgm-2024","ID - Actualizado":108,"ZONA":"SLV","X":602380.969,"Y":2664555.892,"TIPO DE USO":"General","ZF":null,"TGM":813.4291,"TOTAL":813.4291,"TIPO DE USO APLICABLE":80.99,"TARIFA ANUAL":65879.622808999993,"IMPORTE BIMESTRAL":10979.937134833301,"DEBE DESDE":null,"DEBE HASTA":null,"OBSERVACIONES":"Actualización ZF 2024"},"geometry":{"type":"MultiPolygon","coordinates":[[[[602349.9804229401052,2664571.489548109937459],[602378.912907092133537,2664572.204096879810095],[602372.052909485413693,2664540.099308080971241],[602348.818968921084888,2664541.336618524976075],[602349.9804229401052,2664571.489548109937459]]]]}},
{"type":"Feature","properties":{"fid":431,"Clave":"ZFMT-174-111-23","ID":55,"NOMBRE DEL OCUPANTE IRREGULAR":"RUBEN SEPULVEDA SOTO","ID-OCUPACION":"49-slv-tgm-2024","ID - Actualizado":111,"ZONA":"SLV","X":602370.5059,"Y":2664461.199,"TIPO DE USO":"General","ZF":null,"TGM":2182.4613,"TOTAL":2182.4613,"TIPO DE USO APLICABLE":80.99,"TARIFA ANUAL":176757.540687,"IMPORTE BIMESTRAL":29459.590114499999,"DEBE DESDE":null,"DEBE HASTA":null,"OBSERVACIONES":"Actualización ZF 2024"},"geometry":{"type":"MultiPolygon","coordinates":[[[[602347.662119918852113,2664511.303241454530507],[602361.283783235936426,2664510.027357896789908],[602359.654377459664829,2664474.055408978834748],[602376.528286352870055,2664473.707166956737638],[602375.118310138583183,2664466.221851107198745],[602372.399589013657533,2664434.133933064062148],[602370.616351253120229,2664413.087130369618535],[602355.443664479069412,2664412.789058367721736],[602346.149471812765114,2664412.606471153441817],[602345.140746386372484,2664445.844947507139295],[602347.662119918852113,2664511.303241454530507]]]]}},
{"type":"Feature","properties":{"fid":432,"Clave":"ZFMT-174-65-23","ID":9,"NOMBRE DEL OCUPANTE IRREGULAR":"NEIL PALMER HANSCOMB","ID-OCUPACION":"5-slv-tgm","ID - Actualizado":65,"ZONA":"SLV","X":602172.606,"Y":2666246.34,"TIPO DE USO":"Protección","ZF":null,"TGM":1261.2941,"TOTAL":1261.2941,"TIPO DE USO APLICABLE":28.19,"TARIFA ANUAL":35555.880679000002,"IMPORTE BIMESTRAL":5925.98011316667,"DEBE DESDE":null,"DEBE HASTA":null,"OBSERVACIONES":null},"geometry":{"type":"MultiPolygon","coordinates":[[[[602192.877939160796814,2666262.274178267456591],[602192.331037999945693,2666237.649702],[602192.749583025462925,2666232.417452115565538],[602148.032801628345624,2666230.745350246317685],[602154.035642941715196,2666261.713462706655264],[602192.877939160796814,2666262.274178267456591]]]]}},
{"type":"Feature","properties":{"fid":433,"Clave":"ZFMT-174-112-23","ID":56,"NOMBRE DEL OCUPANTE IRREGULAR":"FRANCISCO JAVIER HIRALES","ID-OCUPACION":"50-slv-tgm-2024","ID - Actualizado":112,"ZONA":"SLV","X":602368.5934,"Y":2664386.879,"TIPO DE USO":"General","ZF":null,"TGM":1202.8486,"TOTAL":1202.8486,"TIPO DE USO APLICABLE":80.99,"TARIFA ANUAL":97418.708113999994,"IMPORTE BIMESTRAL":16236.451352333301,"DEBE DESDE":null,"DEBE HASTA":null,"OBSERVACIONES":"Actualización ZF 2024"},"geometry":{"type":"MultiPolygon","coordinates":[[[[602370.616351253120229,2664413.087130369618535],[602369.67938971996773,2664402.028568827081472],[602370.443191401078366,2664361.576847606804222],[602347.737965008011088,2664360.264087264891714],[602346.149471812765114,2664412.606471153441817],[602370.616351253120229,2664413.087130369618535]]]]}},
{"type":"Feature","properties":{"fid":434,"Clave":"ZFMT-174-114-23","ID":58,"NOMBRE DEL OCUPANTE IRREGULAR":"RANCHO DELFINES A. DE R.L. DE C.V.","ID-OCUPACION":"52-slv-tgm-2024","ID - Actualizado":114,"ZONA":"SLV","X":602364.2731,"Y":2664299.18,"TIPO DE USO":"General","ZF":null,"TGM":886.1731,"TOTAL":886.1731,"TIPO DE USO APLICABLE":80.99,"TARIFA ANUAL":71771.159369000001,"IMPORTE BIMESTRAL":11961.8598948333,"DEBE DESDE":null,"DEBE HASTA":null,"OBSERVACIONES":"Actualización ZF 2024"},"geometry":{"type":"MultiPolygon","coordinates":[[[[602372.965865032747388,2664313.929418851155788],[602373.617375175235793,2664303.180188986938447],[602375.262861269293353,2664276.031404784880579],[602350.022983329603449,2664284.970528221689165],[602348.958736864151433,2664320.03847639542073],[602372.965865032747388,2664313.929418851155788]]]]}},
{"type":"Feature","properties":{"fid":435,"Clave":"ZFMT-174-115-23","ID":59,"NOMBRE DEL OCUPANTE IRREGULAR":"RANCHO DELFINES A. DE R.L. DE C.V.","ID-OCUPACION":"53-slv-tgm-2024","ID - Actualizado":115,"ZONA":"SLV","X":602364.3984,"Y":2664272.815,"TIPO DE USO":"Protección","ZF":null,"TGM":374.0239,"TOTAL":374.0239,"TIPO DE USO APLICABLE":28.19,"TARIFA ANUAL":10543.733741,"IMPORTE BIMESTRAL":1757.2889568333301,"DEBE DESDE":null,"DEBE HASTA":null,"OBSERVACIONES":"Actualización ZF 2024"},"geometry":{"type":"MultiPolygon","coordinates":[[[[602350.022983329603449,2664284.970528221689165],[602375.262861269293353,2664276.031404784880579],[602376.159026774461381,2664261.245619603898376],[602351.090385559597053,2664269.629992444068193],[602350.368174107163213,2664273.596158945001662],[602350.022983329603449,2664284.970528221689165]]]]}},
{"type":"Feature","properties":{"fid":436,"Clave":"ZFMT-174-116-23","ID":60,"NOMBRE DEL OCUPANTE IRREGULAR":"ERIC ROY SWANSON","ID-OCUPACION":"54-slv-tgm-2024","ID - Actualizado":116,"ZONA":"SLV","X":602367.0101,"Y":2664227.836,"TIPO DE USO":"Protección","ZF":null,"TGM":268.2829,"TOTAL":268.2829,"TIPO DE USO APLICABLE":28.19,"TARIFA ANUAL":7562.894951,"IMPORTE BIMESTRAL":1260.48249183333,"DEBE DESDE":null,"DEBE HASTA":null,"OBSERVACIONES":"Actualización ZF 2024"},"geometry":{"type":"MultiPolygon","coordinates":[[[[602359.905288233421743,2664221.221217462327331],[602356.654633030062541,2664239.072831043042243],[602376.909654530580156,2664232.240078156813979],[602377.08349310036283,2664220.773259739391506],[602359.905288233421743,2664221.221217462327331]]]]}},
{"type":"Feature","properties":{"fid":437,"Clave":"ZFMT-174-120-23","ID":64,"NOMBRE DEL OCUPANTE IRREGULAR":"NULL","ID-OCUPACION":"58-slv-tgm-2024","ID - Actualizado":120,"ZONA":"SLV","X":602386.9233,"Y":2664129.151,"TIPO DE USO":"General","ZF":null,"TGM":1017.1757,"TOTAL":1017.1757,"TIPO DE USO APLICABLE":80.99,"TARIFA ANUAL":82381.059943,"IMPORTE BIMESTRAL":13730.176657166699,"DEBE DESDE":null,"DEBE HASTA":null,"OBSERVACIONES":"Actualización ZF 2024"},"geometry":{"type":"MultiPolygon","coordinates":[[[[602360.607599825365469,2664094.638723285868764],[602360.607599825365469,2664142.162449690978974],[602380.117936546099372,2664143.558936447836459],[602381.872627821052447,2664122.122212549205869],[602383.094708917313255,2664095.393714035395533],[602360.607599825365469,2664094.638723285868764]]]]}},
{"type":"Feature","properties":{"fid":438,"Clave":"ZFMT-174-121-23","ID":65,"NOMBRE DEL OCUPANTE IRREGULAR":"POZO LUCERO AGUSTIN","ID-OCUPACION":"59-slv-tgm-2024","ID - Actualizado":121,"ZONA":"SLV","X":602371.7684,"Y":2664058.469,"TIPO DE USO":"General","ZF":null,"TGM":1078.8747,"TOTAL":1078.8747,"TIPO DE USO APLICABLE":80.99,"TARIFA ANUAL":87378.061952999997,"IMPORTE BIMESTRAL":14563.010325499999,"DEBE DESDE":null,"DEBE HASTA":null,"OBSERVACIONES":"Actualización ZF 2024"},"geometry":{"type":"MultiPolygon","coordinates":[[[[602360.607599825365469,2664034.799405639059842],[602360.607599825365469,2664080.021549934055656],[602383.827889075619169,2664079.358113098423928],[602385.742852915660478,2664037.475370363797992],[602385.90175147773698,2664035.556642434094101],[602360.607599825365469,2664034.799405639059842]]]]}},
{"type":"Feature","properties":{"fid":439,"Clave":"ZFMT-174-66-23","ID":10,"NOMBRE DEL OCUPANTE IRREGULAR":"JESUS GERARDO DAVILA TREVINO","ID-OCUPACION":"6-slv-tgm","ID - Actualizado":66,"ZONA":"SLV","X":602169.8451,"Y":2666216.26,"TIPO DE USO":"General","ZF":null,"TGM":1502.7977,"TOTAL":1502.7977,"TIPO DE USO APLICABLE":80.99,"TARIFA ANUAL":121711.585723,"IMPORTE BIMESTRAL":20285.264287166701,"DEBE DESDE":null,"DEBE HASTA":null,"OBSERVACIONES":null},"geometry":{"type":"MultiPolygon","coordinates":[[[[602192.749583025462925,2666232.417452115565538],[602194.34612349991221,2666212.459029001183808],[602195.208577677374706,2666201.677451166324317],[602142.067304534255527,2666199.969893217086792],[602148.032801628345624,2666230.745350246317685],[602192.749583025462925,2666232.417452115565538]]]]}},
{"type":"Feature","properties":{"fid":440,"Clave":"ZFMT-174-67-23","ID":11,"NOMBRE DEL OCUPANTE IRREGULAR":"SCOTIABANK INVERLAT S.A.","ID-OCUPACION":"7-slv-tgm","ID - Actualizado":67,"ZONA":"SLV","X":602170.2159,"Y":2666189.698,"TIPO DE USO":"General","ZF":null,"TGM":1398.6809,"TOTAL":1398.6809,"TIPO DE USO APLICABLE":80.99,"TARIFA ANUAL":113279.16609100001,"IMPORTE BIMESTRAL":18879.861015166702,"DEBE DESDE":null,"DEBE HASTA":null,"OBSERVACIONES":null},"geometry":{"type":"MultiPolygon","coordinates":[[[[602195.208577677374706,2666201.677451166324317],[602196.361209000111558,2666187.268356],[602198.154209869913757,2666176.564278014935553],[602137.367852106806822,2666175.725845493841916],[602142.067304534255527,2666199.969893217086792],[602195.208577677374706,2666201.677451166324317]]]]}},
{"type":"Feature","properties":{"fid":441,"Clave":"ZFMT-174-134-23","ID":78,"NOMBRE DEL OCUPANTE IRREGULAR":"OSCAR FRANCISCO Y COPS MARTINEZ MORA","ID-OCUPACION":"71-slv-tgm","ID - Actualizado":134,"ZONA":"SLV","X":602446.367,"Y":2663308.24,"TIPO DE USO":"General","ZF":null,"TGM":581.7803,"TOTAL":581.7803,"TIPO DE USO APLICABLE":80.99,"TARIFA ANUAL":47118.386497,"IMPORTE BIMESTRAL":7853.0644161666696,"DEBE DESDE":null,"DEBE HASTA":null,"OBSERVACIONES":null},"geometry":{"type":"MultiPolygon","coordinates":[[[[602456.877931909519248,2663325.685840267222375],[602451.589906868874095,2663287.765228246338665],[602439.863668999285437,2663290.369161608163267],[602435.644599556922913,2663323.017777563072741],[602456.877931909519248,2663325.685840267222375]]]]}},
{"type":"Feature","properties":{"fid":442,"Clave":"ZFMT-174-135-23","ID":79,"NOMBRE DEL OCUPANTE IRREGULAR":"ISAAC MICHAN BETECH Y COPS","ID-OCUPACION":"72-slv-tgm","ID - Actualizado":135,"ZONA":"SLV","X":602446.0092,"Y":2663283.828,"TIPO DE USO":"General","ZF":null,"TGM":111.4125,"TOTAL":111.4125,"TIPO DE USO APLICABLE":80.99,"TARIFA ANUAL":9023.298375,"IMPORTE BIMESTRAL":1503.8830625000001,"DEBE DESDE":null,"DEBE HASTA":null,"OBSERVACIONES":null},"geometry":{"type":"MultiPolygon","coordinates":[[[[602451.589906868874095,2663287.765228246338665],[602450.257855999865569,2663278.213045],[602441.434091078233905,2663278.216693381778896],[602439.863668999285437,2663290.369161608163267],[602451.589906868874095,2663287.765228246338665]]]]}},
{"type":"Feature","properties":{"fid":443,"Clave":"ZFMT-174-140-23","ID":84,"NOMBRE DEL OCUPANTE IRREGULAR":"MARIA DE LA ESPERANZA LANDA HERNANDEZ","ID-OCUPACION":"77-slv-tgm","ID - Actualizado":140,"ZONA":"SLV","X":602649.1583,"Y":2662763.931,"TIPO DE USO":"General","ZF":null,"TGM":252.7506,"TOTAL":252.7506,"TIPO DE USO APLICABLE":80.99,"TARIFA ANUAL":20470.271094,"IMPORTE BIMESTRAL":3411.711849,"DEBE DESDE":null,"DEBE HASTA":null,"OBSERVACIONES":null},"geometry":{"type":"MultiPolygon","coordinates":[[[[602649.056800639838912,2662782.978090121876448],[602649.550136000150815,2662781.548876000102609],[602656.667091693379916,2662743.299958050251007],[602650.574164301040582,2662742.87303399015218],[602642.841970027191564,2662781.475862443447113],[602649.056800639838912,2662782.978090121876448]]]]}},
{"type":"Feature","properties":{"fid":444,"Clave":"ZFMT-174-141-23","ID":85,"NOMBRE DEL OCUPANTE IRREGULAR":"TORRES MENDOZA ANGEL","ID-OCUPACION":"78-slv-tgm","ID - Actualizado":141,"ZONA":"SLV","X":602657.7055,"Y":2662723.158,"TIPO DE USO":"General","ZF":null,"TGM":251.1911,"TOTAL":251.1911,"TIPO DE USO APLICABLE":80.99,"TARIFA ANUAL":20343.967189,"IMPORTE BIMESTRAL":3390.6611981666701,"DEBE DESDE":null,"DEBE HASTA":null,"OBSERVACIONES":null},"geometry":{"type":"MultiPolygon","coordinates":[[[[602656.667091693379916,2662743.299958050251007],[602658.21557500003837,2662734.977887],[602664.836867201142013,2662701.846366239245981],[602658.852896234369837,2662701.541626976802945],[602650.574164301040582,2662742.87303399015218],[602656.667091693379916,2662743.299958050251007]]]]}},
{"type":"Feature","properties":{"fid":445,"Clave":"ZFMT-174-148-23","ID":92,"NOMBRE DEL OCUPANTE IRREGULAR":"COSIO BELTRAN RITA Y COP","ID-OCUPACION":"84-slv-tgm","ID - Actualizado":148,"ZONA":"SLV","X":602741.6822,"Y":2662415.544,"TIPO DE USO":"Protección","ZF":null,"TGM":253.4643,"TOTAL":253.4643,"TIPO DE USO APLICABLE":28.19,"TARIFA ANUAL":7145.158617,"IMPORTE BIMESTRAL":1190.8597695000001,"DEBE DESDE":null,"DEBE HASTA":null,"OBSERVACIONES":null},"geometry":{"type":"MultiPolygon","coordinates":[[[[602739.40702088305261,2662434.936520206741989],[602742.410734000033699,2662426.475374001078308],[602751.1698290000204,2662401.801918],[602751.501723100082017,2662401.406026992481202],[602745.733252471545711,2662400.89704429032281],[602738.430035341414623,2662413.658451039809734],[602732.558544012485072,2662434.764076544437557],[602739.40702088305261,2662434.936520206741989]]]]}},
{"type":"Feature","properties":{"fid":446,"Clave":"ZFMT-174-149-23","ID":93,"NOMBRE DEL OCUPANTE IRREGULAR":"NULL","ID-OCUPACION":"85-slv-tgm","ID - Actualizado":149,"ZONA":"SLV","X":602754.1953,"Y":2662392.604,"TIPO DE USO":"Protección","ZF":null,"TGM":133.838,"TOTAL":133.838,"TIPO DE USO APLICABLE":28.19,"TARIFA ANUAL":3772.89322,"IMPORTE BIMESTRAL":628.81553666666696,"DEBE DESDE":null,"DEBE HASTA":null,"OBSERVACIONES":null},"geometry":{"type":"MultiPolygon","coordinates":[[[[602751.501723100082017,2662401.406026992481202],[602763.52173452405259,2662387.068277602083981],[602756.090513332979754,2662382.79909973917529],[602745.733252471545711,2662400.89704429032281],[602751.501723100082017,2662401.406026992481202]]]]}},
{"type":"Feature","properties":{"fid":447,"Clave":"ZFMT-174-69-23","ID":13,"NOMBRE DEL OCUPANTE IRREGULAR":"STEWART GODSEY MICHAEL","ID-OCUPACION":"9-slv-tgm","ID - Actualizado":69,"ZONA":"SLV","X":602203.1591,"Y":2666071.062,"TIPO DE USO":"General","ZF":null,"TGM":729.8742,"TOTAL":729.8742,"TIPO DE USO APLICABLE":80.99,"TARIFA ANUAL":59112.511458000001,"IMPORTE BIMESTRAL":9852.085243,"DEBE DESDE":null,"DEBE HASTA":null,"OBSERVACIONES":null},"geometry":{"type":"MultiPolygon","coordinates":[[[[602219.681118041393347,2666079.578802636358887],[602225.978787999949418,2666065.215540499892086],[602227.040848557953723,2666062.793270946480334],[602179.277267425088212,2666061.943367637693882],[602181.200659919064492,2666078.894353013951331],[602219.681118041393347,2666079.578802636358887]]]]}},
{"type":"Feature","properties":{"fid":448,"Clave":"ZFMT-189-173-23","ID":115,"NOMBRE DEL OCUPANTE IRREGULAR":"EJIDO EL SARGENTO Y SU ANEXO A LA VENTANA","ID-OCUPACION":"96-slv-tgm","ID - Actualizado":173,"ZONA":"SLV","X":602814.2975,"Y":2660571.643,"TIPO DE USO":"General","ZF":null,"TGM":4332.1216,"TOTAL":4332.1216,"TIPO DE USO APLICABLE":80.99,"TARIFA ANUAL":350858.528384,"IMPORTE BIMESTRAL":58476.421397333303,"DEBE DESDE":null,"DEBE HASTA":null,"OBSERVACIONES":null},"geometry":{"type":"MultiPolygon","coordinates":[[[[602848.880092516192235,2660692.422059238888323],[602848.87615599995479,2660692.117275999858975],[602845.440340999979526,2660644.127530001103878],[602842.6958759999834,2660608.115354999899864],[602839.733098000055179,2660600.805980000179261],[602824.421931999968365,2660553.616959999781102],[602813.295006000087596,2660505.129261],[602807.925224146456458,2660480.414102966431528],[602780.896877520368434,2660481.8895179387182],[602782.900680872728117,2660518.903914195019752],[602806.852557032601908,2660606.595573707018048],[602815.315994130447507,2660637.581574108917266],[602848.880092516192235,2660692.422059238888323]]]]}},
{"type":"Feature","properties":{"fid":449,"Clave":"ZFMT-189-174-23","ID":116,"NOMBRE DEL OCUPANTE IRREGULAR":"AMADOR LEON PANTALEON","ID-OCUPACION":"97-slv-tgm","ID - Actualizado":174,"ZONA":"SLV","X":602791.6795,"Y":2660457.978,"TIPO DE USO":"General","ZF":null,"TGM":636.8315,"TOTAL":636.8315,"TIPO DE USO APLICABLE":80.99,"TARIFA ANUAL":51576.983184999997,"IMPORTE BIMESTRAL":8596.1638641666705,"DEBE DESDE":null,"DEBE HASTA":null,"OBSERVACIONES":null},"geometry":{"type":"MultiPolygon","coordinates":[[[[602806.107246321043931,2660472.046610490418971],[602802.862736999988556,2660457.113311001099646],[602800.405598555575125,2660444.124073701910675],[602779.069192142225802,2660448.128385269548744],[602780.456756486208178,2660473.759571284521371],[602806.107246321043931,2660472.046610490418971]]]]}},
{"type":"Feature","properties":{"fid":450,"Clave":"ZFMT-189-175-23","ID":117,"NOMBRE DEL OCUPANTE IRREGULAR":"AMADOR LEON PANTALEON","ID-OCUPACION":"98-slv-tgm","ID - Actualizado":175,"ZONA":"SLV","X":602789.587,"Y":2660436.935,"TIPO DE USO":"General","ZF":null,"TGM":368.5483,"TOTAL":368.5483,"TIPO DE USO APLICABLE":80.99,"TARIFA ANUAL":29848.726817,"IMPORTE BIMESTRAL":4974.7878028333298,"DEBE DESDE":null,"DEBE HASTA":null,"OBSERVACIONES":null},"geometry":{"type":"MultiPolygon","coordinates":[[[[602800.405598555575125,2660444.124073701910675],[602797.406845282297581,2660428.271683309692889],[602777.991478930460289,2660428.220791130326688],[602779.069192142225802,2660448.128385269548744],[602800.405598555575125,2660444.124073701910675]]]]}},
{"type":"Feature","properties":{"fid":451,"Clave":"ZFMT-189-176-23","ID":118,"NOMBRE DEL OCUPANTE IRREGULAR":"JOHN ERIC PERRY","ID-OCUPACION":"99-slv-tgm","ID - Actualizado":176,"ZONA":"SLV","X":602785.5739,"Y":2660427.363,"TIPO DE USO":"General","ZF":null,"TGM":36.966,"TOTAL":36.966,"TIPO DE USO APLICABLE":80.99,"TARIFA ANUAL":2993.87634,"IMPORTE BIMESTRAL":498.97939,"DEBE DESDE":null,"DEBE HASTA":null,"OBSERVACIONES":null},"geometry":{"type":"MultiPolygon","coordinates":[[[[602797.406845282297581,2660428.271683309692889],[602797.011475617997348,2660426.181629998143762],[602777.897151846904308,2660426.478374617639929],[602777.991478930460289,2660428.220791130326688],[602797.406845282297581,2660428.271683309692889]]]]}},
{"type":"Feature","properties":{"fid":452,"Clave":"ZFMT-174-158-23","ID":102,"NOMBRE DEL OCUPANTE IRREGULAR":"OSUNA RAZURA JOSE HUMBERTO Y COP","ID-OCUPACION":"36-slv-zf y 91-slv-tgm","ID - Actualizado":158,"ZONA":"SLV","X":602774.8356,"Y":2661894.487,"TIPO DE USO":"General","ZF":216.766,"TGM":617.6487,"TOTAL":834.4147,"TIPO DE USO APLICABLE":80.99,"TARIFA ANUAL":67579.246553000004,"IMPORTE BIMESTRAL":11263.2077588333,"DEBE DESDE":null,"DEBE HASTA":null,"OBSERVACIONES":null},"geometry":{"type":"MultiPolygon","coordinates":[[[[602764.490119113121182,2661890.21989932982251],[602763.519422481418587,2661879.95116824330762],[602757.42338350485079,2661879.359106903895736],[602757.423383504734375,2661959.339632520452142],[602765.565191079746,2661958.568287568632513],[602765.92909,2661956.023295001126826],[602765.356991,2661927.175113],[602765.219261176185682,2661900.64070132188499],[602785.181132840225473,2661900.390945859719068],[602785.154220000025816,2661896.302048],[602784.483298934530467,2661889.204558849800378],[602764.490119113121182,2661890.21989932982251]]]]}},
{"type":"Feature","properties":{"fid":453,"Clave":"ZFMT-174-60-23","ID":4,"NOMBRE DEL OCUPANTE IRREGULAR":"GRUPO MADERERO CANAMEX S DE R. L DE C. V","ID-OCUPACION":"1-slv-zf","ID - Actualizado":60,"ZONA":"SLV","X":601739.0577,"Y":2667877.156,"TIPO DE USO":"General","ZF":1492.3852,"TGM":null,"TOTAL":1492.3852,"TIPO DE USO APLICABLE":80.99,"TARIFA ANUAL":120868.277348,"IMPORTE BIMESTRAL":20144.7128913333,"DEBE DESDE":null,"DEBE HASTA":null,"OBSERVACIONES":null},"geometry":{"type":"MultiPolygon","coordinates":[[[[601721.266703371307813,2667841.649651241954416],[601725.62860673724208,2667872.244527622126043],[601726.194204024155624,2667876.213252125773579],[601734.453683843836188,2667902.628656948916614],[601738.308581229997799,2667915.182970723137259],[601758.293404461932369,2667911.853827321901917],[601745.765812000143342,2667871.789307000115514],[601741.335693197208457,2667840.702776803635061],[601721.266703371307813,2667841.649651241954416]]]]}},
{"type":"Feature","properties":{"fid":454,"Clave":"ZFMT-174-150-23","ID":94,"NOMBRE DEL OCUPANTE IRREGULAR":"SUSANA PASALAGUA MORALES, FERNANDO PASALAGUA MORALES, CONSUELO PASALAGUA MORALES Y JORGE IGNACIO PASALAGUA MORALES","ID-OCUPACION":"26-slv-zf","ID - Actualizado":150,"ZONA":"SLV","X":602774.9445,"Y":2662322.31,"TIPO DE USO":"General","ZF":479.5719,"TGM":null,"TOTAL":479.5719,"TIPO DE USO APLICABLE":80.99,"TARIFA ANUAL":38840.528181000001,"IMPORTE BIMESTRAL":6473.4213634999996,"DEBE DESDE":null,"DEBE HASTA":null,"OBSERVACIONES":null},"geometry":{"type":"MultiPolygon","coordinates":[[[[602763.243417369201779,2662311.510225190315396],[602766.765343999955803,2662330.362057],[602767.925503010977991,2662334.366240451578051],[602788.779743861639872,2662334.475588490720838],[602786.246332,2662325.731747999787331],[602783.403332724003121,2662310.514012382365763],[602763.243417369201779,2662311.510225190315396]]]]}},
{"type":"Feature","properties":{"fid":455,"Clave":"ZFMT-174-153-23","ID":97,"NOMBRE DEL OCUPANTE IRREGULAR":"JOHN CLYDE WISEMAN Y COP","ID-OCUPACION":"31-slv-zf","ID - Actualizado":153,"ZONA":"SLV","X":602785.6622,"Y":2662192.85,"TIPO DE USO":"General","ZF":636.5365,"TGM":null,"TOTAL":636.5365,"TIPO DE USO APLICABLE":80.99,"TARIFA ANUAL":51553.091135000002,"IMPORTE BIMESTRAL":8592.1818558333307,"DEBE DESDE":null,"DEBE HASTA":null,"OBSERVACIONES":null},"geometry":{"type":"MultiPolygon","coordinates":[[[[602769.174276900594123,2662205.158286632038653],[602789.03493661864195,2662210.074891142547131],[602801.515092000016011,2662184.540794000960886],[602802.717825987958349,2662180.961894254200161],[602782.973258999874815,2662176.931063999887556],[602780.420974283944815,2662182.152022216934711],[602775.252762699266896,2662192.724125151988119],[602774.095491417218,2662195.091441373806447],[602773.845363427419215,2662195.603103640023619],[602769.174276900594123,2662205.158286632038653]]]]}},
{"type":"Feature","properties":{"fid":456,"Clave":"ZFMT-174-157-23","ID":101,"NOMBRE DEL OCUPANTE IRREGULAR":"TERRENO EL TESO S. DE R.L. DE C.V.","ID-OCUPACION":"35-slv-zf","ID - Actualizado":157,"ZONA":"SLV","X":602777.9226,"Y":2662052.86,"TIPO DE USO":"General","ZF":493.2732,"TGM":null,"TOTAL":493.2732,"TIPO DE USO APLICABLE":80.99,"TARIFA ANUAL":39950.196468000002,"IMPORTE BIMESTRAL":6658.366078,"DEBE DESDE":null,"DEBE HASTA":null,"OBSERVACIONES":null},"geometry":{"type":"MultiPolygon","coordinates":[[[[602772.446490417351015,2662065.186676368117332],[602793.258031632984057,2662062.759771203156561],[602782.879343,2662039.442832],[602762.777086999849416,2662043.463229999877512],[602772.446490417351015,2662065.186676368117332]]]]}},
{"type":"Feature","properties":{"fid":457,"Clave":"ZFMT-174-159-23","ID":103,"NOMBRE DEL OCUPANTE IRREGULAR":"CROSSLING FILMS LTD","ID-OCUPACION":"37-slv-zf","ID - Actualizado":159,"ZONA":"SLV","X":602758.7691,"Y":2661807.711,"TIPO DE USO":"General","ZF":596.9167,"TGM":null,"TOTAL":596.9167,"TIPO DE USO APLICABLE":80.99,"TARIFA ANUAL":48344.283533000002,"IMPORTE BIMESTRAL":8057.38058883333,"DEBE DESDE":null,"DEBE HASTA":null,"OBSERVACIONES":null},"geometry":{"type":"MultiPolygon","coordinates":[[[[602745.29008369660005,2661794.117811087053269],[602747.618270999984816,2661809.37958],[602752.714358999975957,2661822.862913],[602772.573452942655422,2661819.900027910247445],[602771.863704000017606,2661816.958806000184268],[602767.071399,2661804.279228],[602765.075482611893676,2661791.203350879251957],[602745.29008369660005,2661794.117811087053269]]]]}},
{"type":"Feature","properties":{"fid":458,"Clave":"ZFMT-174-160-23","ID":104,"NOMBRE DEL OCUPANTE IRREGULAR":"VIZCAINO ESTRADA ALEJANDRO","ID-OCUPACION":"38-slv-zf","ID - Actualizado":160,"ZONA":"SLV","X":602729.1516,"Y":2661638.115,"TIPO DE USO":"General","ZF":754.6952,"TGM":null,"TOTAL":754.6952,"TIPO DE USO APLICABLE":80.99,"TARIFA ANUAL":61122.764248,"IMPORTE BIMESTRAL":10187.127374666699,"DEBE DESDE":null,"DEBE HASTA":null,"OBSERVACIONES":null},"geometry":{"type":"MultiPolygon","coordinates":[[[[602721.970616230391897,2661657.384937322232872],[602741.571465520421043,2661653.135390951763839],[602736.527163142804056,2661616.976216634735465],[602716.593312426586635,2661618.838699419051409],[602721.970616230391897,2661657.384937322232872]]]]}},
{"type":"Feature","properties":{"fid":459,"Clave":"ZFMT-174-161-23","ID":105,"NOMBRE DEL OCUPANTE IRREGULAR":"CARLOS COLLADO GARCIA","ID-OCUPACION":"39-slv-zf","ID - Actualizado":161,"ZONA":"SLV","X":602725.3391,"Y":2661610.102,"TIPO DE USO":"General","ZF":327.3372,"TGM":null,"TOTAL":327.3372,"TIPO DE USO APLICABLE":80.99,"TARIFA ANUAL":26511.039828000001,"IMPORTE BIMESTRAL":4418.506638,"DEBE DESDE":null,"DEBE HASTA":null,"OBSERVACIONES":null},"geometry":{"type":"MultiPolygon","coordinates":[[[[602716.593312426586635,2661618.838699419051409],[602736.527163142804056,2661616.976216634735465],[602735.885114999953657,2661612.373809999786317],[602734.461007120436989,2661600.377140244003385],[602714.628650765982457,2661602.972300972323865],[602716.048671000055037,2661614.934535],[602716.593312426586635,2661618.838699419051409]]]]}},
{"type":"Feature","properties":{"fid":460,"Clave":"ZFMT-174-162-23","ID":106,"NOMBRE DEL OCUPANTE IRREGULAR":"JEROME RAYMOND HOFFMANN","ID-OCUPACION":"40-slv-zf","ID - Actualizado":162,"ZONA":"SLV","X":602720.0635,"Y":2661567.055,"TIPO DE USO":"General","ZF":492.8934,"TGM":null,"TOTAL":492.8934,"TIPO DE USO APLICABLE":80.99,"TARIFA ANUAL":39919.436466,"IMPORTE BIMESTRAL":6653.239411,"DEBE DESDE":null,"DEBE HASTA":null,"OBSERVACIONES":null},"geometry":{"type":"MultiPolygon","coordinates":[[[[602712.022573126363568,2661581.018733199220151],[602731.816270465147682,2661578.097906445153058],[602730.17931299994234,2661564.308193999808282],[602730.818406952079386,2661554.92387907160446],[602710.754321931744926,2661555.184648359194398],[602710.098682999843732,2661564.811904999893159],[602712.022573126363568,2661581.018733199220151]]]]}},
{"type":"Feature","properties":{"fid":461,"Clave":"ZFMT-174-163-23","ID":107,"NOMBRE DEL OCUPANTE IRREGULAR":"LA VENTANA CK A C","ID-OCUPACION":"41-slv-zf","ID - Actualizado":163,"ZONA":"SLV","X":602721.1119,"Y":2661544.24,"TIPO DE USO":"General","ZF":458.5863,"TGM":null,"TOTAL":458.5863,"TIPO DE USO APLICABLE":80.99,"TARIFA ANUAL":37140.904436999997,"IMPORTE BIMESTRAL":6190.1507395,"DEBE DESDE":null,"DEBE HASTA":null,"OBSERVACIONES":null},"geometry":{"type":"MultiPolygon","coordinates":[[[[602710.754321931744926,2661555.184648359194398],[602730.818406952079386,2661554.92387907160446],[602732.346849300549366,2661532.480568039231002],[602712.340062582399696,2661531.899984397925436],[602711.804182,2661539.768736000172794],[602710.754321931744926,2661555.184648359194398]]]]}},
{"type":"Feature","properties":{"fid":462,"Clave":"ZFMT-174-168-23","ID":110,"NOMBRE DEL OCUPANTE IRREGULAR":"CONTRERAS GUTIERREZ LUCIO Y COP.","ID-OCUPACION":"44-slv-zf","ID - Actualizado":168,"ZONA":"SLV","X":602738.4992,"Y":2661260.904,"TIPO DE USO":"General","ZF":608.3473,"TGM":null,"TOTAL":608.3473,"TIPO DE USO APLICABLE":80.99,"TARIFA ANUAL":49270.047827000002,"IMPORTE BIMESTRAL":8211.6746378333301,"DEBE DESDE":null,"DEBE HASTA":null,"OBSERVACIONES":null},"geometry":{"type":"MultiPolygon","coordinates":[[[[602729.806100981775671,2661277.621828475035727],[602749.776932851411402,2661276.526147900614887],[602747.815502861165442,2661245.976076270453632],[602727.871837954153307,2661247.494899251498282],[602729.806100981775671,2661277.621828475035727]]]]}},
{"type":"Feature","properties":{"fid":463,"Clave":"ZFMT-174-169-23","ID":111,"NOMBRE DEL OCUPANTE IRREGULAR":"JILL ELIZABETH Y COP STEVENS","ID-OCUPACION":"45-slv-zf","ID - Actualizado":169,"ZONA":"SLV","X":602737.3132,"Y":2661225.404,"TIPO DE USO":"General","ZF":151.5879,"TGM":null,"TOTAL":151.5879,"TIPO DE USO APLICABLE":80.99,"TARIFA ANUAL":12277.104021,"IMPORTE BIMESTRAL":2046.1840035,"DEBE DESDE":null,"DEBE HASTA":null,"OBSERVACIONES":null},"geometry":{"type":"MultiPolygon","coordinates":[[[[602726.711415000027046,2661229.42084199981764],[602746.802735000033863,2661230.201804],[602747.718586378847249,2661223.787215757183731],[602727.93699676124379,2661220.836914909537882],[602726.711415000027046,2661229.42084199981764]]]]}},
{"type":"Feature","properties":{"fid":464,"Clave":"ZFMT-174-170-23","ID":112,"NOMBRE DEL OCUPANTE IRREGULAR":"JUAN ALBERTO FEDERICO Y COPS VALDIVIA ALVARADO","ID-OCUPACION":"46-slv-zf","ID - Actualizado":170,"ZONA":"SLV","X":602743.5356,"Y":2661183.361,"TIPO DE USO":"General","ZF":497.5398,"TGM":null,"TOTAL":497.5398,"TIPO DE USO APLICABLE":80.99,"TARIFA ANUAL":40295.748401999997,"IMPORTE BIMESTRAL":6715.958067,"DEBE DESDE":null,"DEBE HASTA":null,"OBSERVACIONES":null},"geometry":{"type":"MultiPolygon","coordinates":[[[[602736.012476708274335,2661170.120462024584413],[602734.003979000146501,2661178.344006999861449],[602731.540796085027978,2661195.075620603747666],[602751.366540211136453,2661198.188753979280591],[602753.664948,2661182.139125001151115],[602755.626617461326532,2661174.32139810314402],[602736.012476708274335,2661170.120462024584413]]]]}},
{"type":"Feature","properties":{"fid":465,"Clave":"ZFMT-174-171-23","ID":113,"NOMBRE DEL OCUPANTE IRREGULAR":"NULL","ID-OCUPACION":"47-slv-zf","ID - Actualizado":171,"ZONA":"SLV","X":602803.7483,"Y":2661020.426,"TIPO DE USO":"General","ZF":516.5601,"TGM":null,"TOTAL":516.5601,"TIPO DE USO APLICABLE":80.99,"TARIFA ANUAL":41836.202499,"IMPORTE BIMESTRAL":6972.7004164999998,"DEBE DESDE":null,"DEBE HASTA":null,"OBSERVACIONES":null},"geometry":{"type":"MultiPolygon","coordinates":[[[[602786.553668191190809,2661030.286851158831269],[602809.11275631620083,2661031.049240185879171],[602814.64153400005307,2661021.298603999894112],[602822.62898966181092,2661006.937900545075536],[602798.357469191541895,2661009.429904636926949],[602786.553668191190809,2661030.286851158831269]]]]}},
{"type":"Feature","properties":{"fid":466,"Clave":"ZFMT-189-172-23","ID":114,"NOMBRE DEL OCUPANTE IRREGULAR":"JOAQUIN ESTEBAN LEON AVILES","ID-OCUPACION":"48-slv-zf","ID - Actualizado":172,"ZONA":"SLV","X":602846.9503,"Y":2660927.697,"TIPO DE USO":"General","ZF":789.3103,"TGM":null,"TOTAL":789.3103,"TIPO DE USO APLICABLE":80.99,"TARIFA ANUAL":63926.241197000003,"IMPORTE BIMESTRAL":10654.3735328333,"DEBE DESDE":null,"DEBE HASTA":null,"OBSERVACIONES":null},"geometry":{"type":"MultiPolygon","coordinates":[[[[602832.51723165914882,2660945.043181668967009],[602852.063493181020021,2660949.483360523357987],[602856.028302000020631,2660933.681665],[602861.089325306820683,2660911.209457532502711],[602841.632501792395487,2660906.573289330583066],[602836.735017564380541,2660928.319399430882186],[602834.725217393948697,2660936.404298712965101],[602832.51723165914882,2660945.043181668967009]]]]}},
{"type":"Feature","properties":{"fid":467,"Clave":"ZFMT-189-193-23","ID":135,"NOMBRE DEL OCUPANTE IRREGULAR":"AVILES AVILES GILBERTO","ID-OCUPACION":"58-slv-zf","ID - Actualizado":193,"ZONA":"SLV","X":602850.512,"Y":2660034.769,"TIPO DE USO":"General","ZF":504.6761,"TGM":null,"TOTAL":504.6761,"TIPO DE USO APLICABLE":80.99,"TARIFA ANUAL":40873.717339000003,"IMPORTE BIMESTRAL":6812.2862231666704,"DEBE DESDE":null,"DEBE HASTA":null,"OBSERVACIONES":null},"geometry":{"type":"MultiPolygon","coordinates":[[[[602842.352760323090479,2660018.526629301253706],[602839.216092120041139,2660045.405622007325292],[602859.09813666169066,2660047.579432009253651],[602861.807985558174551,2660024.357973006553948],[602842.352760323090479,2660018.526629301253706]]]]}},
{"type":"Feature","properties":{"fid":468,"Clave":"ZFMT-189-194-23","ID":136,"NOMBRE DEL OCUPANTE IRREGULAR":"DAVID GERALD MITCHELL LAMAS","ID-OCUPACION":"59-slv-zf","ID - Actualizado":194,"ZONA":"SLV","X":602859.3772,"Y":2659997.083,"TIPO DE USO":"General","ZF":576.5679,"TGM":null,"TOTAL":576.5679,"TIPO DE USO APLICABLE":80.99,"TARIFA ANUAL":46696.234221,"IMPORTE BIMESTRAL":7782.7057034999998,"DEBE DESDE":null,"DEBE HASTA":null,"OBSERVACIONES":null},"geometry":{"type":"MultiPolygon","coordinates":[[[[602843.609302000142634,2660007.758969999849796],[602863.076,2660013.492],[602875.583475087070838,2659988.032860467210412],[602856.518307406804524,2659981.49663765495643],[602852.932859290507622,2659988.780739984940737],[602843.88314126781188,2660007.20156637718901],[602843.609302000142634,2660007.758969999849796]]]]}},
{"type":"Feature","properties":{"fid":469,"Clave":"ZFMT-189-227-23","ID":169,"NOMBRE DEL OCUPANTE IRREGULAR":"GUADALUPE","ID-OCUPACION":"69-slv-zf","ID - Actualizado":227,"ZONA":"SLV","X":603892.2872,"Y":2659051.52,"TIPO DE USO":"Protección","ZF":606.9614,"TGM":null,"TOTAL":606.9614,"TIPO DE USO APLICABLE":28.19,"TARIFA ANUAL":17110.241866,"IMPORTE BIMESTRAL":2851.7069776666699,"DEBE DESDE":null,"DEBE HASTA":null,"OBSERVACIONES":null},"geometry":{"type":"MultiPolygon","coordinates":[[[[603881.457440461032093,2659065.777116847224534],[603910.664342955569737,2659056.362843861337751],[603903.872366028954275,2659037.538805135525763],[603875.340816717012785,2659046.735391271300614],[603881.457440461032093,2659065.777116847224534]]]]}},
{"type":"Feature","properties":{"fid":470,"Clave":"ZFMT-189-228-23","ID":170,"NOMBRE DEL OCUPANTE IRREGULAR":"SOCIEDAD MERCANTIL QUERCUS LA PAZ S.A. PROMOTORA DE INVERSION DE C.V.","ID-OCUPACION":"70-slv-zf","ID - Actualizado":228,"ZONA":"SLV","X":604033.133,"Y":2658999.184,"TIPO DE USO":"General","ZF":566.4202,"TGM":null,"TOTAL":566.4202,"TIPO DE USO APLICABLE":80.99,"TARIFA ANUAL":45874.371998000002,"IMPORTE BIMESTRAL":7645.7286663333298,"DEBE DESDE":null,"DEBE HASTA":null,"OBSERVACIONES":null},"geometry":{"type":"MultiPolygon","coordinates":[[[[604043.823521280428395,2658984.850829666946083],[604037.039641000097618,2658986.938930000178516],[604022.00625500024762,2658992.500076999887824],[604017.699599020183086,2658995.448364583775401],[604024.679191454779357,2659014.907884983345866],[604031.263999999850057,2659010.4],[604043.458246,2659005.889107],[604050.419913256773725,2659003.744355683214962],[604043.823521280428395,2658984.850829666946083]]]]}},
{"type":"Feature","properties":{"fid":471,"Clave":"ZFMT-189-229-23","ID":171,"NOMBRE DEL OCUPANTE IRREGULAR":"DESARROLLADORA SAN JAVIER S.A. DE C.V.","ID-OCUPACION":"71-slv-zf","ID - Actualizado":229,"ZONA":"SLV","X":604262.82,"Y":2658927.427,"TIPO DE USO":"Protección","ZF":1845.4471,"TGM":null,"TOTAL":1845.4471,"TIPO DE USO APLICABLE":28.19,"TARIFA ANUAL":52023.153748999997,"IMPORTE BIMESTRAL":8670.5256248333299,"DEBE DESDE":null,"DEBE HASTA":null,"OBSERVACIONES":null},"geometry":{"type":"MultiPolygon","coordinates":[[[[604216.076062092208304,2658930.923832953907549],[604222.801976101007313,2658949.762138476129621],[604229.159027000074275,2658947.367715001106262],[604276.100265000015497,2658934.322025000117719],[604311.953831850900315,2658928.3925735889934],[604305.883654002915137,2658909.124797866679728],[604271.778562000021338,2658914.765087],[604247.361380000365898,2658921.550996500067413],[604222.944198000011966,2658928.336906],[604216.076062092208304,2658930.923832953907549]]]]}},
{"type":"Feature","properties":{"fid":472,"Clave":"ZFMT-190-230-23","ID":172,"NOMBRE DEL OCUPANTE IRREGULAR":"DESARROLLO INMOBILIARIO EL SARGENTO S.A. DE C.V.","ID-OCUPACION":"72-slv-zf","ID - Actualizado":230,"ZONA":"SLV","X":608761.739,"Y":2657794.259,"TIPO DE USO":"Protección","ZF":15746.0663,"TGM":null,"TOTAL":15746.0663,"TIPO DE USO APLICABLE":28.19,"TARIFA ANUAL":443881.60899699997,"IMPORTE BIMESTRAL":73980.268166166701,"DEBE DESDE":null,"DEBE HASTA":null,"OBSERVACIONES":null},"geometry":{"type":"MultiPolygon","coordinates":[[[[608941.411109999986365,2657817.498484],[608915.445320000057109,2657814.909258],[608891.736703000031412,2657804.598644],[608845.416609000065364,2657789.410921],[608803.624528000131249,2657779.639459],[608765.093,2657753.015000000130385],[608734.498999999952503,2657740.918],[608731.285000000032596,2657740.779],[608708.26,2657774.301],[608673.719000000040978,2657799.839999999850988],[608623.310000000055879,2657818.241],[608572.032,2657831.205],[608571.412999999942258,2657843.123999999836087],[608608.832999999984168,2657849.095000000204891],[608621.167449999949895,2657849.631074000149965],[608632.561697999946773,2657846.796225001104176],[608679.693168999976479,2657834.338817],[608726.824639,2657821.881409000139683],[608775.518167000147514,2657823.370463000144809],[608824.237755,2657825.092178001068532],[608872.837985,2657828.033406999893486],[608920.966876000049524,2657835.790492999833077],[608938.232203515945002,2657838.573200326412916],[608968.404952333541587,2657843.436237692367285],[608973.580431000096723,2657824.012283001095057],[608976.017162849660963,2657817.367700646165758],[608956.516132000018843,2657812.455488999839872],[608941.411109999986365,2657817.498484]]]]}},
{"type":"Feature","properties":{"fid":473,"Clave":"ZFMT-174-144-23","ID":88,"NOMBRE DEL OCUPANTE IRREGULAR":"JAIME MURILLO AISPURO","ID-OCUPACION":"23-slv-zf","ID - Actualizado":144,"ZONA":"SLV","X":602698.5664,"Y":2662581.36,"TIPO DE USO":"General","ZF":551.6859,"TGM":null,"TOTAL":551.6859,"TIPO DE USO APLICABLE":80.99,"TARIFA ANUAL":44681.041040999997,"IMPORTE BIMESTRAL":7446.8401734999998,"DEBE DESDE":null,"DEBE HASTA":null,"OBSERVACIONES":null},"geometry":{"type":"MultiPolygon","coordinates":[[[[602686.092961904592812,2662593.661278877872974],[602705.934,2662596.178000000771135],[602714.339369784109294,2662570.333927937783301],[602694.394988116226159,2662566.992271076422185],[602691.94589872774668,2662574.522524424362928],[602689.671552769257687,2662581.515491401776671],[602686.334655000013299,2662591.775502998847514],[602686.092961904592812,2662593.661278877872974]]]]}},
{"type":"Feature","properties":{"fid":474,"Clave":"ZFMT-118-59-23","ID":3,"NOMBRE DEL OCUPANTE IRREGULAR":"ANDREA LAREZDANIA MORALES ULLOA","ID-OCUPACION":"3-tec-zf y 3-tec-tgm","ID - Actualizado":59,"ZONA":"TEC","X":569450.3446,"Y":2691647.623,"TIPO DE USO":"General","ZF":322.53,"TGM":214.916,"TOTAL":537.446,"TIPO DE USO APLICABLE":80.99,"TARIFA ANUAL":43527.75154,"IMPORTE BIMESTRAL":7254.6252566666699,"DEBE DESDE":null,"DEBE HASTA":null,"OBSERVACIONES":null},"geometry":{"type":"MultiPolygon","coordinates":[[[[569466.355305782170035,2691629.524652968160808],[569456.567696582409553,2691628.159451325889677],[569435.438869650359266,2691626.163767416030169],[569433.396490878658369,2691626.098268033005297],[569432.057154324138537,2691640.301464982330799],[569430.179336478817277,2691660.215068179182708],[569446.731157999951392,2691661.543312999885529],[569461.084757082746364,2691664.228135962039232],[569464.089552464545704,2691644.44331442238763],[569466.355305782170035,2691629.524652968160808]]]]}},
{"type":"Feature","properties":{"fid":475,"Clave":"ZFMT-118-57-23","ID":1,"NOMBRE DEL OCUPANTE IRREGULAR":"PERALTA TIRADO LUIS OCTAVIO","ID-OCUPACION":"1-tec-zf y 1-tec-tgm","ID - Actualizado":57,"ZONA":"TEC","X":568790.0118,"Y":2691586.177,"TIPO DE USO":"General","ZF":1476.0045,"TGM":834.4703,"TOTAL":2310.4748,"TIPO DE USO APLICABLE":80.99,"TARIFA ANUAL":187125.35405200001,"IMPORTE BIMESTRAL":31187.5590086667,"DEBE DESDE":null,"DEBE HASTA":null,"OBSERVACIONES":null},"geometry":{"type":"MultiPolygon","coordinates":[[[[568830.494669827632606,2691570.876042658928782],[568823.621192669845186,2691569.996799081098288],[568795.732482594787143,2691567.048747103195637],[568778.269987303414382,2691565.265734765212983],[568758.241650078329258,2691563.079551875125617],[568756.01279701909516,2691573.561789842322469],[568751.840933304047212,2691593.129152807872742],[568790.378985999966972,2691600.274201999884099],[568814.338272999972105,2691598.977026000153273],[568825.172496355953626,2691599.862281432840973],[568828.764342528535053,2691580.089115139562637],[568830.494669827632606,2691570.876042658928782]]]]}},
{"type":"Feature","properties":{"fid":476,"Clave":"ZFMT-118-58-23","ID":2,"NOMBRE DEL OCUPANTE IRREGULAR":"GARCIA ALARGON MARIA DEL ROSARIO","ID-OCUPACION":"2-tec-zf y 2-tec-tgm","ID - Actualizado":58,"ZONA":"TEC","X":569368.5813,"Y":2691642.052,"TIPO DE USO":"General","ZF":2383.534,"TGM":1221.8648,"TOTAL":3605.3988,"TIPO DE USO APLICABLE":80.99,"TARIFA ANUAL":292001.24881199998,"IMPORTE BIMESTRAL":48666.874801999998,"DEBE DESDE":null,"DEBE HASTA":null,"OBSERVACIONES":null},"geometry":{"type":"MultiPolygon","coordinates":[[[[569433.396490878658369,2691626.098268033005297],[569410.612445891136304,2691625.367580408230424],[569390.372685225331225,2691623.580000007059425],[569374.631650007097051,2691623.969482522923499],[569365.597516319714487,2691622.972894236911088],[569346.703511002357118,2691624.198381097055972],[569338.393543996382505,2691621.740228103939444],[569328.986057520727627,2691622.891733815893531],[569319.935296488692984,2691621.75946290185675],[569312.809299999964423,2691621.404999999795109],[569312.809299999964423,2691626.3295],[569312.915400000056252,2691646.6091],[569331.825029000057839,2691649.480655],[569378.265540999942459,2691654.973677999805659],[569418.008161999983713,2691659.238359999842942],[569430.179336478817277,2691660.215068179182708],[569432.057154324138537,2691640.301464982330799],[569433.396490878658369,2691626.098268033005297]]]]}},
{"type":"Feature","properties":{"fid":477,"Clave":"ZFMT-268-468-23","ID":396,"NOMBRE DEL OCUPANTE IRREGULAR":"PHILLIP EDWARD KNAPP JR","ID-OCUPACION":"1-tst-zf","ID - Actualizado":468,"ZONA":"TST","X":582520.2118,"Y":2583139.731,"TIPO DE USO":"General","ZF":100.8395,"TGM":null,"TOTAL":100.8395,"TIPO DE USO APLICABLE":80.99,"TARIFA ANUAL":8166.991105,"IMPORTE BIMESTRAL":1361.1651841666701,"DEBE DESDE":null,"DEBE HASTA":null,"OBSERVACIONES":null},"geometry":{"type":"MultiPolygon","coordinates":[[[[582530.626098480541259,2583141.107770044356585],[582511.998547157039866,2583133.722670486196876],[582510.474495127098635,2583136.967310696840286],[582509.872413961682469,2583138.249115201178938],[582528.467758546816185,2583145.702781505417079],[582530.626098480541259,2583141.107770044356585]]]]}},
{"type":"Feature","properties":{"fid":478,"Clave":"ZFMT-268-467-23","ID":397,"NOMBRE DEL OCUPANTE IRREGULAR":"NULL","ID-OCUPACION":"2-tst-zf","ID - Actualizado":467,"ZONA":"TST","X":582173.4221,"Y":2583707.027,"TIPO DE USO":"General","ZF":1305.4151,"TGM":null,"TOTAL":1305.4151,"TIPO DE USO APLICABLE":80.99,"TARIFA ANUAL":105725.56894899999,"IMPORTE BIMESTRAL":17620.928158166698,"DEBE DESDE":null,"DEBE HASTA":null,"OBSERVACIONES":null},"geometry":{"type":"MultiPolygon","coordinates":[[[[582193.344996416242793,2583683.023946137167513],[582176.01,2583673.001999999862164],[582164.937999999849126,2583694.493999999482185],[582156.470999999553896,2583736.177000000141561],[582175.364222244592384,2583743.636413441505283],[582183.986211344599724,2583701.190402852836996],[582193.344996416242793,2583683.023946137167513]]]]}},
{"type":"Feature","properties":{"fid":479,"Clave":"ZFMT-268-466-23","ID":398,"NOMBRE DEL OCUPANTE IRREGULAR":"COMPANIA GORE RANGE S A DE C V","ID-OCUPACION":"3-tst-zf","ID - Actualizado":466,"ZONA":"TST","X":582108.7991,"Y":2583844.504,"TIPO DE USO":"Protección","ZF":900.1759,"TGM":null,"TOTAL":900.1759,"TIPO DE USO APLICABLE":28.19,"TARIFA ANUAL":25375.958621000002,"IMPORTE BIMESTRAL":4229.3264368333303,"DEBE DESDE":null,"DEBE HASTA":null,"OBSERVACIONES":null},"geometry":{"type":"MultiPolygon","coordinates":[[[[582126.862933354917914,2583828.880564142949879],[582108.846672161016613,2583820.069551357533783],[582100.461000000592321,2583841.034],[582089.024109723977745,2583859.904078748542815],[582106.715731254545972,2583869.300506598316133],[582118.418701042653993,2583849.99141503777355],[582126.862933354917914,2583828.880564142949879]]]]}},
{"type":"Feature","properties":{"fid":480,"Clave":"ZFMT-268-465-23","ID":399,"NOMBRE DEL OCUPANTE IRREGULAR":"DON ALBERT DOOLEY Y COP","ID-OCUPACION":"4-tst-zf","ID - Actualizado":465,"ZONA":"TST","X":582023.3141,"Y":2583994.854,"TIPO DE USO":"Protección","ZF":643.257,"TGM":null,"TOTAL":643.257,"TIPO DE USO APLICABLE":28.19,"TARIFA ANUAL":18133.41483,"IMPORTE BIMESTRAL":3022.235805,"DEBE DESDE":null,"DEBE HASTA":null,"OBSERVACIONES":null},"geometry":{"type":"MultiPolygon","coordinates":[[[[582041.821939176530577,2583987.188418147154152],[582024.172649909276515,2583977.767349510453641],[582022.306999999796972,2583981.060000000521541],[582003.851167768822052,2584000.746305009815842],[582020.173998578218743,2584012.577560532372445],[582038.530798624851741,2583992.996890302747488],[582041.821939176530577,2583987.188418147154152]]]]}},
{"type":"Feature","properties":{"fid":481,"Clave":"ZFMT-268-464-23","ID":400,"NOMBRE DEL OCUPANTE IRREGULAR":"GREGORY JAMES MC CORD Y COP","ID-OCUPACION":"5-tst-zf","ID - Actualizado":464,"ZONA":"TST","X":581983.8031,"Y":2584064.337,"TIPO DE USO":"General","ZF":130.2222,"TGM":null,"TOTAL":130.2222,"TIPO DE USO APLICABLE":80.99,"TARIFA ANUAL":10546.695978,"IMPORTE BIMESTRAL":1757.782663,"DEBE DESDE":null,"DEBE HASTA":null,"OBSERVACIONES":null},"geometry":{"type":"MultiPolygon","coordinates":[[[[581994.099599838955328,2584067.048689202871174],[581977.157842491054907,2584056.345887518953532],[581973.349815103574656,2584061.61213897773996],[581990.281988787814043,2584072.328194238245487],[581994.099599838955328,2584067.048689202871174]]]]}},
{"type":"Feature","properties":{"fid":482,"Clave":"ZFMT-268-463-23","ID":401,"NOMBRE DEL OCUPANTE IRREGULAR":"LOUIS RICHARD LAMBERT","ID-OCUPACION":"6-tst-zf","ID - Actualizado":463,"ZONA":"TST","X":581957.5461,"Y":2584100.966,"TIPO DE USO":"General","ZF":235.2142,"TGM":null,"TOTAL":235.2142,"TIPO DE USO APLICABLE":80.99,"TARIFA ANUAL":19049.998058000001,"IMPORTE BIMESTRAL":3174.9996763333302,"DEBE DESDE":null,"DEBE HASTA":null,"OBSERVACIONES":null},"geometry":{"type":"MultiPolygon","coordinates":[[[[581968.82341004582122,2584102.003997508902103],[581953.086578991729766,2584089.634861996397376],[581948.710999998962507,2584095.685999999754131],[581946.309002666152082,2584099.117412217892706],[581961.946191717637703,2584111.654440000653267],[581965.007681406801566,2584107.280899290461093],[581968.82341004582122,2584102.003997508902103]]]]}},
{"type":"Feature","properties":{"fid":483,"Clave":"ZFMT-268-462-23","ID":402,"NOMBRE DEL OCUPANTE IRREGULAR":"ROSS JAMES VAIL MUELLER","ID-OCUPACION":"7-tst-zf","ID - Actualizado":462,"ZONA":"TST","X":581890.1841,"Y":2584188.979,"TIPO DE USO":"General","ZF":1123.1968,"TGM":null,"TOTAL":1123.1968,"TIPO DE USO APLICABLE":80.99,"TARIFA ANUAL":90967.708832000004,"IMPORTE BIMESTRAL":15161.2848053333,"DEBE DESDE":null,"DEBE HASTA":null,"OBSERVACIONES":null},"geometry":{"type":"MultiPolygon","coordinates":[[[[581917.785465693799779,2584172.208955463953316],[581899.309837577864528,2584163.424903564155102],[581895.306000000215136,2584168.62999999942258],[581864.044000000343658,2584202.497],[581878.172097049886361,2584216.677628390025347],[581910.611109422519803,2584181.535811393987387],[581917.785465693799779,2584172.208955463953316]]]]}},
{"type":"Feature","properties":{"fid":484,"Clave":"ZFMT-268-461-23","ID":403,"NOMBRE DEL OCUPANTE IRREGULAR":"HAGASE SAN PEDRITO S DE RL CV","ID-OCUPACION":"8-tst-zf","ID - Actualizado":461,"ZONA":"TST","X":581485.8094,"Y":2584463.631,"TIPO DE USO":"General","ZF":1422.4153,"TGM":null,"TOTAL":1422.4153,"TIPO DE USO APLICABLE":80.99,"TARIFA ANUAL":115201.41514700001,"IMPORTE BIMESTRAL":19200.235857833301,"DEBE DESDE":null,"DEBE HASTA":null,"OBSERVACIONES":null},"geometry":{"type":"MultiPolygon","coordinates":[[[[581524.852202279609628,2584464.91280202427879],[581515.243363773217425,2584446.401877796277404],[581490.892000000108965,2584451.117],[581448.4969999990426,2584462.386000000406057],[581453.377620524261147,2584481.783173763658851],[581495.367125487886369,2584470.621958257164806],[581524.852202279609628,2584464.91280202427879]]]]}},
{"type":"Feature","properties":{"fid":485,"Clave":"ZFMT-260-460-23","ID":404,"NOMBRE DEL OCUPANTE IRREGULAR":"VELASCO SCHLAMME PAULINA GUTIERREZ DE","ID-OCUPACION":"9-tst-zf","ID - Actualizado":460,"ZONA":"TST","X":573991.089,"Y":2597750.693,"TIPO DE USO":"General","ZF":3309.3511,"TGM":null,"TOTAL":3309.3511,"TIPO DE USO APLICABLE":80.99,"TARIFA ANUAL":268024.34558899998,"IMPORTE BIMESTRAL":44670.724264833298,"DEBE DESDE":null,"DEBE HASTA":null,"OBSERVACIONES":null},"geometry":{"type":"MultiPolygon","coordinates":[[[[574059.819659200962633,2597700.553835476748645],[574042.943409495288506,2597689.041031797882169],[574013.801999999443069,2597717.123000001069158],[573980.280999998562038,2597745.024999999441206],[573945.654000000446104,2597778.289000000339001],[573921.679117497755215,2597802.376114907674491],[573939.524044661666267,2597812.798202597536147],[573959.671031102072448,2597792.556903087999672],[573993.623080996447243,2597759.94128557248041],[574027.156098611536436,2597732.029282426461577],[574059.819659200962633,2597700.553835476748645]]]]}},
{"type":"Feature","properties":{"fid":486,"Clave":"ZFMT-260-459-23","ID":405,"NOMBRE DEL OCUPANTE IRREGULAR":"NULL","ID-OCUPACION":"10-tst-zf","ID - Actualizado":459,"ZONA":"TST","X":573922.122,"Y":2597815.772,"TIPO DE USO":"General","ZF":453.2202,"TGM":null,"TOTAL":453.2202,"TIPO DE USO APLICABLE":80.99,"TARIFA ANUAL":36706.303998000003,"IMPORTE BIMESTRAL":6117.717333,"DEBE DESDE":null,"DEBE HASTA":null,"OBSERVACIONES":null},"geometry":{"type":"MultiPolygon","coordinates":[[[[573939.524044661666267,2597812.798202597536147],[573921.679117497755215,2597802.376114907674491],[573910.406999999890104,2597813.701000000350177],[573906.180890666204505,2597818.698336501605809],[573923.605139726307243,2597829.067112966906279],[573925.154464084887877,2597827.235050765331835],[573939.524044661666267,2597812.798202597536147]]]]}},
{"type":"Feature","properties":{"fid":487,"Clave":"ZFMT-260-458-23","ID":406,"NOMBRE DEL OCUPANTE IRREGULAR":"STEPHEN ALAN MERRILL","ID-OCUPACION":"11-tst-zf","ID - Actualizado":458,"ZONA":"TST","X":573895.4338,"Y":2597847.105,"TIPO DE USO":"Protección","ZF":1217.8437,"TGM":null,"TOTAL":1217.8437,"TIPO DE USO APLICABLE":28.19,"TARIFA ANUAL":34331.013903,"IMPORTE BIMESTRAL":5721.8356505000002,"DEBE DESDE":null,"DEBE HASTA":null,"OBSERVACIONES":null},"geometry":{"type":"MultiPolygon","coordinates":[[[[573923.605139726307243,2597829.067112966906279],[573906.180890666204505,2597818.698336501605809],[573878.252000000560656,2597851.724],[573868.211670659366064,2597866.319885249715298],[573885.582503266516142,2597876.356655559036881],[573894.165900090243667,2597863.878750620409846],[573923.605139726307243,2597829.067112966906279]]]]}},
{"type":"Feature","properties":{"fid":488,"Clave":"ZFMT-260-457-23","ID":407,"NOMBRE DEL OCUPANTE IRREGULAR":"OLGA SANDIN ESCOBAR","ID-OCUPACION":"12-tst-zf","ID - Actualizado":457,"ZONA":"TST","X":573863.2967,"Y":2597892.574,"TIPO DE USO":"Protección","ZF":994.5932,"TGM":null,"TOTAL":994.5932,"TIPO DE USO APLICABLE":28.19,"TARIFA ANUAL":28037.582308000001,"IMPORTE BIMESTRAL":4672.9303846666699,"DEBE DESDE":null,"DEBE HASTA":null,"OBSERVACIONES":null},"geometry":{"type":"MultiPolygon","coordinates":[[[[573885.582503266516142,2597876.356655559036881],[573868.211670659366064,2597866.319885249715298],[573850.526000000187196,2597892.029999998863786],[573841.482524085091427,2597908.678944741841406],[573859.241347341681831,2597917.886174991261214],[573867.599223266355693,2597902.499412672128528],[573885.582503266516142,2597876.356655559036881]]]]}},
{"type":"Feature","properties":{"fid":489,"Clave":"ZFMT-260-456-23","ID":408,"NOMBRE DEL OCUPANTE IRREGULAR":"NULL","ID-OCUPACION":"13-tst-zf","ID - Actualizado":456,"ZONA":"TST","X":573837.8746,"Y":2597935.636,"TIPO DE USO":"General","ZF":988.953,"TGM":null,"TOTAL":988.953,"TIPO DE USO APLICABLE":80.99,"TARIFA ANUAL":80095.30347,"IMPORTE BIMESTRAL":13349.217245,"DEBE DESDE":null,"DEBE HASTA":null,"OBSERVACIONES":null},"geometry":{"type":"MultiPolygon","coordinates":[[[[573859.241347341681831,2597917.886174991261214],[573841.482524085091427,2597908.678944741841406],[573828.495999999344349,2597932.58699999935925],[573816.602994861546904,2597951.098733206279576],[573834.211682079010643,2597960.691832928452641],[573845.719859913224354,2597942.779092178680003],[573859.241347341681831,2597917.886174991261214]]]]}},
{"type":"Feature","properties":{"fid":490,"Clave":"ZFMT-260-455-23","ID":409,"NOMBRE DEL OCUPANTE IRREGULAR":"GRUPO INMOBILIARIO GLOBALARCHD S A DE C V","ID-OCUPACION":"14-tst-zf","ID - Actualizado":455,"ZONA":"TST","X":573782.6723,"Y":2598016.847,"TIPO DE USO":"Protección","ZF":605.3589,"TGM":null,"TOTAL":605.3589,"TIPO DE USO APLICABLE":28.19,"TARIFA ANUAL":17065.067391,"IMPORTE BIMESTRAL":2844.1778985000001,"DEBE DESDE":null,"DEBE HASTA":null,"OBSERVACIONES":null},"geometry":{"type":"MultiPolygon","coordinates":[[[[573800.488535066251643,2598009.665915693622082],[573782.842898639151827,2597999.919892112258822],[573774.759999999892898,2598011.006000000983477],[573764.918507474474609,2598024.336778889875859],[573782.626489113783464,2598034.024197295308113],[573790.885601278627291,2598022.83682934101671],[573800.488535066251643,2598009.665915693622082]]]]}},
{"type":"Feature","properties":{"fid":491,"Clave":"ZFMT-260-454-23","ID":410,"NOMBRE DEL OCUPANTE IRREGULAR":"LOS RANCHEROS PACIFICOS S DE R L DE C V","ID-OCUPACION":"15-tst-zf","ID - Actualizado":454,"ZONA":"TST","X":573726.9418,"Y":2598096.591,"TIPO DE USO":"General","ZF":796.2864,"TGM":null,"TOTAL":796.2864,"TIPO DE USO APLICABLE":80.99,"TARIFA ANUAL":64491.235536,"IMPORTE BIMESTRAL":10748.539256,"DEBE DESDE":null,"DEBE HASTA":null,"OBSERVACIONES":"SOLIICITUD - 09/KU-0054/12/18"},"geometry":{"type":"MultiPolygon","coordinates":[[[[573746.945504150236957,2598084.297600761987269],[573729.009498896310106,2598075.133772751782089],[573715.176000000210479,2598095.753999999724329],[573707.801619969890453,2598108.410188359674066],[573725.332308026496321,2598118.049784296192229],[573732.137639039894566,2598106.370219262782484],[573746.945504150236957,2598084.297600761987269]]]]}},
{"type":"Feature","properties":{"fid":492,"Clave":"ZFMT-260-453-23","ID":411,"NOMBRE DEL OCUPANTE IRREGULAR":"DOS BRIBONAS S DE R L DE C V","ID-OCUPACION":"16-tst-zf","ID - Actualizado":453,"ZONA":"TST","X":573637.3948,"Y":2598257.562,"TIPO DE USO":"General","ZF":701.0568,"TGM":null,"TOTAL":701.0568,"TIPO DE USO APLICABLE":80.99,"TARIFA ANUAL":56778.590232000002,"IMPORTE BIMESTRAL":9463.098372,"DEBE DESDE":null,"DEBE HASTA":null,"OBSERVACIONES":null},"geometry":{"type":"MultiPolygon","coordinates":[[[[573655.029285226599313,2598247.220968115609139],[573637.207236557616852,2598238.125841862987727],[573623.821000000229105,2598262.553000000771135],[573620.859099170193076,2598269.114963707979769],[573638.71411069878377,2598278.171736302319914],[573641.731806414783932,2598271.486161426175386],[573655.029285226599313,2598247.220968115609139]]]]}}
]
}
